Age,Attrition,BusinessTravel,DailyRate,Department,DistanceFromHome,Education,EducationField,EmployeeNumber,EnvironmentSatisfaction,Gender,HourlyRate,JobInvolvement,JobLevel,JobRole,JobSatisfaction,MaritalStatus,MonthlyIncome,MonthlyRate,NumCompaniesWorked,OverTime,PercentSalaryHike,PerformanceRating,RelationshipSatisfaction,StockOptionLevel,TotalWorkingYears,TrainingTimesLastYear,WorkLifeBalance,YearsAtCompany,YearsInCurrentRole,YearsSinceLastPromotion,YearsWithCurrManager
41,No,Travel_Rarely,642.0,Research & Development,1,3.0,Life Sciences,1999,4,Male,76.0,3.0,1.0,Research Scientist,4,Married,2782.0,21412.0,3,No,22.0,4.0,1.0,1.0,12,3.0,3,5,3.0,1.0,0.0
36,No,Travel_Rarely,559.0,Research & Development,12,4.0,Life Sciences,1614,3,Female,76.0,3.0,2.0,Manufacturing Director,3,Married,4663.0,12421.0,9,Yes,12.0,3.0,2.0,2.0,7,2.0,3,3,2.0,1.0,1.0
40,No,Travel_Rarely,1342.0,Sales,9,2.0,Medical,1548,1,Male,47.0,3.0,2.0,Sales Executive,1,Married,5473.0,19345.0,0,No,12.0,3.0,4.0,0.0,9,5.0,4,8,4.0,7.0,1.0
52,Yes,Travel_Rarely,723.0,Research & Development,8,4.0,Medical,433,3,Male,85.0,2.0,2.0,Research Scientist,2,Married,4941.0,17747.0,2,No,15.0,3.0,1.0,0.0,11,3.0,2,8,2.0,7.0,7.0
58,Yes,Travel_Frequently,781.0,Research & Development,2,1.0,Life Sciences,918,4,Male,57.0,2.0,1.0,Laboratory Technician,4,Divorced,2380.0,13384.0,9,Yes,14.0,3.0,4.0,1.0,10,3.0,2,1,0.0,0.0,0.0
35,No,Travel_Rarely,463.0,Research & Development,14,1.0,Life Sciences,2169,2,Female,54.0,3.0,1.0,Research Scientist,4,Single,3453.0,17242.0,3,No,15.0,3.0,1.0,0.0,2,4.0,3,1,2.0,0.0,2.0
57,No,Travel_Rarely,210.0,Sales,29,3.0,Marketing,568,1,Male,56.0,2.0,4.0,Manager,4,Divorced,14118.0,22102.0,3,No,12.0,3.0,3.0,1.0,32,3.0,2,1,0.0,0.0,0.0
28,No,Travel_Rarely,1369.0,Research & Development,6,1.0,Medical,2460,3,Male,87.0,3.0,1.0,Laboratory Technician,1,Single,4724.0,16210.0,1,Yes,15.0,3.0,4.0,0.0,9,3.0,3,13,9.0,1.0,5.0
50,No,Travel_Rarely,1325.0,Research & Development,0,3.0,Life Sciences,2399,3,Female,92.0,2.0,1.0,Laboratory Technician,4,Single,3214.0,3299.0,2,No,16.0,3.0,2.0,0.0,3,3.0,2,4,2.0,2.0,2.0
33,No,Travel_Frequently,508.0,Sales,10,3.0,Marketing,446,2,Male,46.0,2.0,2.0,Sales Executive,4,Single,4682.0,4317.0,3,No,14.0,3.0,3.0,0.0,9,6.0,2,7,7.0,0.0,1.0
29,No,Travel_Rarely,1082.0,Research & Development,9,4.0,Medical,1709,4,Female,43.0,3.0,1.0,Laboratory Technician,3,Married,2974.0,25412.0,9,No,17.0,3.0,3.0,1.0,9,2.0,3,5,3.0,1.0,2.0
27,No,Travel_Rarely,1157.0,Research & Development,17,3.0,Technical Degree,233,3,Male,51.0,3.0,1.0,Research Scientist,2,Married,3058.0,13364.0,0,Yes,16.0,3.0,4.0,1.0,6,3.0,2,5,2.0,1.0,1.0
40,Yes,Travel_Rarely,806.0,Human Resources,8,4.0,Human Resources,2297,3,Male,60.0,3.0,1.0,Human Resources,1,Divorced,2071.0,23645.0,4,Yes,23.0,4.0,4.0,0.0,7,3.0,3,4,2.0,0.0,2.0
26,No,Travel_Frequently,1283.0,Sales,1,3.0,Medical,956,3,Male,52.0,2.0,2.0,Sales Executive,1,Single,4294.0,11148.0,1,No,12.0,3.0,2.0,0.0,7,2.0,3,7,7.0,0.0,7.0
56,No,Travel_Rarely,713.0,Research & Development,8,3.0,Life Sciences,241,3,Female,67.0,3.0,1.0,Research Scientist,1,Divorced,4257.0,13939.0,4,Yes,18.0,3.0,3.0,1.0,19,3.0,3,2,2.0,2.0,2.0
32,No,Travel_Rarely,588.0,Sales,8,2.0,Technical Degree,436,3,Female,65.0,2.0,2.0,Sales Executive,2,Married,5228.0,24624.0,1,Yes,11.0,3.0,4.0,0.0,13,2.0,3,13,12.0,11.0,9.0
34,No,Travel_Rarely,1371.0,Research & Development,25,4.0,Life Sciences,2347,4,Male,51.0,3.0,2.0,Manufacturing Director,3,Married,6882.0,5152.0,2,No,19.0,3.0,2.0,1.0,20,3.0,3,8,7.0,0.0,7.0
18,No,Non-Travel,1124.0,Research & Development,1,3.0,Life Sciences,1368,4,Female,97.0,3.0,1.0,Laboratory Technician,4,Single,1611.0,19305.0,1,No,15.0,3.0,3.0,0.0,0,5.0,4,0,0.0,0.0,0.0
56,No,Travel_Rarely,186.0,Human Resources,29,4.0,Human Resources,2487,3,Male,70.0,4.0,5.0,Manager,2,Married,16679.875,25811.0,4,Yes,15.0,3.0,1.0,1.0,35,0.0,3,13,9.0,1.0,4.0
30,No,Travel_Rarely,911.0,Research & Development,1,2.0,Medical,1989,4,Male,76.0,3.0,1.0,Laboratory Technician,2,Married,3748.0,4077.0,1,No,13.0,3.0,3.0,0.0,12,6.0,2,12,8.0,1.0,7.0
35,No,Travel_Rarely,1214.0,Research & Development,1,3.0,Medical,105,2,Male,30.0,2.0,1.0,Research Scientist,3,Single,2859.0,26278.0,1,No,18.0,3.0,1.0,0.0,6,3.0,3,6,4.0,0.0,4.0
32,Yes,Travel_Rarely,964.0,Sales,1,2.0,Life Sciences,1734,1,Male,34.0,1.0,2.0,Sales Executive,2,Single,6735.0,12147.0,6,No,15.0,3.0,2.0,0.0,10,2.0,3,0,0.0,0.0,0.0
41,No,Travel_Rarely,321.0,Research & Development,23,3.0,Medical,2299,4,Male,54.0,3.0,3.0,Manufacturing Director,1,Married,7405.0,6951.0,1,Yes,23.0,4.0,4.0,1.0,7,5.0,2,10,9.0,5.0,8.0
41,Yes,Travel_Rarely,1085.0,Research & Development,7,4.0,Life Sciences,927,2,Female,57.0,1.0,1.0,Laboratory Technician,4,Divorced,2778.0,17725.0,4,Yes,13.0,3.0,3.0,1.0,10,1.0,2,7,7.0,1.0,0.0
29,No,Non-Travel,746.0,Sales,2,3.0,Life Sciences,469,4,Male,61.0,3.0,2.0,Sales Executive,3,Married,4649.0,16928.0,1,No,14.0,3.0,1.0,1.0,4,3.0,2,4,3.0,0.0,2.0
28,No,Travel_Frequently,166.0,Research & Development,26,1.0,Technical Degree,2094,4,Female,29.0,3.0,2.0,Manufacturing Director,4,Single,5240.0,6670.0,2,No,18.0,4.0,4.0,0.0,10,3.0,2,2,4.0,1.0,4.0
38,No,Travel_Rarely,437.0,Sales,16,3.0,Life Sciences,1583,2,Female,90.0,3.0,2.0,Sales Executive,2,Single,4198.0,16379.0,2,No,12.0,3.0,2.0,0.0,8,5.0,4,3,2.0,1.0,2.0
25,No,Travel_Rarely,622.0,Sales,13,1.0,Medical,645,2,Male,40.0,3.0,1.0,Sales Representative,3,Married,2096.0,26376.0,2,No,11.0,3.0,3.0,0.0,7,1.0,3,7,4.0,0.0,6.0
54,No,Non-Travel,142.0,Human Resources,26,3.0,Human Resources,148,4,Female,30.0,4.0,4.0,Manager,4,Single,16679.875,13871.0,2,Yes,12.0,3.0,3.0,0.0,23,3.0,3,5,3.0,4.0,4.0
44,No,Travel_Rarely,568.0,Sales,13,3.0,Medical,2172,3,Female,75.0,3.0,2.0,Sales Executive,3,Married,4588.0,24198.0,3,Yes,19.0,3.0,3.0,1.0,12,4.0,2,7,4.0,1.0,2.0
27,No,Travel_Rarely,1469.0,Research & Development,1,2.0,Medical,497,4,Male,82.0,3.0,1.0,Laboratory Technician,2,Divorced,3816.0,17881.0,1,No,11.0,3.0,2.0,1.0,5,2.0,3,5,2.0,0.0,4.0
31,Yes,Travel_Frequently,561.0,Research & Development,3,3.0,Life Sciences,1537,3,Female,33.0,3.0,1.0,Research Scientist,3,Single,4084.0,4156.0,1,No,12.0,3.0,1.0,0.0,7,2.0,1,7,2.0,7.0,7.0
44,No,Travel_Rarely,477.0,Research & Development,7,4.0,Medical,36,1,Female,42.0,2.0,3.0,Healthcare Representative,3,Married,10248.0,2094.0,3,No,14.0,3.0,4.0,1.0,24,4.0,3,22,6.0,5.0,17.0
36,No,Travel_Rarely,479.0,Research & Development,7,4.0,Medical,1577,1,Male,35.0,3.0,1.0,Research Scientist,4,Single,2972.0,22061.0,1,No,13.0,3.0,3.0,0.0,1,4.0,1,1,0.0,0.0,0.0
55,No,Travel_Rarely,1311.0,Research & Development,2,3.0,Life Sciences,505,3,Female,97.0,3.0,4.0,Manager,4,Single,16659.0,23258.0,2,Yes,13.0,3.0,3.0,0.0,30,2.0,3,5,4.0,1.0,2.0
30,No,Travel_Rarely,946.0,Research & Development,2,3.0,Medical,833,3,Female,52.0,2.0,2.0,Manufacturing Director,4,Single,6877.0,20234.0,5,Yes,24.0,4.0,2.0,0.0,12,4.0,2,0,0.0,0.0,0.0
29,No,Travel_Rarely,591.0,Sales,6,2.0,Technical Degree,2101,3,Female,67.0,2.0,2.0,Sales Executive,2,Married,5225.0,24623.0,1,Yes,14.0,3.0,4.0,0.0,12,2.0,3,11,12.0,11.0,9.0
24,Yes,Travel_Rarely,240.0,Research & Development,22,1.0,Human Resources,1714,4,Male,58.0,1.0,1.0,Human Resources,3,Married,1555.0,11585.0,1,No,11.0,3.0,3.0,1.0,1,2.0,3,1,0.0,0.0,0.0
50,No,Travel_Rarely,527.0,Research & Development,8,2.0,Other,944,1,Female,51.0,3.0,3.0,Laboratory Technician,2,Married,7403.0,22477.0,4,No,11.0,3.0,3.0,1.0,29,3.0,2,26,9.0,1.0,7.0
45,No,Non-Travel,1147.0,Research & Development,6,4.0,Medical,2416,3,Female,32.0,3.0,2.0,Manufacturing Director,3,Married,5255.0,16047.0,2,No,14.0,3.0,3.0,0.0,5,2.0,4,0,0.0,0.0,0.0
21,No,Travel_Rarely,822.0,Research & Development,20,2.0,Other,2408,4,Male,92.0,2.0,1.0,Laboratory Technician,2,Married,2130.0,9100.0,1,No,22.0,4.0,4.0,1.0,2,2.0,3,2,0.0,0.0,0.0
41,No,Travel_Rarely,1283.0,Research & Development,5,5.0,Medical,1448,2,Male,90.0,4.0,1.0,Research Scientist,3,Married,2127.0,5561.0,2,Yes,12.0,3.0,1.0,0.0,7,5.0,2,4,2.0,0.0,3.0
26,Yes,Travel_Frequently,887.0,Research & Development,5,2.0,Medical,848,3,Female,88.0,2.0,1.0,Research Scientist,3,Married,2366.0,20898.0,1,Yes,14.0,3.0,1.0,1.0,8,2.0,3,8,7.0,1.0,7.0
31,Yes,Travel_Rarely,374.0,Research & Development,22,4.0,Life Sciences,2244,1,Male,84.0,3.0,1.0,Laboratory Technician,4,Single,2795.0,18013.0,1,Yes,25.0,4.0,3.0,0.0,0,2.0,1,3,0.0,0.0,1.0
50,No,Travel_Frequently,809.0,Sales,12,3.0,Marketing,174,3,Female,77.0,3.0,3.0,Sales Executive,4,Single,9208.0,6645.0,4,No,11.0,3.0,4.0,0.0,16,3.0,3,2,2.0,2.0,1.0
26,Yes,Travel_Rarely,950.0,Sales,4,4.0,Marketing,401,4,Male,48.0,2.0,2.0,Sales Executive,4,Single,5828.0,8450.0,1,Yes,12.0,3.0,2.0,0.0,8,0.0,3,8,7.0,7.0,4.0
29,Yes,Travel_Rarely,896.0,Research & Development,18,1.0,Medical,315,3,Male,86.0,2.0,1.0,Research Scientist,4,Single,2389.0,14961.0,1,Yes,13.0,3.0,3.0,0.0,4,3.0,2,4,3.0,0.0,1.0
25,No,Travel_Rarely,309.0,Human Resources,2,3.0,Human Resources,1987,3,Male,82.0,3.0,1.0,Human Resources,2,Married,2187.0,19655.0,4,No,14.0,3.0,3.0,0.0,6,3.0,3,2,0.0,1.0,2.0
29,No,Travel_Rarely,718.0,Research & Development,8,1.0,Medical,1150,2,Male,79.0,2.0,2.0,Manufacturing Director,4,Married,5056.0,17689.0,1,Yes,15.0,3.0,3.0,1.0,10,2.0,3,10,7.0,1.0,2.0
36,No,Travel_Rarely,194.0,Research & Development,7,3.0,Life Sciences,2524,2,Male,62.0,3.0,2.0,Laboratory Technician,2,Divorced,2346.0,10903.0,2,No,21.0,3.0,3.0,1.0,22,2.0,1,15,9.0,0.0,15.0
27,No,Non-Travel,443.0,Research & Development,7,3.0,Medical,850,3,Male,50.0,3.0,1.0,Research Scientist,4,Married,1706.0,16571.0,1,No,11.0,3.0,3.0,3.0,0,6.0,2,0,0.0,0.0,0.0
36,No,Travel_Rarely,325.0,Research & Development,10,4.0,Technical Degree,1312,4,Female,63.0,3.0,3.0,Healthcare Representative,3,Married,7094.0,5747.0,3,No,12.0,3.0,1.0,0.0,10,0.0,3,7,7.0,1.0,7.0
57,Yes,Travel_Rarely,1164.0,Research & Development,26,2.0,Life Sciences,2268,1,Male,98.0,3.0,1.0,Laboratory Technician,4,Single,2589.0,10262.0,1,No,14.0,3.0,4.0,0.0,2,3.0,3,1,2.0,1.0,0.0
43,No,Travel_Rarely,990.0,Research & Development,27,3.0,Technical Degree,1599,4,Male,87.0,4.0,1.0,Laboratory Technician,2,Divorced,4876.0,5855.0,5,No,12.0,3.0,3.0,1.0,8,0.0,3,6,4.0,0.0,2.0
35,Yes,Travel_Rarely,622.0,Research & Development,14,4.0,Other,1010,3,Male,39.0,2.0,1.0,Laboratory Technician,2,Divorced,3743.0,10074.0,1,Yes,24.0,4.0,4.0,1.0,5,2.0,1,4,2.0,0.0,2.0
32,Yes,Travel_Rarely,1086.0,Research & Development,7,2.0,Life Sciences,2577,4,Male,80.0,3.0,2.0,Laboratory Technician,3,Married,4881.0,22845.0,1,No,17.0,3.0,1.0,1.0,9,3.0,3,13,4.0,1.0,1.0
29,Yes,Travel_Frequently,115.0,Sales,13,3.0,Technical Degree,1487,1,Female,51.0,3.0,2.0,Sales Executive,2,Single,5765.0,17485.0,5,No,11.0,3.0,1.0,0.0,7,4.0,1,5,3.0,0.0,0.0
35,Yes,Travel_Frequently,1074.0,Research & Development,5,3.0,Life Sciences,2459,1,Male,68.0,3.0,1.0,Research Scientist,1,Single,3346.0,3165.0,1,Yes,12.0,3.0,1.0,0.0,13,3.0,3,10,8.0,9.0,7.0
27,No,Travel_Frequently,1242.0,Sales,20,3.0,Life Sciences,293,4,Female,90.0,3.0,2.0,Sales Executive,3,Single,9981.0,12916.0,1,No,14.0,3.0,4.0,0.0,7,2.0,3,7,7.0,0.0,7.0
24,No,Travel_Rarely,477.0,Research & Development,24,3.0,Medical,1173,4,Male,49.0,3.0,1.0,Laboratory Technician,2,Single,3597.0,6409.0,8,No,22.0,4.0,4.0,0.0,6,2.0,3,4,3.0,1.0,2.0
42,No,Travel_Rarely,1040.0,Research & Development,7,3.0,Medical,2180,2,Male,96.0,1.0,3.0,Healthcare Representative,1,Divorced,10853.0,19861.0,2,Yes,20.0,3.0,2.0,1.0,26,2.0,3,6,7.0,0.0,7.0
47,Yes,Travel_Frequently,719.0,Sales,27,2.0,Life Sciences,785,2,Female,77.0,4.0,2.0,Sales Executive,3,Single,6397.0,10339.0,4,Yes,12.0,3.0,4.0,0.0,8,2.0,3,5,4.0,1.0,3.0
29,No,Travel_Rarely,232.0,Research & Development,19,3.0,Technical Degree,611,3,Male,34.0,3.0,2.0,Manufacturing Director,4,Divorced,4262.0,22645.0,4,No,12.0,3.0,2.0,2.0,8,2.0,4,3,2.0,1.0,2.0
32,No,Travel_Rarely,1018.0,Research & Development,2,4.0,Medical,439,1,Female,74.0,4.0,2.0,Research Scientist,4,Single,5055.0,10557.0,7,No,16.0,3.0,3.0,0.0,10,0.0,2,7,7.0,0.0,7.0
31,No,Travel_Rarely,311.0,Research & Development,20,3.0,Life Sciences,1881,2,Male,89.0,3.0,2.0,Laboratory Technician,3,Divorced,4197.0,18624.0,1,No,11.0,3.0,1.0,1.0,10,2.0,3,10,8.0,0.0,2.0
36,Yes,Travel_Frequently,827.0,Research & Development,30,4.0,Medical,2548,1,Female,53.0,2.0,2.0,Research Scientist,3,Single,4506.0,3126.0,2,No,25.0,4.0,2.0,0.0,12,4.0,3,11,7.0,3.0,8.0
29,Yes,Travel_Rarely,653.0,Research & Development,1,2.0,Life Sciences,2441,1,Female,67.0,1.0,1.0,Research Scientist,3,Single,2214.0,3871.0,7,Yes,16.0,3.0,4.0,0.0,7,4.0,3,9,7.0,3.0,7.0
34,No,Travel_Frequently,829.0,Research & Development,15,3.0,Medical,1485,2,Male,71.0,3.0,4.0,Research Director,1,Divorced,16679.875,11929.0,7,No,14.0,3.0,4.0,2.0,16,3.0,2,14,8.0,6.0,9.0
43,No,Travel_Rarely,1037.0,Sales,13,3.0,Marketing,2070,4,Female,83.0,3.0,4.0,Manager,4,Married,16061.0,7746.0,5,Yes,24.0,4.0,3.0,1.0,24,3.0,3,5,13.0,1.0,9.0
28,Yes,Travel_Rarely,329.0,Research & Development,24,3.0,Medical,1604,3,Male,51.0,3.0,1.0,Laboratory Technician,2,Married,2408.0,7324.0,1,Yes,17.0,3.0,3.0,3.0,1,3.0,3,1,1.0,0.0,0.0
32,No,Travel_Rarely,1081.0,Sales,7,3.0,Technical Degree,2628,2,Female,80.0,3.0,2.0,Sales Executive,3,Single,6579.0,19557.0,2,No,8.0,3.0,2.0,0.0,10,6.0,3,7,4.0,4.0,4.0
55,No,Travel_Frequently,135.0,Research & Development,18,4.0,Medical,1034,3,Male,62.0,3.0,2.0,Healthcare Representative,2,Married,6385.0,12992.0,3,Yes,14.0,3.0,4.0,2.0,17,3.0,3,8,7.0,6.0,7.0
29,No,Travel_Rarely,1246.0,Sales,19,3.0,Life Sciences,1497,3,Male,77.0,2.0,2.0,Sales Executive,3,Divorced,8620.0,23757.0,1,No,14.0,3.0,3.0,2.0,10,3.0,3,10,7.0,0.0,4.0
36,Yes,Travel_Rarely,885.0,Research & Development,16,4.0,Life Sciences,1042,3,Female,43.0,4.0,1.0,Laboratory Technician,1,Single,2743.0,8269.0,1,No,16.0,3.0,3.0,0.0,18,1.0,3,17,13.0,15.0,14.0
30,No,Travel_Rarely,488.0,Research & Development,5,3.0,Medical,2608,2,Female,84.0,4.0,1.0,Research Scientist,3,Married,3515.0,22488.0,7,No,18.0,3.0,1.0,0.0,3,0.0,3,3,2.0,0.0,2.0
30,No,Travel_Rarely,231.0,Research & Development,8,2.0,Other,982,3,Male,62.0,3.0,3.0,Sales Executive,3,Divorced,7264.0,9977.0,5,No,11.0,3.0,1.0,1.0,10,2.0,4,8,4.0,7.0,7.0
47,No,Non-Travel,1048.0,Sales,11,4.0,Life Sciences,2570,2,Female,65.0,2.0,2.0,Sales Executive,3,Married,5596.0,17970.0,1,No,12.0,3.0,4.0,1.0,14,2.0,3,18,10.0,4.0,12.0
24,Yes,Travel_Rarely,1448.0,Sales,1,1.0,Technical Degree,554,1,Female,62.0,3.0,1.0,Sales Representative,2,Single,4967.0,21972.0,1,Yes,16.0,3.0,2.0,0.0,6,4.0,3,5,3.0,1.0,4.0
39,No,Non-Travel,792.0,Research & Development,1,3.0,Life Sciences,1737,4,Male,77.0,3.0,2.0,Laboratory Technician,4,Married,16679.875,8989.0,1,Yes,15.0,3.0,4.0,1.0,9,2.0,3,9,8.0,5.0,8.0
24,No,Travel_Rarely,581.0,Research & Development,9,3.0,Medical,1707,3,Male,62.0,4.0,1.0,Research Scientist,3,Married,4401.0,17616.0,2,No,16.0,3.0,4.0,1.0,5,1.0,3,5,3.0,0.0,4.0
44,No,Travel_Rarely,1448.0,Sales,28,3.0,Life Sciences,1039,4,Female,53.0,4.0,4.0,Sales Executive,4,Married,13320.0,11737.0,3,Yes,18.0,3.0,3.0,1.0,23,2.0,3,12,11.0,11.0,11.0
32,No,Non-Travel,1146.0,Research & Development,15,4.0,Medical,1955,3,Female,34.0,3.0,2.0,Healthcare Representative,4,Divorced,6667.0,16542.0,2,No,18.0,3.0,2.0,1.0,9,6.0,3,5,1.0,1.0,2.0
53,No,Travel_Rarely,102.0,Research & Development,23,4.0,Life Sciences,901,4,Female,72.0,3.0,4.0,Research Director,4,Single,14275.0,20206.0,2,No,18.0,3.0,3.0,0.0,33,0.0,3,12,9.0,3.0,8.0
42,No,Travel_Frequently,532.0,Research & Development,29,2.0,Life Sciences,547,1,Female,92.0,3.0,2.0,Research Scientist,3,Divorced,4556.0,12932.0,2,No,11.0,3.0,2.0,1.0,19,3.0,3,5,4.0,0.0,2.0
28,Yes,Travel_Rarely,529.0,Research & Development,7,4.0,Life Sciences,364,1,Male,79.0,3.0,1.0,Laboratory Technician,3,Single,3485.0,14935.0,2,No,11.0,3.0,3.0,0.0,5,5.0,1,0,0.0,0.0,0.0
49,No,Travel_Rarely,1491.0,Research & Development,4,4.0,Life Sciences,2576,3,Male,38.0,3.0,3.0,Healthcare Representative,2,Divorced,10465.0,20947.0,3,No,15.0,3.0,2.0,2.0,26,3.0,3,8,7.0,0.0,7.0
46,No,Travel_Rarely,1277.0,Sales,2,3.0,Life Sciences,1732,3,Male,74.0,3.0,3.0,Sales Executive,4,Divorced,10368.0,5596.0,4,Yes,12.0,3.0,2.0,1.0,13,5.0,2,10,6.0,0.0,3.0
36,Yes,Travel_Rarely,515.0,Research & Development,1,3.0,Life Sciences,331,4,Male,62.0,2.0,1.0,Laboratory Technician,3,Single,3730.0,9571.0,0,Yes,14.0,3.0,4.0,0.0,4,2.0,1,3,2.0,1.0,2.0
27,No,Travel_Rarely,190.0,Research & Development,0,2.0,Medical,2404,1,Male,57.0,2.0,1.0,Laboratory Technician,1,Married,3953.0,11144.0,1,No,13.0,3.0,1.0,2.0,7,2.0,3,7,3.0,1.0,3.0
32,No,Non-Travel,300.0,Research & Development,1,3.0,Life Sciences,882,4,Male,61.0,3.0,1.0,Laboratory Technician,4,Divorced,2314.0,9148.0,0,No,12.0,3.0,2.0,1.0,4,2.0,3,3,0.0,0.0,2.0
39,No,Travel_Frequently,474.0,Research & Development,9,3.0,Life Sciences,2652,1,Male,44.0,2.0,2.0,Healthcare Representative,1,Divorced,6290.0,4282.0,2,No,14.0,3.0,3.0,1.0,14,3.0,2,5,3.0,1.0,2.0
38,No,Travel_Rarely,217.0,Research & Development,18,2.0,Other,2158,4,Female,43.0,2.0,2.0,Manufacturing Director,2,Married,4786.0,25386.0,0,Yes,11.0,3.0,4.0,0.0,4,2.0,3,3,2.0,0.0,2.0
30,No,Travel_Rarely,853.0,Research & Development,7,4.0,Life Sciences,1224,3,Male,49.0,3.0,2.0,Laboratory Technician,3,Divorced,3491.0,11309.0,1,No,13.0,3.0,1.0,3.0,10,4.0,2,10,7.0,8.0,9.0
28,Yes,Travel_Frequently,460.0,Research & Development,22,2.0,Life Sciences,2382,4,Male,72.0,2.0,1.0,Research Scientist,4,Single,4967.0,14756.0,1,Yes,24.0,4.0,2.0,0.0,0,3.0,2,3,0.0,1.0,0.0
23,No,Travel_Rarely,310.0,Research & Development,10,1.0,Medical,784,1,Male,79.0,4.0,1.0,Research Scientist,3,Single,3505.0,19630.0,1,No,18.0,3.0,4.0,0.0,2,3.0,3,2,2.0,0.0,2.0
55,No,Travel_Rarely,1441.0,Research & Development,22,3.0,Technical Degree,1694,3,Male,94.0,2.0,1.0,Research Scientist,2,Divorced,3537.0,23737.0,5,No,12.0,3.0,4.0,1.0,8,1.0,3,4,2.0,1.0,2.0
35,No,Travel_Rarely,670.0,Research & Development,10,4.0,Medical,1587,1,Female,51.0,3.0,2.0,Healthcare Representative,3,Single,6142.0,4223.0,3,Yes,16.0,3.0,3.0,0.0,10,4.0,3,5,2.0,0.0,4.0
34,No,Travel_Rarely,665.0,Research & Development,6,4.0,Other,138,1,Female,41.0,3.0,2.0,Research Scientist,3,Single,4809.0,12482.0,1,No,14.0,3.0,3.0,0.0,16,3.0,3,16,13.0,2.0,10.0
46,No,Travel_Rarely,1038.0,Research & Development,20,3.0,Medical,1460,2,Male,95.0,1.0,3.0,Healthcare Representative,1,Divorced,10851.0,19863.0,2,Yes,18.0,3.0,2.0,1.0,24,2.0,3,7,7.0,0.0,7.0
58,No,Non-Travel,390.0,Research & Development,1,4.0,Life Sciences,422,4,Male,32.0,1.0,2.0,Healthcare Representative,3,Divorced,5660.0,17056.0,2,Yes,13.0,3.0,4.0,1.0,12,2.0,3,5,3.0,1.0,2.0
20,Yes,Travel_Rarely,129.0,Research & Development,4,3.0,Technical Degree,960,1,Male,84.0,3.0,1.0,Laboratory Technician,1,Single,2973.0,13008.0,1,No,19.0,3.0,2.0,0.0,1,2.0,3,1,0.0,0.0,0.0
33,No,Travel_Frequently,827.0,Research & Development,1,4.0,Other,998,3,Female,84.0,4.0,2.0,Healthcare Representative,2,Married,5488.0,20161.0,1,Yes,13.0,3.0,1.0,1.0,6,2.0,3,6,5.0,1.0,2.0
37,No,Travel_Rarely,571.0,Research & Development,10,1.0,Life Sciences,802,4,Female,82.0,3.0,1.0,Research Scientist,1,Divorced,2782.0,19905.0,0,Yes,13.0,3.0,2.0,2.0,6,3.0,2,5,3.0,4.0,3.0
22,No,Travel_Rarely,374.0,Research & Development,1,2.0,Life Sciences,2222,4,Male,46.0,3.0,1.0,Research Scientist,3,Married,1222.0,16900.0,1,No,19.0,4.0,4.0,1.0,1,2.0,3,1,0.0,0.0,1.0
35,No,Travel_Frequently,944.0,Sales,1,3.0,Marketing,314,3,Female,92.0,3.0,3.0,Sales Executive,3,Single,8789.0,9096.0,1,No,14.0,3.0,1.0,0.0,10,3.0,4,10,7.0,0.0,8.0
34,No,Travel_Frequently,878.0,Research & Development,10,4.0,Medical,277,4,Male,43.0,3.0,1.0,Research Scientist,3,Divorced,3815.0,5972.0,2,Yes,17.0,3.0,4.0,1.0,5,4.0,4,5,3.0,2.0,0.0
43,No,Travel_Rarely,1179.0,Sales,2,3.0,Medical,1706,4,Male,73.0,3.0,2.0,Sales Executive,4,Married,7847.0,6069.0,1,Yes,17.0,3.0,1.0,1.0,10,3.0,3,10,9.0,8.0,8.0
36,No,Travel_Rarely,1320.0,Research & Development,20,3.0,Technical Degree,1265,3,Female,89.0,4.0,1.0,Research Scientist,3,Married,2585.0,21643.0,0,No,17.0,3.0,4.0,0.0,2,5.0,2,5,0.0,0.0,0.0
32,No,Travel_Rarely,495.0,Research & Development,10,3.0,Medical,1516,3,Male,64.0,3.0,3.0,Manager,4,Single,11244.0,21072.0,2,No,25.0,4.0,2.0,0.0,10,5.0,4,5,2.0,0.0,0.0
50,No,Travel_Frequently,1066.0,Research & Development,2,1.0,Life Sciences,2583,2,Male,42.0,3.0,5.0,Research Director,4,Married,16679.875,13735.0,3,No,12.0,3.0,4.0,0.0,29,3.0,3,6,4.0,4.0,3.0
41,No,Travel_Rarely,437.0,Sales,16,3.0,Life Sciences,2214,2,Male,91.0,3.0,2.0,Sales Executive,2,Single,4198.0,16378.0,2,No,10.0,3.0,2.0,0.0,6,5.0,4,3,2.0,1.0,2.0
27,No,Travel_Rarely,993.0,Research & Development,11,3.0,Medical,2484,3,Female,80.0,3.0,1.0,Research Scientist,3,Divorced,4967.0,9834.0,5,No,21.0,3.0,2.0,1.0,8,2.0,3,0,2.0,2.0,2.0
33,Yes,Travel_Rarely,118.0,Sales,16,3.0,Marketing,819,1,Female,69.0,3.0,2.0,Sales Executive,1,Single,5324.0,26507.0,5,No,15.0,3.0,3.0,0.0,6,3.0,3,3,2.0,0.0,2.0
44,No,Travel_Rarely,1096.0,Sales,7,3.0,Marketing,2088,2,Male,88.0,3.0,5.0,Manager,3,Married,16679.875,8751.0,7,No,13.0,3.0,3.0,1.0,26,5.0,3,20,9.0,3.0,10.0
56,No,Non-Travel,176.0,Research & Development,8,1.0,Medical,2482,4,Male,40.0,2.0,4.0,Healthcare Representative,2,Divorced,13576.0,25593.0,1,Yes,15.0,3.0,4.0,1.0,35,3.0,3,32,9.0,15.0,0.0
36,Yes,Travel_Frequently,807.0,Research & Development,17,3.0,Technical Degree,1767,3,Male,38.0,2.0,1.0,Research Scientist,3,Married,2437.0,15587.0,9,Yes,16.0,3.0,4.0,1.0,6,4.0,3,1,0.0,0.0,0.0
32,Yes,Travel_Rarely,600.0,Sales,7,4.0,Marketing,2102,1,Female,75.0,3.0,2.0,Sales Executive,1,Single,8225.0,18383.0,0,Yes,20.0,3.0,1.0,0.0,5,3.0,3,3,2.0,0.0,3.0
40,No,Travel_Rarely,1251.0,Research & Development,13,1.0,Medical,2527,3,Male,68.0,3.0,3.0,Research Director,3,Single,13461.0,7917.0,7,No,22.0,4.0,3.0,0.0,12,3.0,3,5,3.0,2.0,2.0
32,No,Travel_Rarely,548.0,Research & Development,1,3.0,Life Sciences,96,2,Male,66.0,3.0,2.0,Research Scientist,2,Married,6220.0,7346.0,1,No,17.0,3.0,2.0,2.0,10,3.0,3,10,4.0,0.0,9.0
38,No,Travel_Rarely,1261.0,Research & Development,2,4.0,Life Sciences,271,4,Male,88.0,3.0,2.0,Manufacturing Director,3,Married,6553.0,7259.0,9,No,14.0,3.0,2.0,0.0,14,3.0,3,1,0.0,0.0,0.0
33,No,Travel_Rarely,1140.0,Research & Development,20,1.0,Life Sciences,2668,4,Female,48.0,3.0,2.0,Healthcare Representative,4,Married,4015.0,19168.0,1,Yes,23.0,4.0,4.0,1.0,7,2.0,1,12,6.0,0.0,7.0
56,Yes,Travel_Rarely,310.0,Research & Development,7,2.0,Technical Degree,2032,4,Male,72.0,3.0,1.0,Laboratory Technician,3,Married,2339.0,3666.0,8,No,11.0,3.0,4.0,1.0,14,4.0,1,10,9.0,9.0,8.0
43,No,Travel_Rarely,490.0,Sales,7,3.0,Technical Degree,2695,3,Female,78.0,1.0,4.0,Manager,3,Married,16679.875,14980.0,3,Yes,9.0,3.0,2.0,1.0,26,2.0,2,4,7.0,7.0,7.0
26,No,Travel_Rarely,933.0,Sales,1,3.0,Life Sciences,476,3,Male,57.0,3.0,2.0,Sales Executive,3,Married,5296.0,20156.0,1,No,17.0,3.0,2.0,1.0,8,3.0,3,8,7.0,7.0,7.0
51,No,Travel_Rarely,432.0,Research & Development,9,4.0,Life Sciences,116,4,Male,96.0,3.0,1.0,Laboratory Technician,4,Married,2075.0,18725.0,3,No,23.0,4.0,2.0,2.0,10,4.0,3,4,2.0,0.0,3.0
31,Yes,Non-Travel,335.0,Research & Development,9,2.0,Medical,991,3,Male,46.0,2.0,1.0,Research Scientist,1,Single,2321.0,10322.0,0,Yes,22.0,4.0,1.0,0.0,4,0.0,3,3,2.0,1.0,2.0
24,No,Non-Travel,1092.0,Research & Development,9,3.0,Life Sciences,812,3,Male,60.0,2.0,1.0,Laboratory Technician,2,Divorced,2694.0,26551.0,1,No,11.0,3.0,3.0,3.0,1,4.0,3,1,0.0,0.0,0.0
33,No,Travel_Rarely,575.0,Research & Development,25,3.0,Life Sciences,1545,4,Male,44.0,2.0,2.0,Manufacturing Director,2,Single,4320.0,24152.0,1,No,13.0,3.0,4.0,0.0,5,2.0,3,5,3.0,0.0,2.0
40,No,Travel_Rarely,988.0,Research & Development,29,3.0,Technical Degree,2655,4,Male,86.0,4.0,1.0,Laboratory Technician,2,Divorced,4873.0,5858.0,5,No,14.0,3.0,3.0,1.0,5,0.0,3,4,4.0,0.0,2.0
60,No,Travel_Rarely,696.0,Sales,7,4.0,Marketing,1233,2,Male,52.0,4.0,2.0,Sales Executive,4,Divorced,5220.0,10893.0,0,Yes,18.0,3.0,2.0,1.0,12,3.0,3,11,7.0,1.0,9.0
43,No,Non-Travel,980.0,Research & Development,4,3.0,Life Sciences,2448,3,Male,91.0,2.0,1.0,Laboratory Technician,3,Single,3160.0,7974.0,3,No,15.0,3.0,4.0,0.0,4,5.0,3,3,2.0,0.0,3.0
30,No,Non-Travel,990.0,Research & Development,7,3.0,Technical Degree,1482,3,Male,64.0,3.0,1.0,Research Scientist,3,Divorced,1274.0,7152.0,1,No,13.0,3.0,2.0,2.0,1,2.0,2,1,0.0,0.0,0.0
42,No,Travel_Rarely,932.0,Research & Development,1,2.0,Life Sciences,827,4,Female,43.0,2.0,2.0,Manufacturing Director,4,Married,6062.0,4051.0,9,Yes,13.0,3.0,4.0,1.0,8,4.0,3,4,3.0,0.0,2.0
36,No,Non-Travel,829.0,Research & Development,1,1.0,Life Sciences,292,3,Male,88.0,2.0,3.0,Manufacturing Director,3,Single,8474.0,20925.0,1,No,22.0,4.0,3.0,0.0,12,2.0,3,11,8.0,5.0,8.0
52,Yes,Travel_Rarely,266.0,Sales,2,1.0,Marketing,1038,1,Female,57.0,1.0,5.0,Manager,4,Married,16679.875,25846.0,1,No,15.0,3.0,4.0,1.0,33,3.0,3,32,14.0,6.0,9.0
39,No,Travel_Rarely,364.0,Research & Development,28,2.0,Medical,2313,3,Female,54.0,2.0,2.0,Healthcare Representative,4,Divorced,5730.0,17171.0,7,No,14.0,3.0,3.0,2.0,7,2.0,3,3,2.0,1.0,3.0
29,No,Non-Travel,698.0,Research & Development,11,3.0,Medical,2707,3,Female,42.0,3.0,3.0,Research Director,3,Married,11034.0,26862.0,4,No,17.0,4.0,3.0,1.0,13,2.0,3,8,7.0,4.0,8.0
41,No,Travel_Rarely,263.0,Research & Development,6,3.0,Medical,957,4,Male,59.0,3.0,1.0,Laboratory Technician,3,Single,4721.0,3119.0,2,Yes,13.0,3.0,3.0,0.0,20,3.0,3,18,13.0,2.0,17.0
49,No,Travel_Rarely,490.0,Sales,0,3.0,Technical Degree,2167,3,Female,73.0,1.0,4.0,Manager,2,Married,16679.875,14979.0,3,Yes,11.0,3.0,2.0,1.0,25,2.0,2,7,7.0,7.0,7.0
45,No,Travel_Rarely,1016.0,Research & Development,7,5.0,Medical,2679,3,Female,47.0,1.0,2.0,Laboratory Technician,1,Single,5767.0,23449.0,1,Yes,14.0,3.0,1.0,0.0,9,3.0,3,8,7.0,1.0,4.0
45,No,Travel_Rarely,549.0,Research & Development,8,4.0,Other,452,4,Male,75.0,3.0,2.0,Research Scientist,3,Married,3697.0,9278.0,9,No,14.0,3.0,1.0,2.0,12,3.0,3,10,9.0,9.0,8.0
37,No,Travel_Rarely,911.0,Research & Development,11,2.0,Medical,2457,2,Male,46.0,2.0,2.0,Manufacturing Director,2,Divorced,8847.0,13933.0,2,Yes,11.0,3.0,3.0,1.0,14,2.0,3,1,2.0,0.0,2.0
33,No,Travel_Rarely,213.0,Research & Development,7,3.0,Medical,817,3,Male,49.0,3.0,3.0,Research Director,3,Married,4967.0,25995.0,0,No,11.0,3.0,4.0,0.0,14,3.0,4,13,9.0,3.0,7.0
48,No,Travel_Rarely,1236.0,Research & Development,1,4.0,Life Sciences,664,4,Female,40.0,2.0,4.0,Manager,3,Married,15402.0,17997.0,7,No,11.0,3.0,1.0,1.0,21,3.0,1,3,2.0,0.0,2.0
46,No,Travel_Rarely,150.0,Research & Development,2,4.0,Technical Degree,1228,4,Male,60.0,3.0,2.0,Manufacturing Director,4,Divorced,7379.0,17433.0,2,No,11.0,3.0,3.0,1.0,12,3.0,2,6,3.0,1.0,4.0
38,Yes,Travel_Rarely,1180.0,Research & Development,29,1.0,Medical,282,2,Male,70.0,3.0,2.0,Healthcare Representative,1,Married,6673.0,11354.0,7,Yes,19.0,3.0,2.0,0.0,10,2.0,3,1,0.0,0.0,0.0
24,No,Travel_Rarely,350.0,Research & Development,21,2.0,Technical Degree,1551,3,Male,57.0,2.0,1.0,Laboratory Technician,1,Divorced,2296.0,10036.0,0,No,14.0,3.0,2.0,3.0,2,3.0,3,1,1.0,0.0,0.0
21,No,Travel_Rarely,984.0,Research & Development,1,1.0,Technical Degree,1131,4,Female,70.0,2.0,1.0,Research Scientist,2,Single,2070.0,25326.0,1,Yes,11.0,3.0,3.0,0.0,2,6.0,4,2,2.0,2.0,2.0
35,No,Travel_Rarely,1258.0,Research & Development,1,4.0,Life Sciences,826,4,Female,40.0,4.0,1.0,Research Scientist,3,Single,2506.0,13301.0,3,No,13.0,3.0,3.0,0.0,7,0.0,3,2,2.0,2.0,2.0
29,No,Travel_Frequently,410.0,Research & Development,2,1.0,Life Sciences,1513,4,Female,97.0,3.0,1.0,Laboratory Technician,3,Married,3180.0,4668.0,0,No,13.0,3.0,3.0,3.0,4,3.0,3,3,2.0,0.0,2.0
39,No,Travel_Rarely,306.0,Sales,9,4.0,Life Sciences,2483,4,Female,87.0,2.0,2.0,Sales Executive,4,Divorced,6694.0,24223.0,2,Yes,13.0,3.0,3.0,3.0,11,5.0,3,2,0.0,0.0,0.0
47,No,Travel_Frequently,215.0,Sales,5,3.0,Medical,2477,4,Female,50.0,3.0,4.0,Sales Executive,3,Divorced,13768.0,10226.0,9,Yes,13.0,3.0,4.0,2.0,29,2.0,2,23,2.0,11.0,13.0
44,No,Travel_Rarely,170.0,Research & Development,1,4.0,Life Sciences,1903,2,Male,78.0,4.0,2.0,Healthcare Representative,1,Married,5033.0,9364.0,2,No,15.0,3.0,4.0,1.0,10,5.0,3,2,0.0,2.0,2.0
44,No,Travel_Frequently,383.0,Sales,1,5.0,Marketing,1481,1,Female,79.0,3.0,2.0,Sales Executive,3,Married,4768.0,9282.0,7,No,12.0,3.0,3.0,1.0,11,4.0,2,1,0.0,0.0,0.0
34,No,Travel_Rarely,285.0,Research & Development,29,3.0,Life Sciences,1377,2,Male,86.0,3.0,2.0,Laboratory Technician,3,Married,5429.0,17491.0,4,No,13.0,3.0,1.0,2.0,10,1.0,3,8,7.0,7.0,7.0
19,No,Travel_Rarely,645.0,Research & Development,9,2.0,Life Sciences,1193,3,Male,54.0,3.0,1.0,Research Scientist,1,Single,2552.0,7172.0,1,No,25.0,4.0,3.0,0.0,1,4.0,3,1,1.0,0.0,0.0
19,Yes,Non-Travel,504.0,Research & Development,10,3.0,Medical,1248,1,Female,96.0,2.0,1.0,Research Scientist,2,Single,1859.0,6148.0,1,Yes,25.0,4.0,2.0,0.0,1,2.0,4,1,1.0,0.0,0.0
39,No,Travel_Rarely,392.0,Sales,6,3.0,Marketing,2258,2,Male,100.0,2.0,1.0,Sales Representative,2,Married,2900.0,12102.0,0,No,21.0,3.0,4.0,1.0,1,3.0,3,2,2.0,1.0,2.0
42,No,Travel_Rarely,544.0,Human Resources,2,1.0,Technical Degree,470,3,Male,52.0,3.0,1.0,Human Resources,3,Divorced,2696.0,24017.0,0,Yes,11.0,3.0,3.0,1.0,4,5.0,3,3,2.0,1.0,0.0
29,No,Travel_Rarely,1370.0,Research & Development,3,1.0,Medical,1586,2,Male,87.0,3.0,1.0,Laboratory Technician,1,Single,4723.0,16213.0,1,Yes,18.0,3.0,4.0,0.0,10,3.0,3,10,9.0,1.0,5.0
44,No,Travel_Rarely,986.0,Research & Development,7,4.0,Life Sciences,874,1,Male,62.0,4.0,1.0,Laboratory Technician,4,Married,2818.0,5044.0,2,Yes,24.0,4.0,3.0,1.0,10,2.0,2,3,2.0,0.0,2.0
25,No,Travel_Rarely,882.0,Research & Development,19,1.0,Medical,1358,4,Male,67.0,3.0,1.0,Laboratory Technician,4,Married,3669.0,9075.0,2,No,11.0,3.0,3.0,3.0,7,6.0,2,3,2.0,1.0,2.0
56,No,Travel_Rarely,1400.0,Research & Development,7,3.0,Life Sciences,112,3,Male,49.0,1.0,3.0,Manufacturing Director,4,Single,7260.0,21698.0,4,No,11.0,3.0,1.0,0.0,10,3.0,2,6,4.0,0.0,2.0
52,No,Travel_Rarely,1053.0,Research & Development,1,2.0,Life Sciences,976,4,Male,70.0,3.0,4.0,Manager,4,Married,16679.875,13829.0,2,No,15.0,3.0,2.0,1.0,26,2.0,3,9,8.0,7.0,8.0
36,No,Travel_Rarely,1115.0,Research & Development,1,4.0,Life Sciences,77,1,Male,51.0,2.0,2.0,Manufacturing Director,3,Divorced,5993.0,2689.0,1,No,18.0,3.0,3.0,1.0,7,2.0,4,7,5.0,0.0,7.0
29,Yes,Travel_Rarely,428.0,Sales,9,3.0,Marketing,1752,2,Female,52.0,1.0,1.0,Sales Representative,2,Single,2760.0,14630.0,1,No,13.0,3.0,3.0,0.0,2,3.0,3,2,2.0,2.0,2.0
55,No,Travel_Rarely,836.0,Research & Development,8,3.0,Medical,84,4,Female,33.0,3.0,4.0,Manager,3,Divorced,14756.0,19730.0,2,Yes,14.0,3.0,3.0,3.0,21,2.0,3,5,0.0,0.0,2.0
42,No,Travel_Rarely,691.0,Sales,8,4.0,Marketing,35,3,Male,48.0,3.0,2.0,Sales Executive,2,Married,6825.0,21173.0,0,No,11.0,3.0,4.0,1.0,10,2.0,3,9,7.0,4.0,2.0
31,No,Travel_Rarely,1276.0,Research & Development,2,1.0,Medical,1974,4,Female,59.0,1.0,1.0,Laboratory Technician,4,Divorced,1129.0,17536.0,1,Yes,11.0,3.0,3.0,3.0,1,4.0,3,1,0.0,0.0,0.0
42,No,Travel_Rarely,1147.0,Human Resources,10,3.0,Human Resources,1408,3,Female,31.0,3.0,4.0,Manager,1,Married,16679.875,16616.0,0,No,14.0,3.0,3.0,1.0,21,5.0,3,20,7.0,0.0,9.0
41,No,Travel_Rarely,918.0,Sales,6,3.0,Marketing,1708,4,Male,35.0,3.0,3.0,Sales Executive,3,Single,9241.0,15869.0,1,No,12.0,3.0,2.0,0.0,10,3.0,3,10,8.0,8.0,7.0
24,Yes,Travel_Rarely,813.0,Research & Development,1,3.0,Medical,45,2,Male,61.0,3.0,1.0,Research Scientist,4,Married,2293.0,3020.0,2,Yes,16.0,3.0,1.0,1.0,6,2.0,2,2,0.0,2.0,0.0
46,No,Travel_Rarely,569.0,Sales,13,3.0,Medical,2371,3,Female,79.0,3.0,2.0,Sales Executive,3,Married,4593.0,24198.0,3,Yes,14.0,3.0,3.0,1.0,14,4.0,2,3,4.0,1.0,2.0
36,Yes,Travel_Rarely,318.0,Research & Development,9,3.0,Medical,90,4,Male,79.0,2.0,1.0,Research Scientist,3,Married,3388.0,21777.0,0,Yes,17.0,3.0,1.0,1.0,2,0.0,2,1,0.0,0.0,0.0
34,No,Travel_Rarely,401.0,Research & Development,1,3.0,Life Sciences,1447,4,Female,86.0,2.0,1.0,Laboratory Technician,2,Married,4967.0,3708.0,5,No,17.0,3.0,1.0,1.0,10,2.0,2,5,4.0,0.0,2.0
57,No,Travel_Rarely,1150.0,Sales,3,3.0,Marketing,2239,4,Female,52.0,3.0,2.0,Sales Executive,1,Married,5941.0,17009.0,2,No,15.0,3.0,4.0,1.0,18,4.0,3,8,2.0,0.0,5.0
29,No,Travel_Rarely,1381.0,Research & Development,0,4.0,Medical,2254,1,Male,84.0,4.0,1.0,Laboratory Technician,4,Married,4422.0,13421.0,1,No,20.0,4.0,2.0,1.0,7,2.0,3,8,7.0,0.0,7.0
40,No,Travel_Rarely,329.0,Research & Development,7,4.0,Life Sciences,1361,2,Male,88.0,3.0,1.0,Laboratory Technician,2,Married,2387.0,6762.0,3,No,22.0,4.0,3.0,1.0,7,3.0,3,4,2.0,0.0,3.0
43,No,Travel_Rarely,623.0,Research & Development,0,4.0,Life Sciences,2469,3,Female,84.0,3.0,2.0,Healthcare Representative,4,Married,4091.0,5720.0,1,No,12.0,3.0,2.0,2.0,10,4.0,3,12,2.0,2.0,2.0
27,No,Travel_Rarely,1133.0,Research & Development,13,4.0,Technical Degree,2352,3,Female,39.0,3.0,1.0,Laboratory Technician,2,Married,2811.0,12083.0,9,No,16.0,3.0,2.0,1.0,4,2.0,3,2,2.0,2.0,2.0
29,No,Travel_Rarely,1329.0,Research & Development,7,3.0,Life Sciences,1260,3,Male,82.0,3.0,2.0,Healthcare Representative,4,Divorced,6623.0,4204.0,1,Yes,11.0,3.0,2.0,2.0,6,2.0,3,6,0.0,1.0,0.0
36,No,Travel_Rarely,1403.0,Research & Development,6,3.0,Life Sciences,373,4,Male,47.0,3.0,1.0,Laboratory Technician,4,Married,3210.0,20251.0,0,No,11.0,3.0,3.0,1.0,16,4.0,3,15,13.0,10.0,11.0
44,No,Travel_Rarely,1459.0,Research & Development,10,4.0,Other,40,4,Male,41.0,3.0,2.0,Healthcare Representative,4,Married,6465.0,19121.0,2,Yes,13.0,3.0,4.0,0.0,9,5.0,4,4,2.0,1.0,3.0
41,No,Travel_Rarely,549.0,Research & Development,7,2.0,Medical,1025,4,Female,42.0,3.0,2.0,Manufacturing Director,3,Single,5003.0,23371.0,6,No,14.0,3.0,2.0,0.0,8,6.0,3,2,2.0,2.0,1.0
25,Yes,Travel_Frequently,599.0,Sales,24,1.0,Life Sciences,1273,3,Male,73.0,1.0,1.0,Sales Representative,4,Single,1118.0,8040.0,1,Yes,14.0,3.0,4.0,0.0,1,4.0,3,1,0.0,1.0,0.0
39,No,Travel_Rarely,1383.0,Human Resources,2,3.0,Life Sciences,909,3,Female,42.0,2.0,2.0,Human Resources,4,Married,5204.0,7790.0,2,No,11.0,3.0,3.0,2.0,13,2.0,3,5,4.0,0.0,4.0
39,No,Travel_Rarely,1132.0,Research & Development,1,3.0,Medical,417,3,Male,48.0,4.0,3.0,Healthcare Representative,4,Divorced,9613.0,10942.0,2,No,17.0,3.0,1.0,3.0,19,5.0,2,18,10.0,3.0,7.0
23,No,Travel_Rarely,650.0,Research & Development,9,1.0,Medical,758,2,Male,37.0,3.0,1.0,Laboratory Technician,1,Married,2500.0,4344.0,1,No,14.0,3.0,4.0,1.0,5,2.0,4,4,3.0,0.0,2.0
38,No,Travel_Frequently,888.0,Human Resources,7,4.0,Human Resources,1563,3,Male,71.0,3.0,2.0,Human Resources,3,Married,6077.0,14814.0,3,No,11.0,3.0,3.0,0.0,10,2.0,3,6,3.0,1.0,2.0
35,No,Non-Travel,1180.0,Research & Development,2,2.0,Medical,1804,2,Male,90.0,3.0,2.0,Manufacturing Director,4,Divorced,5762.0,24442.0,2,No,14.0,3.0,3.0,1.0,15,6.0,3,5,7.0,1.0,7.0
27,No,Travel_Rarely,1331.0,Sales,32,4.0,Life Sciences,2193,3,Male,63.0,3.0,2.0,Sales Executive,1,Divorced,4118.0,13192.0,2,No,18.0,3.0,3.0,3.0,11,3.0,3,1,3.0,0.0,3.0
33,No,Travel_Frequently,430.0,Sales,7,3.0,Medical,1477,4,Male,54.0,3.0,2.0,Sales Executive,1,Married,4373.0,17456.0,0,No,14.0,3.0,1.0,2.0,5,2.0,3,4,3.0,0.0,3.0
37,No,Travel_Rarely,815.0,Research & Development,0,3.0,Medical,2272,4,Female,59.0,2.0,2.0,Laboratory Technician,4,Married,5364.0,10846.0,0,No,9.0,3.0,2.0,1.0,9,0.0,3,8,7.0,0.0,0.0
52,No,Travel_Rarely,1490.0,Research & Development,7,2.0,Life Sciences,546,4,Female,30.0,3.0,4.0,Manager,3,Married,16555.0,10310.0,2,No,13.0,3.0,4.0,0.0,31,2.0,1,5,2.0,1.0,4.0
38,No,Travel_Frequently,653.0,Research & Development,29,5.0,Life Sciences,79,4,Female,50.0,3.0,2.0,Laboratory Technician,4,Single,2406.0,5456.0,1,No,11.0,3.0,4.0,0.0,10,2.0,3,10,3.0,9.0,9.0
32,No,Travel_Rarely,634.0,Research & Development,5,4.0,Other,1607,2,Female,35.0,4.0,1.0,Research Scientist,4,Married,3312.0,18783.0,3,No,17.0,3.0,4.0,2.0,6,3.0,3,3,2.0,0.0,2.0
32,No,Travel_Rarely,727.0,Research & Development,30,1.0,Life Sciences,2547,4,Male,95.0,1.0,2.0,Healthcare Representative,3,Divorced,6385.0,21140.0,8,No,19.0,3.0,4.0,2.0,13,3.0,3,5,0.0,1.0,6.0
28,No,Travel_Rarely,640.0,Research & Development,1,3.0,Technical Degree,1301,4,Male,84.0,3.0,1.0,Research Scientist,1,Single,2080.0,4732.0,2,No,11.0,3.0,2.0,0.0,5,2.0,2,3,2.0,1.0,2.0
36,No,Travel_Frequently,793.0,Sales,1,1.0,Life Sciences,2249,4,Male,43.0,1.0,2.0,Sales Executive,4,Single,5068.0,20395.0,3,No,17.0,4.0,2.0,0.0,7,3.0,3,9,2.0,0.0,0.0
33,No,Travel_Frequently,1392.0,Research & Development,3,4.0,Life Sciences,5,4,Female,56.0,3.0,1.0,Research Scientist,3,Married,2909.0,23159.0,1,Yes,11.0,3.0,3.0,0.0,8,3.0,3,8,7.0,3.0,0.0
50,No,Travel_Frequently,1061.0,Research & Development,1,1.0,Life Sciences,2663,2,Male,45.0,3.0,5.0,Research Director,4,Married,16679.875,13735.0,3,No,14.0,3.0,4.0,0.0,25,3.0,3,7,4.0,4.0,3.0
35,Yes,Travel_Rarely,1204.0,Sales,4,3.0,Technical Degree,1100,3,Male,86.0,3.0,3.0,Sales Executive,1,Single,9582.0,10333.0,2,Yes,22.0,4.0,1.0,0.0,9,2.0,3,8,7.0,4.0,7.0
32,No,Travel_Rarely,988.0,Research & Development,5,4.0,Medical,2233,2,Male,96.0,2.0,3.0,Research Director,3,Married,11938.0,21529.0,1,No,20.0,3.0,3.0,0.0,7,2.0,3,13,2.0,0.0,7.0
40,No,Travel_Rarely,1194.0,Research & Development,2,4.0,Medical,2051,3,Female,98.0,3.0,1.0,Research Scientist,3,Married,2001.0,12549.0,2,No,14.0,3.0,2.0,3.0,20,2.0,3,5,3.0,0.0,2.0
45,No,Travel_Rarely,974.0,Research & Development,1,4.0,Medical,996,4,Female,91.0,3.0,1.0,Laboratory Technician,4,Divorced,2270.0,11005.0,3,No,14.0,3.0,4.0,2.0,8,2.0,3,5,3.0,0.0,2.0
53,No,Travel_Rarely,868.0,Sales,8,3.0,Marketing,897,1,Male,73.0,3.0,4.0,Sales Executive,4,Married,11836.0,22789.0,5,No,14.0,3.0,3.0,1.0,28,3.0,3,2,0.0,2.0,2.0
55,No,Travel_Rarely,1229.0,Research & Development,4,4.0,Life Sciences,1501,4,Male,30.0,3.0,2.0,Healthcare Representative,3,Married,4035.0,16143.0,0,Yes,16.0,3.0,2.0,0.0,4,2.0,3,3,2.0,1.0,2.0
27,No,Travel_Rarely,1220.0,Research & Development,5,3.0,Life Sciences,434,3,Female,85.0,3.0,1.0,Research Scientist,2,Single,2478.0,20938.0,1,Yes,12.0,3.0,2.0,0.0,4,2.0,2,4,3.0,1.0,2.0
38,No,Travel_Rarely,1303.0,Research & Development,23,2.0,Technical Degree,2150,1,Male,61.0,3.0,2.0,Research Scientist,4,Divorced,3322.0,24446.0,1,No,14.0,3.0,1.0,2.0,12,3.0,3,10,8.0,4.0,7.0
36,Yes,Travel_Rarely,417.0,Sales,3,4.0,Marketing,2154,3,Male,82.0,2.0,2.0,Sales Executive,2,Single,9907.0,26185.0,7,Yes,15.0,3.0,3.0,0.0,7,3.0,2,0,2.0,2.0,2.0
32,No,Travel_Rarely,334.0,Research & Development,5,2.0,Life Sciences,21,3,Male,80.0,4.0,1.0,Research Scientist,2,Divorced,3298.0,15053.0,0,Yes,12.0,3.0,4.0,2.0,7,5.0,2,6,2.0,0.0,5.0
32,Yes,Travel_Rarely,1045.0,Sales,4,4.0,Medical,291,4,Male,32.0,1.0,3.0,Sales Executive,4,Married,10400.0,25812.0,1,No,11.0,3.0,3.0,0.0,14,2.0,2,14,8.0,9.0,8.0
36,No,Non-Travel,1450.0,Research & Development,3,3.0,Medical,224,3,Male,79.0,2.0,1.0,Research Scientist,3,Divorced,2566.0,25326.0,1,Yes,15.0,3.0,4.0,1.0,1,2.0,2,1,1.0,0.0,1.0
40,No,Travel_Frequently,1184.0,Sales,2,4.0,Medical,1212,2,Male,62.0,3.0,2.0,Sales Executive,2,Married,4327.0,25440.0,5,No,12.0,3.0,4.0,3.0,5,2.0,3,0,0.0,0.0,0.0
21,Yes,Travel_Frequently,251.0,Research & Development,10,2.0,Life Sciences,1279,3,Female,45.0,2.0,1.0,Laboratory Technician,3,Single,2625.0,25308.0,1,No,20.0,4.0,3.0,0.0,2,2.0,1,2,2.0,2.0,2.0
44,No,Travel_Rarely,528.0,Human Resources,1,3.0,Life Sciences,1683,3,Female,44.0,3.0,1.0,Human Resources,4,Divorced,3195.0,4167.0,4,Yes,18.0,3.0,1.0,3.0,8,2.0,3,2,2.0,2.0,2.0
38,No,Travel_Rarely,688.0,Research & Development,23,4.0,Life Sciences,393,4,Male,82.0,3.0,2.0,Healthcare Representative,4,Divorced,5745.0,18899.0,9,No,14.0,3.0,2.0,1.0,10,2.0,3,2,2.0,1.0,2.0
30,No,Travel_Rarely,317.0,Research & Development,2,3.0,Life Sciences,548,3,Female,43.0,1.0,2.0,Manufacturing Director,4,Single,6091.0,24793.0,2,No,20.0,4.0,3.0,0.0,11,2.0,3,5,4.0,0.0,2.0
24,No,Travel_Frequently,567.0,Research & Development,2,1.0,Technical Degree,1646,1,Female,32.0,3.0,1.0,Research Scientist,4,Single,3760.0,17218.0,1,Yes,13.0,3.0,3.0,0.0,6,2.0,3,6,3.0,1.0,3.0
45,No,Travel_Rarely,788.0,Human Resources,7,4.0,Medical,1049,2,Male,36.0,3.0,1.0,Human Resources,2,Single,2177.0,8318.0,2,No,16.0,3.0,1.0,0.0,6,3.0,3,6,3.0,0.0,4.0
46,No,Travel_Rarely,1450.0,Research & Development,15,2.0,Life Sciences,1217,4,Male,52.0,3.0,5.0,Research Director,2,Married,16679.875,10849.0,5,No,11.0,3.0,1.0,1.0,25,2.0,3,4,2.0,0.0,3.0
25,No,Travel_Rarely,883.0,Sales,26,1.0,Medical,781,3,Female,32.0,3.0,2.0,Sales Executive,4,Single,4967.0,22807.0,1,No,23.0,4.0,2.0,0.0,6,5.0,2,6,5.0,1.0,4.0
59,No,Travel_Frequently,1224.0,Sales,0,1.0,Life Sciences,2396,1,Female,56.0,2.0,2.0,Sales Executive,3,Single,5476.0,24667.0,7,No,8.0,3.0,4.0,0.0,19,2.0,2,2,3.0,1.0,3.0
38,No,Travel_Rarely,594.0,Research & Development,2,2.0,Medical,1760,3,Female,75.0,2.0,1.0,Laboratory Technician,2,Married,2468.0,15963.0,4,No,14.0,3.0,2.0,1.0,9,4.0,2,6,1.0,0.0,5.0
43,No,Travel_Rarely,450.0,Research & Development,19,3.0,Life Sciences,2506,3,Female,86.0,3.0,3.0,Manufacturing Director,4,Single,7944.0,19947.0,6,Yes,14.0,3.0,4.0,0.0,20,2.0,2,1,2.0,3.0,3.0
31,No,Non-Travel,697.0,Research & Development,10,3.0,Medical,1979,3,Female,40.0,3.0,3.0,Research Director,3,Married,11031.0,26862.0,4,No,20.0,4.0,3.0,1.0,13,2.0,4,11,7.0,4.0,8.0
33,No,Travel_Rarely,1216.0,Sales,8,4.0,Marketing,677,3,Male,39.0,3.0,2.0,Sales Executive,3,Divorced,7104.0,20431.0,0,No,12.0,3.0,4.0,0.0,6,3.0,3,5,0.0,1.0,2.0
50,No,Travel_Rarely,989.0,Research & Development,7,2.0,Medical,80,2,Female,43.0,2.0,5.0,Research Director,3,Divorced,16679.875,16701.0,5,Yes,12.0,3.0,4.0,1.0,29,2.0,2,27,3.0,13.0,8.0
32,No,Travel_Frequently,967.0,Sales,8,3.0,Marketing,207,2,Female,43.0,3.0,3.0,Sales Executive,4,Single,8998.0,15589.0,1,No,14.0,3.0,4.0,0.0,9,2.0,3,9,8.0,3.0,7.0
35,Yes,Travel_Rarely,763.0,Sales,15,2.0,Medical,1645,1,Male,59.0,1.0,2.0,Sales Executive,4,Divorced,5440.0,22098.0,6,Yes,14.0,3.0,4.0,2.0,7,2.0,2,2,2.0,2.0,2.0
38,No,Travel_Rarely,343.0,Research & Development,15,2.0,Life Sciences,461,3,Male,92.0,2.0,3.0,Research Director,4,Divorced,11510.0,15682.0,0,Yes,14.0,3.0,2.0,1.0,12,3.0,3,11,10.0,2.0,9.0
36,No,Non-Travel,896.0,Research & Development,3,4.0,Medical,2541,4,Female,34.0,2.0,2.0,Manufacturing Director,3,Married,4371.0,15411.0,0,No,14.0,3.0,3.0,0.0,6,6.0,3,6,2.0,1.0,2.0
41,No,Travel_Rarely,1428.0,Research & Development,0,4.0,Medical,2662,3,Female,98.0,3.0,1.0,Laboratory Technician,3,Divorced,2229.0,15415.0,7,No,13.0,3.0,3.0,3.0,10,1.0,3,2,2.0,1.0,2.0
34,No,Travel_Rarely,947.0,Research & Development,10,3.0,Other,2546,3,Male,57.0,3.0,3.0,Manufacturing Director,3,Single,10218.0,18868.0,3,No,21.0,4.0,2.0,0.0,16,3.0,4,5,5.0,1.0,6.0
45,No,Non-Travel,1195.0,Research & Development,2,2.0,Medical,264,1,Male,65.0,2.0,4.0,Manager,4,Married,16679.875,20462.0,9,No,23.0,4.0,4.0,1.0,22,1.0,3,20,8.0,11.0,8.0
37,Yes,Travel_Frequently,504.0,Research & Development,10,3.0,Medical,342,1,Male,61.0,3.0,3.0,Manufacturing Director,3,Divorced,10048.0,22573.0,6,No,11.0,3.0,2.0,2.0,17,5.0,3,1,0.0,0.0,0.0
29,No,Travel_Frequently,1321.0,Sales,7,4.0,Marketing,2398,4,Male,78.0,3.0,2.0,Sales Executive,4,Single,4650.0,26074.0,8,No,15.0,3.0,3.0,0.0,7,2.0,4,0,0.0,0.0,0.0
27,No,Travel_Rarely,738.0,Research & Development,7,5.0,Other,2431,2,Male,32.0,2.0,1.0,Laboratory Technician,4,Single,3980.0,7623.0,0,No,19.0,3.0,3.0,0.0,5,2.0,3,4,2.0,2.0,2.0
34,No,Travel_Frequently,702.0,Research & Development,16,4.0,Life Sciences,838,3,Female,100.0,2.0,1.0,Research Scientist,4,Single,2553.0,8306.0,1,No,16.0,3.0,3.0,0.0,6,3.0,3,5,2.0,1.0,3.0
35,No,Travel_Rarely,583.0,Research & Development,25,4.0,Medical,1014,3,Female,57.0,3.0,3.0,Healthcare Representative,3,Divorced,10388.0,6975.0,1,Yes,11.0,3.0,3.0,1.0,16,3.0,2,16,10.0,10.0,1.0
26,No,Travel_Frequently,1096.0,Research & Development,6,3.0,Other,1918,3,Male,61.0,4.0,1.0,Laboratory Technician,4,Married,2544.0,7102.0,0,No,18.0,3.0,1.0,1.0,8,3.0,3,7,7.0,7.0,7.0
40,No,Travel_Frequently,580.0,Sales,5,4.0,Life Sciences,729,4,Male,48.0,2.0,3.0,Sales Executive,1,Married,10475.0,23772.0,5,Yes,21.0,4.0,3.0,1.0,20,2.0,3,18,13.0,1.0,12.0
26,No,Travel_Rarely,992.0,Sales,3,3.0,Medical,2435,1,Male,40.0,2.0,2.0,Sales Executive,3,Divorced,4185.0,3356.0,1,Yes,14.0,3.0,2.0,1.0,11,3.0,2,13,0.0,0.0,9.0
42,No,Travel_Rarely,557.0,Research & Development,18,4.0,Life Sciences,1998,4,Male,35.0,3.0,2.0,Research Scientist,1,Divorced,5410.0,11189.0,6,Yes,17.0,3.0,3.0,1.0,9,3.0,2,4,3.0,1.0,2.0
52,No,Travel_Rarely,681.0,Research & Development,9,3.0,Life Sciences,2339,1,Male,53.0,3.0,5.0,Research Director,3,Single,16679.875,6460.0,7,No,13.0,3.0,3.0,0.0,20,5.0,3,20,18.0,15.0,15.0
33,No,Travel_Rarely,832.0,Research & Development,5,4.0,Life Sciences,338,3,Female,63.0,2.0,1.0,Research Scientist,4,Married,2911.0,14776.0,1,No,13.0,3.0,3.0,1.0,2,2.0,2,2,2.0,0.0,2.0
20,No,Travel_Rarely,654.0,Sales,21,3.0,Marketing,1226,3,Male,43.0,4.0,1.0,Sales Representative,4,Single,2678.0,5050.0,1,No,17.0,3.0,4.0,0.0,2,2.0,3,2,1.0,2.0,2.0
36,No,Travel_Rarely,1433.0,Research & Development,1,4.0,Medical,2324,3,Female,98.0,3.0,1.0,Laboratory Technician,3,Divorced,2229.0,15417.0,7,No,11.0,3.0,3.0,3.0,6,1.0,3,3,2.0,1.0,2.0
31,No,Travel_Rarely,688.0,Sales,7,3.0,Life Sciences,613,3,Male,44.0,2.0,3.0,Manager,4,Divorced,11557.0,25291.0,9,No,21.0,4.0,3.0,1.0,10,3.0,2,5,4.0,0.0,1.0
36,No,Travel_Rarely,387.0,Sales,10,4.0,Life Sciences,2093,1,Female,69.0,3.0,1.0,Sales Representative,4,Married,2572.0,20315.0,1,No,16.0,3.0,2.0,1.0,0,1.0,2,3,2.0,0.0,2.0
18,Yes,Non-Travel,247.0,Research & Development,8,1.0,Medical,1156,3,Male,80.0,3.0,1.0,Laboratory Technician,3,Single,1904.0,13556.0,1,No,12.0,3.0,4.0,0.0,0,0.0,3,0,0.0,0.0,0.0
29,No,Travel_Frequently,490.0,Research & Development,10,3.0,Life Sciences,1143,4,Female,61.0,3.0,1.0,Research Scientist,2,Divorced,3291.0,17940.0,0,No,14.0,3.0,4.0,2.0,8,2.0,2,7,5.0,1.0,1.0
20,No,Travel_Rarely,959.0,Research & Development,1,3.0,Life Sciences,657,4,Female,83.0,2.0,1.0,Research Scientist,2,Single,2836.0,11757.0,1,No,13.0,3.0,4.0,0.0,1,0.0,4,1,0.0,0.0,0.0
27,No,Travel_Rarely,1383.0,Sales,8,2.0,Other,2354,1,Female,85.0,3.0,2.0,Sales Executive,3,Divorced,4905.0,13686.0,0,Yes,22.0,4.0,2.0,1.0,9,3.0,2,8,3.0,0.0,4.0
44,No,Travel_Rarely,1112.0,Human Resources,7,4.0,Life Sciences,665,1,Female,50.0,2.0,2.0,Human Resources,3,Single,5985.0,26894.0,4,No,11.0,3.0,2.0,0.0,10,1.0,4,2,2.0,0.0,2.0
37,No,Travel_Rarely,446.0,Research & Development,1,4.0,Life Sciences,635,3,Female,65.0,3.0,2.0,Manufacturing Director,3,Married,6447.0,15701.0,6,No,12.0,3.0,2.0,1.0,8,2.0,2,6,5.0,4.0,3.0
37,No,Travel_Rarely,1439.0,Research & Development,4,1.0,Life Sciences,1394,3,Male,54.0,3.0,1.0,Research Scientist,3,Married,2996.0,5182.0,7,Yes,15.0,3.0,4.0,0.0,8,2.0,3,6,4.0,1.0,3.0
34,Yes,Non-Travel,967.0,Research & Development,16,4.0,Technical Degree,1905,4,Male,85.0,1.0,1.0,Research Scientist,1,Married,2307.0,14460.0,1,Yes,23.0,4.0,2.0,1.0,5,2.0,3,5,2.0,3.0,0.0
40,No,Non-Travel,1151.0,Research & Development,7,5.0,Life Sciences,287,4,Male,63.0,2.0,2.0,Healthcare Representative,4,Married,4876.0,14242.0,9,No,14.0,3.0,4.0,1.0,5,5.0,1,3,2.0,0.0,2.0
39,No,Travel_Rarely,1037.0,Sales,0,4.0,Life Sciences,2638,2,Male,41.0,3.0,2.0,Sales Executive,4,Single,6864.0,4980.0,8,Yes,9.0,3.0,3.0,0.0,18,1.0,3,1,0.0,0.0,0.0
42,No,Travel_Rarely,419.0,Sales,12,4.0,Marketing,1943,2,Male,77.0,3.0,2.0,Sales Executive,4,Divorced,5087.0,2900.0,3,Yes,12.0,3.0,3.0,2.0,14,4.0,3,0,0.0,0.0,0.0
32,No,Travel_Rarely,381.0,Sales,11,4.0,Life Sciences,2686,1,Female,70.0,3.0,1.0,Sales Representative,4,Married,2573.0,20318.0,1,No,19.0,3.0,2.0,1.0,5,1.0,2,0,2.0,0.0,2.0
39,No,Travel_Rarely,170.0,Research & Development,3,2.0,Medical,1627,3,Male,76.0,2.0,2.0,Laboratory Technician,3,Divorced,3069.0,10302.0,0,No,15.0,3.0,4.0,1.0,11,3.0,3,10,8.0,0.0,7.0
58,No,Travel_Rarely,1145.0,Research & Development,9,3.0,Medical,214,2,Female,75.0,2.0,1.0,Research Scientist,2,Married,3346.0,11873.0,4,Yes,20.0,4.0,2.0,1.0,9,3.0,2,1,0.0,0.0,0.0
33,Yes,Travel_Rarely,465.0,Research & Development,2,2.0,Life Sciences,328,1,Female,39.0,3.0,1.0,Laboratory Technician,1,Married,2707.0,21509.0,7,No,20.0,4.0,1.0,0.0,13,3.0,4,9,7.0,1.0,7.0
28,No,Travel_Rarely,1117.0,Research & Development,8,2.0,Life Sciences,395,4,Female,66.0,3.0,1.0,Research Scientist,4,Single,3310.0,4488.0,1,No,21.0,4.0,4.0,0.0,5,3.0,3,5,3.0,0.0,2.0
36,No,Travel_Rarely,361.0,Research & Development,1,3.0,Technical Degree,2372,3,Female,79.0,1.0,3.0,Manufacturing Director,1,Divorced,10249.0,4232.0,2,Yes,24.0,4.0,3.0,1.0,15,2.0,3,4,7.0,7.0,7.0
35,No,Travel_Frequently,667.0,Research & Development,3,3.0,Medical,2074,4,Male,94.0,2.0,2.0,Healthcare Representative,1,Single,5346.0,25757.0,0,No,20.0,4.0,3.0,0.0,13,3.0,3,16,9.0,4.0,9.0
42,No,Travel_Rarely,1332.0,Research & Development,2,4.0,Other,477,1,Male,98.0,2.0,2.0,Healthcare Representative,4,Single,6781.0,17078.0,3,No,23.0,4.0,2.0,0.0,14,6.0,3,1,0.0,0.0,0.0
43,No,Travel_Frequently,559.0,Research & Development,10,4.0,Life Sciences,448,3,Female,82.0,2.0,2.0,Laboratory Technician,3,Divorced,5257.0,6227.0,1,No,11.0,3.0,2.0,1.0,9,3.0,4,9,7.0,0.0,0.0
41,No,Travel_Rarely,465.0,Research & Development,14,3.0,Life Sciences,227,1,Male,56.0,3.0,1.0,Research Scientist,3,Divorced,2451.0,4609.0,4,No,12.0,3.0,1.0,1.0,13,2.0,3,9,8.0,1.0,8.0
51,No,Travel_Rarely,955.0,Research & Development,8,2.0,Technical Degree,2087,4,Male,77.0,3.0,2.0,Research Scientist,1,Divorced,5575.0,22086.0,3,Yes,14.0,3.0,2.0,2.0,15,3.0,3,8,9.0,6.0,9.0
56,No,Travel_Rarely,1089.0,Sales,0,2.0,Technical Degree,2417,2,Male,68.0,3.0,3.0,Manager,4,Married,11906.0,11041.0,3,Yes,12.0,3.0,3.0,1.0,14,1.0,1,9,4.0,0.0,4.0
31,No,Travel_Rarely,140.0,Research & Development,12,1.0,Medical,246,3,Female,95.0,3.0,1.0,Research Scientist,4,Married,3929.0,6984.0,8,Yes,23.0,4.0,3.0,1.0,7,0.0,3,4,2.0,0.0,2.0
30,No,Travel_Rarely,241.0,Research & Development,7,3.0,Medical,1609,2,Male,48.0,2.0,1.0,Research Scientist,2,Married,2141.0,5348.0,1,No,12.0,3.0,2.0,1.0,6,3.0,2,6,4.0,1.0,1.0
38,No,Travel_Rarely,1084.0,Research & Development,29,3.0,Technical Degree,273,4,Male,54.0,3.0,2.0,Manufacturing Director,4,Married,6261.0,4185.0,3,No,18.0,3.0,1.0,1.0,9,3.0,1,7,7.0,1.0,7.0
41,No,Travel_Rarely,1206.0,Sales,23,2.0,Life Sciences,1678,4,Male,80.0,3.0,3.0,Sales Executive,3,Single,7082.0,11591.0,3,Yes,16.0,3.0,4.0,0.0,21,2.0,3,2,0.0,0.0,2.0
29,No,Travel_Rarely,590.0,Research & Development,4,3.0,Technical Degree,1762,4,Female,91.0,2.0,1.0,Research Scientist,1,Divorced,2109.0,10007.0,1,No,13.0,3.0,3.0,1.0,1,2.0,3,1,0.0,0.0,0.0
23,No,Travel_Rarely,1354.0,Sales,7,2.0,Other,2472,1,Female,31.0,3.0,2.0,Sales Executive,3,Married,5002.0,17516.0,0,No,19.0,4.0,1.0,1.0,3,2.0,3,3,2.0,0.0,2.0
32,Yes,Travel_Rarely,1033.0,Research & Development,9,3.0,Medical,190,1,Female,41.0,3.0,1.0,Laboratory Technician,1,Single,4200.0,10224.0,7,No,22.0,4.0,1.0,0.0,10,2.0,4,5,4.0,0.0,4.0
37,Yes,Travel_Rarely,1141.0,Research & Development,11,2.0,Medical,1033,1,Female,61.0,1.0,2.0,Healthcare Representative,2,Married,4777.0,14382.0,2,No,15.0,3.0,1.0,0.0,15,2.0,1,1,0.0,0.0,0.0
46,No,Travel_Rarely,644.0,Research & Development,1,4.0,Medical,288,4,Male,97.0,3.0,3.0,Healthcare Representative,1,Divorced,9396.0,12368.0,7,No,16.0,3.0,3.0,1.0,17,3.0,3,4,2.0,0.0,3.0
34,Yes,Travel_Frequently,988.0,Human Resources,23,3.0,Human Resources,590,2,Female,43.0,3.0,3.0,Human Resources,1,Divorced,9950.0,11533.0,9,Yes,15.0,3.0,3.0,3.0,11,2.0,3,3,2.0,0.0,2.0
54,No,Travel_Frequently,928.0,Research & Development,20,4.0,Life Sciences,450,4,Female,31.0,3.0,2.0,Research Scientist,3,Single,4869.0,16885.0,3,No,12.0,3.0,4.0,0.0,20,4.0,2,5,3.0,0.0,3.0
38,No,Travel_Rarely,1009.0,Sales,2,2.0,Life Sciences,1355,2,Female,31.0,3.0,2.0,Sales Executive,3,Divorced,6893.0,19461.0,3,No,15.0,3.0,4.0,1.0,10,3.0,3,7,7.0,1.0,7.0
43,No,Travel_Rarely,930.0,Research & Development,6,3.0,Medical,1402,1,Female,73.0,2.0,2.0,Research Scientist,3,Single,4081.0,20003.0,1,Yes,14.0,3.0,1.0,0.0,20,3.0,1,20,7.0,1.0,8.0
33,No,Non-Travel,1313.0,Research & Development,7,2.0,Medical,1994,3,Male,59.0,2.0,1.0,Laboratory Technician,3,Divorced,2008.0,20439.0,1,No,12.0,3.0,3.0,3.0,1,2.0,2,1,1.0,0.0,0.0
47,No,Travel_Rarely,471.0,Research & Development,17,4.0,Medical,2077,3,Female,99.0,3.0,2.0,Manufacturing Director,1,Married,6569.0,5552.0,1,No,11.0,3.0,3.0,0.0,13,2.0,2,18,11.0,5.0,11.0
29,No,Travel_Rarely,1010.0,Research & Development,1,3.0,Life Sciences,1249,1,Female,97.0,3.0,1.0,Research Scientist,4,Divorced,3760.0,5598.0,1,No,15.0,3.0,1.0,3.0,3,5.0,3,3,2.0,1.0,2.0
35,Yes,Travel_Rarely,1105.0,Human Resources,6,4.0,Technical Degree,2203,1,Female,54.0,3.0,1.0,Human Resources,3,Married,2739.0,3072.0,1,No,17.0,3.0,4.0,0.0,5,0.0,3,3,2.0,2.0,2.0
25,No,Travel_Rarely,266.0,Research & Development,1,3.0,Medical,1303,4,Female,40.0,3.0,1.0,Research Scientist,2,Single,2096.0,18830.0,1,No,18.0,3.0,4.0,0.0,2,3.0,2,2,2.0,2.0,1.0
34,No,Non-Travel,1065.0,Sales,23,4.0,Marketing,60,2,Male,72.0,3.0,2.0,Sales Executive,3,Single,4568.0,10034.0,0,No,20.0,4.0,3.0,0.0,10,2.0,3,9,5.0,8.0,7.0
50,No,Travel_Rarely,264.0,Sales,9,3.0,Marketing,1591,3,Male,59.0,3.0,5.0,Manager,3,Married,16679.875,19519.0,4,Yes,16.0,3.0,3.0,1.0,27,2.0,3,1,0.0,0.0,0.0
44,No,Non-Travel,111.0,Research & Development,17,3.0,Life Sciences,1206,3,Male,74.0,1.0,1.0,Research Scientist,3,Single,2290.0,4279.0,2,No,13.0,3.0,4.0,0.0,6,3.0,3,0,0.0,0.0,0.0
33,Yes,Travel_Frequently,827.0,Research & Development,29,4.0,Medical,1101,1,Female,54.0,2.0,2.0,Research Scientist,3,Single,4508.0,3129.0,1,No,22.0,4.0,2.0,0.0,14,4.0,3,13,7.0,3.0,8.0
31,No,Travel_Frequently,1125.0,Sales,7,4.0,Marketing,1833,1,Female,68.0,3.0,3.0,Sales Executive,1,Married,9637.0,8277.0,2,No,14.0,3.0,4.0,2.0,9,3.0,3,3,2.0,2.0,2.0
28,No,Travel_Rarely,1179.0,Research & Development,19,4.0,Medical,1216,4,Male,78.0,2.0,1.0,Laboratory Technician,1,Married,3196.0,12449.0,1,No,12.0,3.0,3.0,3.0,6,2.0,3,6,5.0,3.0,3.0
30,Yes,Travel_Frequently,825.0,Research & Development,30,4.0,Medical,2300,1,Female,54.0,2.0,2.0,Research Scientist,3,Single,4510.0,3132.0,1,No,20.0,4.0,2.0,0.0,15,4.0,3,16,7.0,3.0,8.0
38,No,Non-Travel,573.0,Research & Development,6,3.0,Medical,107,2,Female,79.0,1.0,2.0,Research Scientist,4,Divorced,5329.0,15717.0,7,Yes,12.0,3.0,4.0,3.0,17,3.0,3,13,11.0,1.0,9.0
36,No,Travel_Rarely,1423.0,Research & Development,1,3.0,Life Sciences,1506,1,Male,72.0,2.0,1.0,Research Scientist,3,Divorced,4967.0,12530.0,1,No,14.0,3.0,4.0,1.0,1,2.0,1,1,0.0,0.0,0.0
38,No,Travel_Frequently,1444.0,Human Resources,1,4.0,Other,1972,4,Male,88.0,3.0,1.0,Human Resources,2,Married,2991.0,5224.0,0,Yes,11.0,3.0,2.0,1.0,7,2.0,3,6,2.0,1.0,2.0
30,No,Travel_Rarely,921.0,Research & Development,1,3.0,Life Sciences,806,4,Male,38.0,1.0,1.0,Laboratory Technician,3,Married,3833.0,24375.0,3,No,21.0,4.0,3.0,2.0,7,2.0,3,2,2.0,0.0,2.0
35,No,Travel_Rarely,1361.0,Sales,17,4.0,Life Sciences,1218,3,Male,94.0,3.0,2.0,Sales Executive,1,Married,8966.0,21026.0,3,Yes,15.0,3.0,4.0,3.0,15,2.0,3,7,7.0,1.0,7.0
42,No,Travel_Frequently,1368.0,Research & Development,28,4.0,Technical Degree,551,4,Female,88.0,2.0,2.0,Healthcare Representative,4,Married,4523.0,4386.0,0,No,11.0,3.0,4.0,3.0,7,4.0,4,6,5.0,0.0,4.0
27,No,Travel_Rarely,812.0,Sales,6,3.0,Life Sciences,2568,4,Male,58.0,4.0,2.0,Sales Executive,2,Married,4852.0,15679.0,0,No,20.0,4.0,3.0,1.0,6,4.0,3,6,2.0,1.0,2.0
35,No,Travel_Rarely,287.0,Research & Development,1,4.0,Life Sciences,2052,3,Female,62.0,1.0,1.0,Research Scientist,4,Married,2977.0,8952.0,1,No,12.0,3.0,4.0,1.0,4,5.0,3,4,3.0,1.0,1.0
43,No,Travel_Rarely,574.0,Research & Development,11,3.0,Life Sciences,1971,1,Male,30.0,3.0,3.0,Healthcare Representative,3,Married,7510.0,16873.0,1,No,17.0,3.0,2.0,1.0,10,1.0,3,10,9.0,0.0,9.0
45,No,Travel_Rarely,950.0,Research & Development,28,3.0,Technical Degree,1546,4,Male,97.0,3.0,1.0,Research Scientist,4,Married,2132.0,4585.0,4,No,20.0,4.0,4.0,1.0,8,3.0,3,5,4.0,0.0,3.0
34,Yes,Non-Travel,1362.0,Sales,19,3.0,Marketing,502,3,Male,67.0,4.0,2.0,Sales Executive,4,Single,5304.0,4652.0,8,Yes,13.0,3.0,2.0,0.0,10,3.0,2,5,2.0,0.0,4.0
29,Yes,Travel_Frequently,746.0,Sales,24,3.0,Technical Degree,1928,3,Male,45.0,4.0,1.0,Sales Representative,1,Single,1091.0,10642.0,1,No,17.0,3.0,4.0,0.0,1,3.0,3,1,0.0,0.0,0.0
35,No,Travel_Rarely,1490.0,Research & Development,11,4.0,Medical,2003,4,Male,43.0,3.0,1.0,Laboratory Technician,3,Married,2660.0,20232.0,7,Yes,11.0,3.0,3.0,1.0,5,3.0,3,2,2.0,2.0,2.0
36,No,Travel_Rarely,1383.0,Research & Development,6,2.0,Life Sciences,2617,3,Female,74.0,3.0,1.0,Laboratory Technician,4,Single,2289.0,6320.0,1,No,11.0,3.0,3.0,0.0,0,3.0,3,3,2.0,2.0,1.0
31,Yes,Travel_Rarely,1365.0,Sales,13,4.0,Medical,650,2,Male,46.0,3.0,2.0,Sales Executive,1,Divorced,4233.0,11512.0,2,No,17.0,3.0,3.0,0.0,9,2.0,1,3,1.0,1.0,2.0
36,No,Travel_Rarely,1351.0,Research & Development,26,4.0,Life Sciences,1682,1,Male,80.0,3.0,2.0,Healthcare Representative,3,Married,5347.0,7419.0,6,No,14.0,3.0,2.0,2.0,10,2.0,2,3,2.0,0.0,2.0
36,No,Travel_Frequently,136.0,Research & Development,4,3.0,Medical,2677,2,Female,39.0,3.0,2.0,Laboratory Technician,2,Single,4427.0,15985.0,5,No,14.0,3.0,4.0,0.0,10,5.0,3,9,2.0,1.0,2.0
20,No,Travel_Rarely,538.0,Sales,0,1.0,Technical Degree,2289,3,Male,59.0,3.0,1.0,Sales Representative,1,Divorced,2321.0,9518.0,3,No,11.0,3.0,3.0,1.0,4,3.0,3,3,0.0,0.0,0.0
42,No,Travel_Rarely,622.0,Research & Development,2,4.0,Life Sciences,659,3,Female,81.0,3.0,2.0,Healthcare Representative,4,Married,4089.0,5718.0,1,No,13.0,3.0,2.0,2.0,10,4.0,3,10,2.0,2.0,2.0
36,No,Non-Travel,667.0,Research & Development,1,4.0,Life Sciences,2026,3,Male,57.0,3.0,2.0,Healthcare Representative,3,Divorced,6306.0,26236.0,1,No,21.0,4.0,1.0,1.0,13,2.0,2,13,12.0,1.0,9.0
48,No,Travel_Rarely,715.0,Research & Development,1,3.0,Life Sciences,1263,4,Male,76.0,2.0,5.0,Research Director,4,Single,16679.875,8733.0,6,No,12.0,3.0,3.0,0.0,25,3.0,4,1,0.0,0.0,0.0
34,No,Non-Travel,1381.0,Sales,4,4.0,Marketing,523,3,Female,72.0,3.0,2.0,Sales Executive,3,Married,6538.0,12740.0,9,No,15.0,3.0,1.0,1.0,6,3.0,3,3,2.0,1.0,2.0
28,Yes,Travel_Frequently,1009.0,Research & Development,1,3.0,Medical,1111,1,Male,45.0,2.0,1.0,Laboratory Technician,2,Divorced,2596.0,7160.0,1,No,15.0,3.0,1.0,2.0,1,2.0,3,1,0.0,0.0,0.0
36,No,Travel_Rarely,913.0,Research & Development,9,2.0,Medical,699,2,Male,48.0,2.0,2.0,Manufacturing Director,2,Divorced,8847.0,13934.0,2,Yes,11.0,3.0,3.0,1.0,13,2.0,3,3,2.0,0.0,2.0
38,No,Travel_Rarely,702.0,Sales,1,4.0,Life Sciences,230,3,Female,59.0,2.0,2.0,Sales Executive,4,Single,8686.0,12930.0,4,No,22.0,4.0,3.0,0.0,12,2.0,4,8,3.0,0.0,7.0
41,No,Travel_Frequently,857.0,Research & Development,10,3.0,Life Sciences,199,4,Male,91.0,2.0,4.0,Manager,3,Divorced,16679.875,12888.0,4,No,13.0,3.0,2.0,1.0,21,2.0,2,7,6.0,7.0,7.0
42,No,Travel_Rarely,603.0,Research & Development,7,4.0,Medical,1292,2,Female,78.0,4.0,2.0,Research Scientist,2,Married,2372.0,5628.0,6,Yes,16.0,3.0,4.0,0.0,18,2.0,3,1,0.0,0.0,0.0
40,No,Travel_Rarely,1031.0,Sales,18,3.0,Marketing,2288,4,Female,79.0,3.0,4.0,Manager,4,Married,16066.0,7741.0,5,Yes,25.0,4.0,3.0,1.0,21,3.0,3,15,13.0,1.0,9.0
23,Yes,Travel_Rarely,242.0,Human Resources,22,1.0,Human Resources,2199,4,Male,57.0,1.0,1.0,Human Resources,3,Married,1554.0,11585.0,1,No,13.0,3.0,3.0,1.0,2,2.0,3,0,0.0,0.0,0.0
29,No,Travel_Rarely,1062.0,Research & Development,22,3.0,Medical,2160,3,Female,99.0,2.0,2.0,Healthcare Representative,1,Single,6809.0,17199.0,1,No,19.0,3.0,2.0,0.0,11,2.0,3,7,9.0,1.0,8.0
35,Yes,Non-Travel,1360.0,Sales,20,3.0,Marketing,2560,1,Male,68.0,4.0,2.0,Sales Executive,4,Single,5307.0,4655.0,8,Yes,10.0,3.0,2.0,0.0,12,3.0,2,6,2.0,0.0,4.0
53,No,Travel_Rarely,1282.0,Research & Development,5,3.0,Other,32,3,Female,58.0,3.0,5.0,Manager,3,Divorced,16679.875,10735.0,4,No,11.0,3.0,4.0,1.0,26,3.0,2,14,13.0,4.0,8.0
41,No,Travel_Rarely,334.0,Sales,2,4.0,Life Sciences,410,4,Male,88.0,3.0,4.0,Manager,3,Single,16015.0,15896.0,1,No,19.0,3.0,2.0,0.0,22,2.0,3,22,10.0,0.0,4.0
35,No,Non-Travel,727.0,Research & Development,3,3.0,Life Sciences,704,3,Male,41.0,2.0,1.0,Laboratory Technician,3,Married,1281.0,16900.0,1,No,18.0,3.0,3.0,2.0,1,3.0,3,1,0.0,0.0,0.0
22,No,Travel_Rarely,1256.0,Research & Development,19,1.0,Medical,217,3,Male,80.0,3.0,1.0,Research Scientist,4,Married,2323.0,11992.0,2,No,24.0,4.0,1.0,2.0,2,6.0,3,2,2.0,2.0,2.0
45,No,Travel_Rarely,1469.0,Research & Development,19,3.0,Life Sciences,2674,4,Male,49.0,3.0,1.0,Research Scientist,2,Single,3423.0,21161.0,1,No,11.0,3.0,3.0,0.0,7,3.0,2,6,2.0,1.0,3.0
30,No,Travel_Rarely,634.0,Research & Development,17,4.0,Medical,1321,2,Female,95.0,3.0,3.0,Manager,3,Married,11916.0,25927.0,1,Yes,23.0,4.0,4.0,2.0,9,2.0,3,9,1.0,0.0,8.0
31,No,Travel_Rarely,131.0,Sales,2,3.0,Life Sciences,2465,3,Female,86.0,3.0,2.0,Sales Executive,1,Single,4535.0,6038.0,0,Yes,14.0,3.0,4.0,0.0,3,3.0,3,0,2.0,0.0,2.0
39,No,Travel_Rarely,1227.0,Research & Development,8,2.0,Life Sciences,2510,4,Male,80.0,4.0,1.0,Research Scientist,4,Single,4680.0,15232.0,3,No,17.0,3.0,1.0,0.0,1,2.0,3,0,0.0,0.0,0.0
55,No,Travel_Rarely,836.0,Research & Development,2,4.0,Technical Degree,1873,2,Male,98.0,2.0,1.0,Research Scientist,4,Married,2662.0,7975.0,8,No,20.0,4.0,2.0,1.0,19,2.0,4,5,2.0,0.0,4.0
47,No,Travel_Rarely,318.0,Sales,6,4.0,Marketing,2384,4,Male,51.0,3.0,1.0,Sales Representative,2,Married,3874.0,9985.0,7,No,16.0,3.0,4.0,1.0,6,2.0,3,0,2.0,2.0,2.0
36,No,Travel_Rarely,557.0,Sales,3,3.0,Medical,2024,1,Female,94.0,2.0,3.0,Sales Executive,4,Married,7644.0,12695.0,0,No,19.0,3.0,3.0,2.0,10,2.0,3,9,7.0,3.0,4.0
33,No,Non-Travel,1283.0,Sales,2,3.0,Marketing,1756,4,Female,62.0,3.0,2.0,Sales Executive,3,Single,5147.0,10697.0,8,No,15.0,3.0,4.0,0.0,13,2.0,2,11,7.0,1.0,7.0
25,No,Travel_Frequently,772.0,Research & Development,2,1.0,Life Sciences,1653,4,Male,77.0,4.0,2.0,Manufacturing Director,3,Divorced,5206.0,4973.0,1,No,17.0,3.0,3.0,2.0,7,6.0,3,7,7.0,0.0,7.0
35,No,Travel_Rarely,464.0,Research & Development,4,2.0,Other,53,3,Male,75.0,3.0,1.0,Laboratory Technician,4,Divorced,1951.0,10910.0,1,No,12.0,3.0,3.0,1.0,1,3.0,3,1,0.0,0.0,0.0
28,No,Travel_Rarely,304.0,Sales,9,4.0,Life Sciences,498,2,Male,92.0,3.0,2.0,Sales Executive,4,Single,5253.0,20750.0,2,No,16.0,3.0,4.0,0.0,7,1.0,3,7,5.0,0.0,7.0
38,No,Travel_Rarely,1495.0,Research & Development,10,3.0,Medical,634,3,Female,76.0,3.0,2.0,Healthcare Representative,3,Married,9824.0,22174.0,3,No,19.0,3.0,3.0,1.0,18,4.0,3,1,0.0,0.0,0.0
26,Yes,Travel_Rarely,1449.0,Research & Development,16,4.0,Medical,394,1,Male,45.0,3.0,1.0,Laboratory Technician,2,Divorced,2373.0,14180.0,2,Yes,13.0,3.0,4.0,1.0,5,2.0,3,3,2.0,0.0,2.0
32,No,Travel_Rarely,885.0,Sales,6,4.0,Life Sciences,2504,4,Male,89.0,3.0,3.0,Sales Executive,4,Divorced,7826.0,6810.0,6,No,10.0,3.0,2.0,1.0,14,2.0,3,8,9.0,0.0,8.0
58,No,Travel_Rarely,1055.0,Research & Development,1,3.0,Medical,1423,4,Female,76.0,3.0,5.0,Research Director,1,Married,16679.875,22456.0,3,Yes,21.0,4.0,3.0,1.0,32,3.0,3,9,8.0,1.0,5.0
31,No,Travel_Rarely,655.0,Research & Development,7,4.0,Life Sciences,76,4,Male,48.0,3.0,2.0,Laboratory Technician,4,Divorced,5915.0,9528.0,3,No,22.0,4.0,4.0,1.0,10,3.0,2,7,7.0,1.0,7.0
34,No,Travel_Rarely,1351.0,Research & Development,1,4.0,Life Sciences,1580,2,Male,45.0,3.0,2.0,Research Scientist,4,Married,5484.0,13008.0,9,No,17.0,3.0,2.0,1.0,9,3.0,2,2,2.0,2.0,1.0
55,No,Travel_Rarely,147.0,Research & Development,20,2.0,Technical Degree,389,2,Male,37.0,3.0,2.0,Laboratory Technician,4,Married,5415.0,15972.0,2,Yes,19.0,3.0,4.0,1.0,12,4.0,3,10,7.0,0.0,8.0
28,Yes,Travel_Rarely,1404.0,Research & Development,17,3.0,Technical Degree,1960,3,Male,32.0,2.0,1.0,Laboratory Technician,4,Divorced,2367.0,18779.0,5,No,12.0,3.0,1.0,1.0,6,2.0,2,4,1.0,0.0,3.0
36,No,Travel_Rarely,674.0,Research & Development,13,3.0,Medical,1543,1,Male,47.0,3.0,2.0,Research Scientist,4,Married,4285.0,3031.0,1,No,17.0,3.0,1.0,0.0,10,2.0,3,10,8.0,3.0,7.0
45,No,Non-Travel,1238.0,Research & Development,1,1.0,Life Sciences,1712,3,Male,74.0,2.0,3.0,Healthcare Representative,3,Married,10748.0,3395.0,3,No,23.0,4.0,4.0,1.0,25,3.0,2,23,15.0,14.0,4.0
32,No,Travel_Rarely,825.0,Research & Development,2,1.0,Life Sciences,2230,2,Male,77.0,3.0,2.0,Sales Executive,4,Single,6581.0,8343.0,4,Yes,16.0,3.0,3.0,0.0,9,2.0,4,4,5.0,0.0,5.0
51,No,Travel_Rarely,996.0,Research & Development,10,4.0,Life Sciences,2373,2,Male,87.0,3.0,3.0,Healthcare Representative,2,Single,10443.0,15319.0,2,No,17.0,3.0,4.0,0.0,16,4.0,3,6,6.0,4.0,0.0
35,No,Travel_Rarely,219.0,Research & Development,16,2.0,Other,1886,4,Female,44.0,2.0,2.0,Manufacturing Director,2,Married,4788.0,25388.0,0,Yes,11.0,3.0,4.0,0.0,4,2.0,3,3,2.0,0.0,2.0
30,No,Travel_Rarely,1427.0,Research & Development,2,1.0,Medical,198,3,Male,35.0,2.0,1.0,Laboratory Technician,4,Single,2720.0,11162.0,0,No,13.0,3.0,4.0,0.0,6,3.0,3,5,3.0,1.0,2.0
36,No,Travel_Rarely,991.0,Sales,7,3.0,Medical,1669,3,Male,43.0,2.0,2.0,Sales Executive,2,Divorced,4187.0,3356.0,2,Yes,13.0,3.0,2.0,1.0,10,3.0,2,10,0.0,0.0,9.0
19,No,Travel_Rarely,534.0,Research & Development,14,3.0,Medical,2270,2,Female,56.0,3.0,1.0,Laboratory Technician,4,Single,2872.0,23786.0,1,No,15.0,3.0,3.0,0.0,3,5.0,3,0,0.0,0.0,0.0
35,No,Travel_Rarely,588.0,Sales,11,2.0,Technical Degree,2451,3,Female,64.0,2.0,2.0,Sales Executive,2,Married,5228.0,24627.0,1,Yes,14.0,3.0,4.0,0.0,10,2.0,3,12,12.0,11.0,9.0
22,Yes,Travel_Rarely,1294.0,Research & Development,8,1.0,Medical,1783,3,Female,79.0,3.0,1.0,Laboratory Technician,1,Married,2398.0,15999.0,1,Yes,17.0,3.0,3.0,0.0,1,6.0,3,1,0.0,0.0,0.0
35,No,Travel_Rarely,835.0,Research & Development,19,3.0,Medical,2468,2,Male,61.0,1.0,2.0,Healthcare Representative,4,Married,5810.0,24540.0,3,Yes,19.0,3.0,3.0,1.0,12,2.0,3,0,0.0,1.0,0.0
35,No,Non-Travel,1061.0,Research & Development,25,5.0,Medical,2091,2,Female,69.0,3.0,2.0,Research Scientist,3,Married,4450.0,23865.0,3,Yes,14.0,3.0,1.0,2.0,18,2.0,3,12,11.0,10.0,7.0
47,No,Travel_Frequently,640.0,Research & Development,0,3.0,Medical,2434,3,Male,38.0,2.0,3.0,Healthcare Representative,1,Married,10672.0,3144.0,2,Yes,11.0,3.0,3.0,1.0,24,5.0,2,9,9.0,9.0,5.0
47,No,Non-Travel,1162.0,Research & Development,1,1.0,Medical,2000,3,Female,98.0,3.0,3.0,Research Director,2,Married,11957.0,17231.0,0,No,18.0,3.0,1.0,2.0,14,3.0,1,13,8.0,5.0,12.0
33,No,Travel_Rarely,589.0,Research & Development,28,4.0,Life Sciences,1549,2,Male,79.0,3.0,2.0,Laboratory Technician,3,Married,4967.0,22949.0,1,Yes,12.0,3.0,2.0,1.0,15,3.0,3,15,14.0,5.0,7.0
34,No,Travel_Rarely,308.0,Sales,13,4.0,Life Sciences,2439,4,Female,90.0,2.0,2.0,Sales Executive,4,Divorced,6695.0,24220.0,2,Yes,15.0,3.0,3.0,3.0,8,5.0,3,0,0.0,0.0,0.0
46,No,Travel_Rarely,943.0,Human Resources,3,2.0,Medical,2306,2,Male,78.0,3.0,2.0,Human Resources,2,Divorced,5021.0,10424.0,8,Yes,22.0,4.0,4.0,1.0,15,2.0,3,1,2.0,0.0,2.0
29,No,Travel_Rarely,136.0,Research & Development,1,3.0,Life Sciences,1954,1,Male,89.0,3.0,2.0,Healthcare Representative,1,Married,5373.0,6225.0,0,No,12.0,3.0,1.0,1.0,6,5.0,2,5,3.0,0.0,2.0
45,No,Travel_Rarely,918.0,Research & Development,17,2.0,Life Sciences,2261,4,Female,81.0,4.0,2.0,Research Scientist,1,Single,6542.0,23015.0,3,Yes,14.0,3.0,3.0,0.0,8,1.0,3,1,2.0,0.0,2.0
27,Yes,Travel_Frequently,110.0,Research & Development,3,3.0,Medical,2335,2,Female,57.0,3.0,1.0,Laboratory Technician,2,Single,2424.0,25724.0,0,No,14.0,3.0,1.0,0.0,3,3.0,3,0,2.0,1.0,2.0
27,No,Travel_Rarely,1100.0,Research & Development,14,3.0,Life Sciences,2183,1,Male,45.0,3.0,1.0,Research Scientist,1,Married,2234.0,14376.0,1,Yes,13.0,3.0,4.0,2.0,7,3.0,2,9,7.0,6.0,8.0
31,Yes,Travel_Frequently,703.0,Sales,2,3.0,Life Sciences,1379,3,Female,90.0,2.0,1.0,Sales Representative,4,Single,2785.0,11882.0,7,No,14.0,3.0,3.0,0.0,3,3.0,4,5,0.0,0.0,0.0
31,No,Travel_Rarely,1398.0,Human Resources,8,2.0,Medical,1461,4,Female,96.0,4.0,1.0,Human Resources,2,Single,2109.0,24609.0,9,No,18.0,3.0,4.0,0.0,10,3.0,3,3,2.0,0.0,2.0
46,No,Travel_Rarely,488.0,Sales,2,3.0,Technical Degree,363,3,Female,75.0,1.0,4.0,Manager,2,Married,16679.875,14977.0,3,Yes,12.0,3.0,2.0,1.0,28,2.0,2,7,7.0,7.0,7.0
41,No,Non-Travel,1248.0,Sales,21,4.0,Life Sciences,2331,1,Female,33.0,1.0,2.0,Sales Executive,3,Married,5735.0,3989.0,6,No,21.0,3.0,3.0,1.0,10,1.0,3,2,2.0,1.0,2.0
35,No,Travel_Rarely,1213.0,Sales,9,4.0,Marketing,2452,3,Male,36.0,3.0,2.0,Sales Executive,3,Divorced,7106.0,20430.0,0,No,14.0,3.0,4.0,0.0,7,3.0,3,6,0.0,1.0,2.0
29,Yes,Travel_Rarely,1092.0,Research & Development,1,4.0,Medical,2027,3,Male,36.0,3.0,1.0,Research Scientist,3,Married,4787.0,26124.0,9,Yes,14.0,3.0,2.0,3.0,4,3.0,4,2,2.0,2.0,2.0
40,No,Travel_Rarely,905.0,Research & Development,19,2.0,Medical,281,3,Male,99.0,3.0,2.0,Laboratory Technician,4,Married,2741.0,16523.0,8,Yes,15.0,3.0,3.0,1.0,15,2.0,4,7,2.0,3.0,7.0
42,No,Travel_Rarely,339.0,Sales,6,3.0,Marketing,2363,3,Female,52.0,3.0,2.0,Sales Executive,3,Married,4392.0,26843.0,5,No,24.0,4.0,3.0,1.0,12,3.0,3,7,4.0,1.0,4.0
50,Yes,Travel_Rarely,869.0,Sales,3,2.0,Marketing,47,1,Male,86.0,2.0,1.0,Sales Representative,3,Married,2683.0,3810.0,1,Yes,14.0,3.0,3.0,0.0,3,2.0,3,3,2.0,0.0,2.0
40,No,Travel_Rarely,107.0,Sales,10,3.0,Technical Degree,1239,2,Female,84.0,2.0,2.0,Sales Executive,2,Divorced,6852.0,11591.0,7,No,12.0,3.0,2.0,1.0,10,2.0,3,5,1.0,1.0,3.0
59,No,Travel_Frequently,1225.0,Sales,1,1.0,Life Sciences,91,1,Female,57.0,2.0,2.0,Sales Executive,3,Single,5473.0,24668.0,7,No,11.0,3.0,4.0,0.0,20,2.0,2,4,3.0,1.0,3.0
39,No,Travel_Rarely,412.0,Research & Development,13,4.0,Medical,1307,3,Female,94.0,2.0,4.0,Manager,3,Divorced,16679.875,17334.0,6,Yes,13.0,3.0,4.0,2.0,21,4.0,3,19,9.0,15.0,2.0
22,No,Travel_Rarely,594.0,Research & Development,2,1.0,Technical Degree,169,3,Male,100.0,3.0,1.0,Laboratory Technician,4,Married,2523.0,19299.0,0,No,14.0,3.0,3.0,1.0,3,2.0,3,2,1.0,2.0,1.0
42,No,Travel_Rarely,300.0,Research & Development,2,3.0,Life Sciences,2031,1,Male,56.0,3.0,5.0,Manager,3,Married,16679.875,17312.0,5,No,11.0,3.0,1.0,0.0,24,2.0,2,22,6.0,4.0,14.0
35,No,Travel_Rarely,688.0,Sales,12,2.0,Medical,2076,4,Male,37.0,1.0,2.0,Sales Executive,4,Divorced,4666.0,22813.0,0,No,19.0,3.0,4.0,3.0,10,2.0,4,10,7.0,0.0,7.0
31,No,Non-Travel,1188.0,Sales,20,2.0,Marketing,947,4,Female,45.0,3.0,2.0,Sales Executive,3,Married,6932.0,24406.0,1,No,13.0,3.0,4.0,1.0,9,2.0,2,9,8.0,0.0,0.0
53,No,Travel_Frequently,1249.0,Human Resources,5,3.0,Medical,2256,1,Male,100.0,3.0,5.0,Manager,2,Married,16679.875,8002.0,1,No,8.0,3.0,3.0,1.0,31,2.0,3,31,5.0,10.0,7.0
51,No,Travel_Rarely,942.0,Research & Development,3,3.0,Technical Degree,1786,1,Female,53.0,3.0,3.0,Manager,3,Married,13116.0,22984.0,2,No,11.0,3.0,4.0,0.0,15,2.0,3,2,2.0,2.0,2.0
45,No,Non-Travel,1050.0,Sales,9,4.0,Life Sciences,1117,2,Female,65.0,2.0,2.0,Sales Executive,3,Married,5593.0,17970.0,1,No,13.0,3.0,4.0,1.0,15,2.0,3,15,10.0,4.0,12.0
33,No,Travel_Rarely,536.0,Sales,10,5.0,Marketing,1268,4,Male,82.0,4.0,3.0,Sales Executive,3,Divorced,8380.0,21708.0,0,Yes,14.0,3.0,4.0,2.0,10,3.0,3,9,8.0,0.0,8.0
31,Yes,Travel_Frequently,534.0,Research & Development,20,3.0,Life Sciences,587,1,Male,66.0,3.0,3.0,Healthcare Representative,3,Married,9824.0,22908.0,2,No,12.0,3.0,1.0,0.0,12,2.0,3,1,0.0,0.0,0.0
40,No,Travel_Rarely,523.0,Research & Development,2,3.0,Life Sciences,1346,3,Male,98.0,3.0,2.0,Research Scientist,4,Single,4661.0,22455.0,1,No,13.0,3.0,3.0,0.0,9,4.0,3,9,8.0,8.0,8.0
29,No,Travel_Rarely,1283.0,Research & Development,23,3.0,Life Sciences,495,4,Male,54.0,3.0,1.0,Research Scientist,4,Single,2201.0,18168.0,9,No,16.0,3.0,4.0,0.0,6,4.0,3,3,2.0,1.0,2.0
32,No,Travel_Frequently,826.0,Research & Development,2,4.0,Other,2461,3,Female,81.0,4.0,2.0,Healthcare Representative,2,Married,5489.0,20160.0,1,Yes,10.0,3.0,1.0,1.0,7,2.0,3,8,5.0,1.0,2.0
50,No,Non-Travel,145.0,Sales,1,3.0,Life Sciences,1040,4,Female,95.0,3.0,2.0,Sales Executive,3,Married,6347.0,24920.0,0,No,12.0,3.0,1.0,1.0,19,3.0,3,18,7.0,0.0,13.0
32,No,Non-Travel,862.0,Sales,2,1.0,Life Sciences,1190,3,Female,76.0,3.0,1.0,Sales Representative,1,Divorced,2827.0,14947.0,1,No,12.0,3.0,3.0,3.0,1,3.0,3,1,0.0,0.0,0.0
36,No,Travel_Rarely,852.0,Research & Development,5,4.0,Life Sciences,51,2,Female,82.0,2.0,1.0,Research Scientist,1,Married,3419.0,13072.0,9,Yes,14.0,3.0,4.0,1.0,6,3.0,4,1,1.0,0.0,0.0
32,No,Travel_Frequently,159.0,Research & Development,3,3.0,Medical,2564,3,Female,72.0,3.0,1.0,Research Scientist,3,Divorced,2082.0,22652.0,1,No,19.0,4.0,3.0,1.0,4,2.0,3,0,0.0,0.0,0.0
55,Yes,Travel_Rarely,725.0,Research & Development,2,3.0,Medical,787,4,Male,78.0,3.0,5.0,Manager,1,Married,16679.875,21199.0,5,Yes,13.0,3.0,4.0,1.0,24,2.0,3,5,2.0,1.0,4.0
36,Yes,Travel_Rarely,530.0,Sales,3,1.0,Life Sciences,967,3,Male,51.0,2.0,3.0,Sales Executive,4,Married,10325.0,5518.0,1,Yes,11.0,3.0,1.0,1.0,16,6.0,3,5,7.0,3.0,7.0
42,No,Non-Travel,335.0,Research & Development,7,2.0,Life Sciences,1976,3,Male,37.0,2.0,2.0,Research Scientist,3,Single,4332.0,14811.0,1,No,12.0,3.0,4.0,0.0,20,2.0,3,20,9.0,3.0,7.0
40,No,Travel_Frequently,1425.0,Sales,1,4.0,Life Sciences,2445,1,Male,94.0,3.0,2.0,Sales Executive,4,Married,5676.0,19248.0,1,No,20.0,4.0,3.0,1.0,9,5.0,3,8,7.0,7.0,7.0
33,Yes,Travel_Rarely,603.0,Sales,9,4.0,Marketing,1157,1,Female,77.0,3.0,2.0,Sales Executive,1,Single,8224.0,18385.0,0,Yes,17.0,3.0,1.0,0.0,6,3.0,3,5,2.0,0.0,3.0
25,Yes,Travel_Rarely,983.0,Research & Development,16,2.0,Life Sciences,2700,4,Female,100.0,3.0,1.0,Laboratory Technician,2,Married,4967.0,3373.0,1,No,12.0,3.0,1.0,1.0,0,3.0,1,0,0.0,0.0,0.0
20,Yes,Travel_Frequently,757.0,Sales,1,1.0,Technical Degree,2458,1,Female,100.0,2.0,1.0,Sales Representative,2,Single,2173.0,9152.0,1,Yes,12.0,3.0,3.0,0.0,1,3.0,3,5,2.0,1.0,2.0
57,No,Travel_Rarely,405.0,Research & Development,1,2.0,Life Sciences,1483,2,Male,93.0,4.0,2.0,Research Scientist,3,Married,4900.0,2721.0,0,No,24.0,4.0,1.0,1.0,13,2.0,2,12,9.0,2.0,8.0
35,No,Travel_Rarely,982.0,Research & Development,1,4.0,Life Sciences,1172,4,Male,58.0,2.0,1.0,Laboratory Technician,3,Married,2258.0,16340.0,6,No,12.0,3.0,2.0,1.0,10,2.0,3,8,0.0,1.0,7.0
53,No,Travel_Rarely,1395.0,Research & Development,24,4.0,Medical,1689,2,Male,48.0,4.0,3.0,Healthcare Representative,3,Married,7005.0,3458.0,3,No,15.0,3.0,3.0,0.0,11,2.0,3,4,3.0,1.0,2.0
42,No,Travel_Frequently,1196.0,Research & Development,1,1.0,Medical,2717,2,Male,86.0,3.0,3.0,Manufacturing Director,3,Single,10208.0,19717.0,5,Yes,16.0,3.0,2.0,0.0,17,2.0,2,0,2.0,2.0,2.0
26,No,Travel_Rarely,192.0,Research & Development,1,2.0,Medical,1083,1,Male,59.0,2.0,1.0,Laboratory Technician,1,Married,3955.0,11141.0,1,No,16.0,3.0,1.0,2.0,6,2.0,3,5,3.0,1.0,3.0
25,No,Travel_Rarely,1356.0,Research & Development,10,4.0,Life Sciences,1240,3,Male,57.0,3.0,2.0,Sales Executive,4,Single,4950.0,20623.0,0,No,14.0,3.0,2.0,0.0,5,4.0,3,4,3.0,1.0,1.0
33,No,Travel_Rarely,267.0,Research & Development,21,3.0,Medical,1698,2,Male,79.0,4.0,1.0,Laboratory Technician,2,Married,2028.0,13637.0,1,No,18.0,3.0,4.0,3.0,10,6.0,3,14,11.0,2.0,13.0
47,Yes,Travel_Frequently,1093.0,Sales,9,3.0,Life Sciences,1716,3,Male,82.0,1.0,4.0,Sales Executive,3,Married,12936.0,24164.0,7,No,11.0,3.0,3.0,0.0,25,3.0,1,23,5.0,14.0,10.0
60,No,Travel_Rarely,715.0,Research & Development,2,3.0,Life Sciences,1032,3,Female,69.0,2.0,4.0,Manufacturing Director,4,Single,13726.0,21829.0,3,Yes,13.0,3.0,1.0,0.0,30,4.0,3,5,3.0,4.0,3.0
41,No,Travel_Rarely,898.0,Human Resources,7,2.0,Medical,2071,3,Male,37.0,3.0,4.0,Manager,4,Single,16434.0,17378.0,1,Yes,23.0,4.0,4.0,0.0,18,2.0,3,23,7.0,7.0,7.0
45,No,Non-Travel,248.0,Research & Development,23,2.0,Life Sciences,1002,4,Male,42.0,3.0,2.0,Laboratory Technician,1,Married,3633.0,14039.0,1,Yes,15.0,3.0,3.0,1.0,9,2.0,3,9,8.0,0.0,8.0
47,No,Travel_Rarely,1310.0,Sales,10,4.0,Marketing,2562,4,Male,78.0,3.0,2.0,Sales Executive,4,Single,4510.0,8190.0,3,No,10.0,3.0,3.0,0.0,11,1.0,4,5,1.0,0.0,4.0
55,No,Travel_Rarely,478.0,Research & Development,2,3.0,Medical,1770,3,Male,60.0,2.0,5.0,Research Director,1,Married,16679.875,19805.0,8,No,12.0,3.0,2.0,3.0,34,2.0,3,1,0.0,0.0,0.0
32,No,Travel_Rarely,601.0,Sales,7,5.0,Marketing,1446,4,Male,97.0,3.0,2.0,Sales Executive,4,Married,9204.0,23343.0,4,No,12.0,3.0,3.0,1.0,7,3.0,2,4,3.0,0.0,3.0
30,No,Travel_Rarely,305.0,Research & Development,16,3.0,Life Sciences,1763,3,Male,58.0,4.0,2.0,Healthcare Representative,3,Married,5294.0,9128.0,3,No,16.0,3.0,3.0,1.0,10,3.0,3,7,0.0,1.0,7.0
38,No,Travel_Rarely,395.0,Sales,9,3.0,Marketing,893,2,Male,98.0,2.0,1.0,Sales Representative,2,Married,2899.0,12102.0,0,No,19.0,3.0,4.0,1.0,3,3.0,3,2,2.0,1.0,2.0
48,Yes,Travel_Frequently,708.0,Sales,7,2.0,Medical,1691,4,Female,95.0,3.0,1.0,Sales Representative,3,Married,2655.0,11740.0,2,Yes,11.0,3.0,3.0,2.0,10,3.0,3,9,7.0,7.0,7.0
36,Yes,Travel_Rarely,697.0,Research & Development,4,1.0,Medical,2278,2,Male,81.0,3.0,1.0,Research Scientist,1,Single,2962.0,17101.0,2,No,14.0,3.0,3.0,0.0,8,2.0,3,6,2.0,1.0,3.0
36,No,Travel_Rarely,1405.0,Sales,2,3.0,Life Sciences,2131,1,Male,58.0,2.0,1.0,Sales Representative,1,Single,2859.0,11472.0,4,No,15.0,3.0,1.0,0.0,19,3.0,2,0,0.0,0.0,0.0
36,No,Travel_Rarely,1040.0,Research & Development,3,2.0,Life Sciences,1664,4,Male,79.0,4.0,2.0,Healthcare Representative,1,Divorced,6842.0,26308.0,6,No,20.0,4.0,1.0,1.0,13,3.0,3,5,4.0,0.0,4.0
60,No,Travel_Rarely,422.0,Research & Development,7,3.0,Life Sciences,549,1,Female,41.0,3.0,5.0,Manager,1,Married,16679.875,3854.0,5,No,11.0,3.0,4.0,0.0,33,5.0,1,29,8.0,11.0,10.0
36,Yes,Travel_Rarely,1146.0,Sales,8,3.0,Life Sciences,796,4,Male,38.0,2.0,2.0,Sales Executive,1,Single,5326.0,3064.0,6,No,17.0,3.0,3.0,0.0,6,2.0,2,4,3.0,1.0,2.0
28,No,Travel_Frequently,193.0,Research & Development,2,3.0,Life Sciences,1296,4,Male,52.0,2.0,1.0,Laboratory Technician,4,Married,3867.0,14222.0,1,Yes,12.0,3.0,2.0,1.0,2,2.0,3,2,2.0,2.0,2.0
33,No,Travel_Rarely,654.0,Research & Development,5,3.0,Life Sciences,1099,4,Male,34.0,2.0,3.0,Healthcare Representative,4,Divorced,7119.0,21214.0,4,No,15.0,3.0,3.0,1.0,9,2.0,3,3,2.0,1.0,2.0
48,No,Travel_Rarely,1456.0,Sales,1,4.0,Life Sciences,2712,4,Female,67.0,2.0,1.0,Sales Representative,4,Single,3292.0,13137.0,1,Yes,16.0,3.0,1.0,0.0,3,3.0,2,2,2.0,1.0,2.0
35,No,Travel_Rarely,1146.0,Human Resources,26,4.0,Life Sciences,2040,3,Female,31.0,3.0,3.0,Human Resources,3,Single,8837.0,16642.0,1,Yes,16.0,3.0,3.0,0.0,9,2.0,3,9,0.0,1.0,7.0
29,No,Travel_Rarely,632.0,Research & Development,3,4.0,Other,2426,2,Female,33.0,4.0,1.0,Research Scientist,4,Married,3313.0,18782.0,3,No,19.0,3.0,4.0,2.0,9,3.0,3,1,2.0,0.0,2.0
35,No,Travel_Frequently,1182.0,Sales,11,2.0,Marketing,1137,4,Male,54.0,3.0,2.0,Sales Executive,4,Divorced,4968.0,18500.0,1,No,11.0,3.0,4.0,1.0,5,3.0,3,5,2.0,0.0,2.0
28,No,Travel_Rarely,993.0,Research & Development,5,3.0,Life Sciences,2355,3,Female,71.0,3.0,1.0,Laboratory Technician,4,Married,2656.0,17758.0,1,Yes,11.0,3.0,3.0,1.0,0,2.0,3,3,2.0,0.0,2.0
20,No,Travel_Rarely,802.0,Research & Development,1,3.0,Life Sciences,2415,1,Male,89.0,2.0,1.0,Laboratory Technician,3,Single,3033.0,12827.0,1,No,13.0,3.0,1.0,0.0,4,2.0,2,0,2.0,1.0,2.0
25,No,Travel_Rarely,1354.0,Sales,4,2.0,Other,2178,1,Female,31.0,3.0,2.0,Sales Executive,3,Married,4998.0,17516.0,0,No,22.0,4.0,1.0,1.0,1,2.0,2,1,2.0,0.0,2.0
53,No,Travel_Rarely,432.0,Research & Development,5,4.0,Medical,2081,4,Female,65.0,3.0,2.0,Research Scientist,4,Married,6853.0,15698.0,4,No,17.0,3.0,2.0,1.0,14,2.0,2,10,1.0,1.0,7.0
49,No,Travel_Frequently,636.0,Research & Development,10,4.0,Life Sciences,396,3,Female,35.0,3.0,5.0,Research Director,1,Single,16679.875,25594.0,9,Yes,11.0,3.0,4.0,0.0,22,4.0,3,3,2.0,1.0,2.0
35,No,Travel_Rarely,890.0,Sales,2,3.0,Marketing,49,4,Female,97.0,3.0,1.0,Sales Representative,4,Married,2014.0,9687.0,1,No,13.0,3.0,1.0,0.0,2,3.0,3,2,2.0,2.0,2.0
44,No,Travel_Rarely,921.0,Research & Development,2,3.0,Life Sciences,1703,3,Female,96.0,4.0,3.0,Healthcare Representative,3,Married,7879.0,14810.0,1,Yes,19.0,3.0,2.0,1.0,9,2.0,3,8,7.0,6.0,7.0
38,No,Travel_Rarely,362.0,Research & Development,1,1.0,Life Sciences,662,3,Female,43.0,3.0,1.0,Research Scientist,1,Single,2619.0,14561.0,3,No,17.0,3.0,4.0,0.0,8,3.0,2,0,0.0,0.0,0.0
29,No,Travel_Frequently,574.0,Research & Development,20,1.0,Medical,1852,4,Male,40.0,3.0,1.0,Laboratory Technician,4,Married,3812.0,7003.0,1,No,13.0,3.0,2.0,0.0,11,3.0,4,11,8.0,3.0,10.0
40,No,Travel_Rarely,759.0,Sales,2,2.0,Marketing,516,4,Female,46.0,3.0,2.0,Sales Executive,2,Divorced,5715.0,22553.0,7,No,12.0,3.0,3.0,2.0,10,5.0,3,5,4.0,1.0,3.0
35,No,Non-Travel,1225.0,Research & Development,2,4.0,Life Sciences,771,4,Female,61.0,3.0,2.0,Healthcare Representative,1,Divorced,5093.0,4761.0,2,No,11.0,3.0,1.0,1.0,16,2.0,4,1,0.0,0.0,0.0
39,Yes,Travel_Rarely,1122.0,Research & Development,6,3.0,Medical,932,4,Male,70.0,3.0,1.0,Laboratory Technician,1,Married,2404.0,4303.0,7,Yes,21.0,4.0,4.0,0.0,8,2.0,1,2,2.0,2.0,2.0
25,No,Travel_Rarely,978.0,Research & Development,1,1.0,Other,2698,3,Male,56.0,3.0,1.0,Laboratory Technician,3,Divorced,3974.0,7295.0,6,Yes,20.0,3.0,3.0,1.0,6,2.0,2,3,2.0,0.0,2.0
33,No,Non-Travel,750.0,Sales,22,2.0,Marketing,160,3,Male,95.0,3.0,2.0,Sales Executive,2,Married,6146.0,15480.0,0,No,13.0,3.0,1.0,1.0,8,2.0,4,7,7.0,0.0,7.0
32,No,Travel_Frequently,689.0,Sales,9,2.0,Medical,195,4,Male,35.0,1.0,2.0,Sales Executive,4,Divorced,4668.0,22812.0,0,No,17.0,3.0,4.0,3.0,9,2.0,4,8,7.0,0.0,7.0
41,No,Travel_Rarely,896.0,Sales,6,3.0,Life Sciences,298,4,Female,75.0,3.0,3.0,Manager,4,Single,13591.0,14674.0,3,Yes,18.0,3.0,3.0,0.0,16,3.0,3,1,0.0,0.0,0.0
39,No,Travel_Rarely,524.0,Research & Development,18,2.0,Life Sciences,1322,1,Male,32.0,3.0,2.0,Manufacturing Director,3,Single,4534.0,13352.0,0,No,11.0,3.0,1.0,0.0,9,6.0,3,8,7.0,1.0,7.0
30,No,Non-Travel,879.0,Research & Development,9,2.0,Medical,1298,3,Female,72.0,3.0,2.0,Manufacturing Director,3,Single,4695.0,12858.0,7,Yes,18.0,3.0,3.0,0.0,10,3.0,3,8,4.0,1.0,7.0
26,Yes,Travel_Frequently,575.0,Research & Development,3,1.0,Technical Degree,510,3,Male,73.0,3.0,1.0,Research Scientist,1,Single,3102.0,6582.0,0,No,22.0,4.0,3.0,0.0,7,2.0,3,6,4.0,0.0,4.0
35,No,Travel_Rarely,750.0,Research & Development,28,3.0,Life Sciences,1596,2,Male,46.0,4.0,2.0,Laboratory Technician,3,Married,3407.0,25348.0,1,No,17.0,3.0,4.0,2.0,10,3.0,2,10,9.0,6.0,8.0
33,No,Travel_Rarely,1242.0,Sales,8,4.0,Life Sciences,1560,1,Male,46.0,3.0,2.0,Sales Executive,1,Married,6392.0,10589.0,2,No,13.0,3.0,4.0,1.0,8,6.0,1,2,2.0,2.0,2.0
52,No,Travel_Rarely,1125.0,Research & Development,3,2.0,Medical,2309,4,Male,66.0,3.0,4.0,Research Director,4,Divorced,16679.875,6616.0,9,No,24.0,4.0,3.0,1.0,32,1.0,2,4,4.0,1.0,3.0
34,No,Travel_Rarely,1130.0,Research & Development,3,3.0,Life Sciences,1658,4,Female,66.0,3.0,2.0,Research Scientist,2,Divorced,5433.0,19332.0,1,No,12.0,3.0,3.0,1.0,11,2.0,3,11,8.0,7.0,9.0
21,No,Non-Travel,895.0,Sales,9,2.0,Medical,484,1,Male,39.0,3.0,1.0,Sales Representative,4,Single,2610.0,2851.0,1,No,24.0,4.0,3.0,0.0,3,3.0,2,3,2.0,2.0,2.0
42,No,Travel_Frequently,1271.0,Research & Development,2,1.0,Medical,875,2,Male,35.0,3.0,1.0,Research Scientist,4,Single,2515.0,9068.0,5,Yes,14.0,3.0,4.0,0.0,8,2.0,3,2,1.0,2.0,2.0
43,No,Travel_Rarely,920.0,Research & Development,3,3.0,Life Sciences,1255,3,Male,96.0,1.0,5.0,Research Director,4,Married,16679.875,18625.0,3,No,14.0,3.0,2.0,1.0,25,2.0,3,8,7.0,0.0,7.0
21,Yes,Travel_Rarely,156.0,Sales,7,3.0,Life Sciences,494,3,Female,90.0,4.0,1.0,Sales Representative,2,Single,4967.0,25422.0,2,No,15.0,3.0,4.0,0.0,10,0.0,3,1,0.0,0.0,0.0
38,No,Travel_Rarely,645.0,Research & Development,3,3.0,Life Sciences,2523,3,Male,76.0,3.0,1.0,Research Scientist,4,Married,2779.0,21412.0,3,No,23.0,4.0,1.0,1.0,13,3.0,3,2,3.0,1.0,0.0
46,No,Travel_Rarely,1319.0,Sales,3,3.0,Technical Degree,1863,3,Female,45.0,4.0,4.0,Sales Executive,1,Divorced,13225.0,7739.0,2,No,12.0,3.0,4.0,1.0,25,5.0,3,19,17.0,2.0,8.0
28,No,Travel_Rarely,1467.0,Research & Development,2,3.0,Medical,2528,4,Male,64.0,3.0,1.0,Research Scientist,2,Married,3582.0,9370.0,0,Yes,23.0,4.0,1.0,1.0,13,2.0,3,11,9.0,5.0,7.0
35,No,Travel_Rarely,204.0,Research & Development,12,3.0,Medical,2407,2,Female,96.0,1.0,3.0,Research Director,3,Married,13204.0,3374.0,3,No,9.0,3.0,1.0,1.0,19,3.0,3,18,16.0,1.0,11.0
58,Yes,Travel_Rarely,147.0,Research & Development,23,4.0,Life Sciences,165,4,Female,94.0,3.0,3.0,Healthcare Representative,4,Married,10312.0,3465.0,1,No,12.0,3.0,4.0,1.0,40,3.0,2,40,10.0,15.0,6.0
42,No,Travel_Rarely,466.0,Research & Development,15,3.0,Life Sciences,2302,1,Male,56.0,3.0,1.0,Research Scientist,3,Divorced,2451.0,4611.0,4,No,14.0,3.0,1.0,1.0,16,2.0,3,6,8.0,1.0,8.0
31,No,Travel_Rarely,192.0,Research & Development,2,4.0,Life Sciences,426,3,Male,32.0,3.0,1.0,Research Scientist,4,Divorced,2695.0,7747.0,0,Yes,18.0,3.0,2.0,1.0,3,2.0,1,2,2.0,2.0,2.0
38,No,Travel_Rarely,885.0,Sales,0,4.0,Life Sciences,2481,3,Female,73.0,3.0,2.0,Sales Executive,3,Single,6814.0,21447.0,6,No,14.0,3.0,1.0,0.0,12,5.0,3,4,0.0,0.0,0.0
39,No,Travel_Frequently,1218.0,Research & Development,1,1.0,Life Sciences,531,2,Male,52.0,3.0,5.0,Manager,3,Divorced,16679.875,8213.0,1,Yes,14.0,3.0,3.0,1.0,21,3.0,3,21,8.0,1.0,6.0
36,Yes,Travel_Rarely,1161.0,Sales,4,2.0,Medical,2201,4,Female,44.0,3.0,2.0,Sales Executive,3,Married,5239.0,17778.0,4,Yes,20.0,3.0,1.0,0.0,13,3.0,2,2,0.0,0.0,0.0
26,No,Travel_Rarely,703.0,Sales,28,2.0,Marketing,641,1,Male,66.0,3.0,2.0,Sales Executive,2,Married,6272.0,7428.0,1,No,20.0,4.0,4.0,2.0,6,5.0,4,5,3.0,1.0,4.0
35,No,Travel_Rarely,1232.0,Sales,16,3.0,Marketing,406,3,Male,96.0,3.0,3.0,Sales Executive,3,Married,4967.0,5100.0,0,No,15.0,3.0,3.0,2.0,12,3.0,2,11,9.0,6.0,9.0
46,No,Travel_Rarely,717.0,Research & Development,13,4.0,Life Sciences,1727,3,Male,34.0,3.0,2.0,Healthcare Representative,2,Single,5562.0,9697.0,6,No,14.0,3.0,4.0,0.0,19,3.0,3,10,7.0,0.0,9.0
50,Yes,Travel_Frequently,1096.0,Sales,8,3.0,Life Sciences,2642,3,Male,83.0,1.0,4.0,Sales Executive,3,Married,12933.0,24166.0,7,No,14.0,3.0,3.0,0.0,27,3.0,1,26,5.0,14.0,10.0
38,No,Travel_Rarely,1494.0,Research & Development,3,2.0,Medical,2701,4,Female,84.0,3.0,1.0,Laboratory Technician,3,Married,3305.0,26173.0,7,No,20.0,3.0,4.0,1.0,5,5.0,2,0,0.0,0.0,0.0
47,No,Travel_Rarely,1329.0,Research & Development,2,2.0,Other,2269,4,Female,62.0,2.0,2.0,Manufacturing Director,4,Divorced,5772.0,5391.0,1,No,17.0,3.0,1.0,2.0,7,3.0,3,10,7.0,3.0,9.0
28,No,Travel_Rarely,580.0,Research & Development,27,3.0,Medical,1622,2,Female,39.0,1.0,2.0,Manufacturing Director,1,Divorced,4877.0,20460.0,0,No,21.0,4.0,2.0,1.0,6,5.0,2,5,3.0,0.0,0.0
27,No,Travel_Rarely,591.0,Research & Development,7,1.0,Medical,7,1,Male,40.0,3.0,1.0,Laboratory Technician,2,Married,3468.0,16632.0,9,No,12.0,3.0,4.0,1.0,6,3.0,3,2,2.0,2.0,2.0
28,No,Travel_Rarely,1172.0,Sales,3,3.0,Medical,1875,2,Female,78.0,3.0,1.0,Sales Representative,3,Married,2856.0,3692.0,1,No,19.0,3.0,4.0,1.0,1,3.0,3,1,0.0,0.0,0.0
27,No,Travel_Rarely,1249.0,Sales,17,2.0,Marketing,2704,4,Male,42.0,3.0,2.0,Sales Executive,4,Divorced,6932.0,10735.0,2,No,11.0,3.0,4.0,1.0,7,2.0,3,2,2.0,0.0,2.0
36,No,Travel_Rarely,429.0,Research & Development,2,4.0,Life Sciences,1294,3,Female,53.0,3.0,2.0,Manufacturing Director,2,Single,5410.0,2323.0,9,Yes,11.0,3.0,4.0,0.0,18,2.0,3,16,14.0,5.0,12.0
28,No,Travel_Rarely,736.0,Sales,26,3.0,Life Sciences,1387,3,Male,48.0,2.0,2.0,Sales Executive,1,Married,4724.0,24232.0,1,No,11.0,3.0,3.0,1.0,5,0.0,3,5,3.0,0.0,4.0
22,No,Travel_Rarely,308.0,Research & Development,11,1.0,Medical,2411,1,Male,80.0,4.0,1.0,Research Scientist,3,Single,3507.0,19632.0,1,No,20.0,3.0,4.0,0.0,0,3.0,3,0,2.0,0.0,2.0
22,Yes,Travel_Frequently,1368.0,Research & Development,7,1.0,Technical Degree,593,3,Male,99.0,2.0,1.0,Laboratory Technician,3,Single,3894.0,9129.0,5,No,16.0,3.0,3.0,0.0,4,3.0,3,2,2.0,1.0,2.0
32,No,Travel_Rarely,827.0,Research & Development,1,1.0,Life Sciences,134,4,Male,71.0,3.0,1.0,Research Scientist,1,Single,2956.0,15178.0,1,No,13.0,3.0,4.0,0.0,1,2.0,3,1,0.0,0.0,0.0
42,No,Travel_Rarely,1210.0,Research & Development,2,3.0,Medical,1542,3,Male,68.0,2.0,1.0,Laboratory Technician,2,Married,4841.0,24052.0,4,No,14.0,3.0,2.0,1.0,4,3.0,3,1,0.0,0.0,0.0
31,Yes,Travel_Rarely,330.0,Research & Development,22,4.0,Medical,1389,4,Male,98.0,3.0,2.0,Manufacturing Director,3,Married,6179.0,21057.0,1,Yes,15.0,3.0,4.0,2.0,10,3.0,2,10,2.0,6.0,7.0
28,No,Non-Travel,120.0,Research & Development,4,3.0,Medical,129,2,Male,43.0,3.0,2.0,Sales Executive,3,Married,4221.0,8863.0,1,No,15.0,3.0,2.0,0.0,5,3.0,4,5,4.0,0.0,4.0
44,No,Travel_Rarely,625.0,Research & Development,4,3.0,Medical,852,4,Male,50.0,3.0,2.0,Healthcare Representative,2,Single,5933.0,5197.0,9,No,12.0,3.0,4.0,0.0,10,2.0,2,5,2.0,2.0,3.0
37,No,Travel_Rarely,1372.0,Research & Development,1,3.0,Life Sciences,391,4,Female,42.0,3.0,1.0,Research Scientist,4,Single,2115.0,15881.0,1,No,12.0,3.0,2.0,0.0,17,3.0,3,17,12.0,5.0,7.0
49,No,Travel_Rarely,271.0,Research & Development,3,2.0,Medical,1509,3,Female,43.0,2.0,2.0,Laboratory Technician,1,Married,4789.0,23070.0,4,No,25.0,4.0,1.0,1.0,10,3.0,3,3,2.0,1.0,2.0
31,No,Travel_Rarely,1157.0,Sales,3,2.0,Life Sciences,2099,1,Male,53.0,3.0,1.0,Sales Representative,3,Married,3069.0,6394.0,2,No,16.0,3.0,3.0,1.0,1,1.0,3,0,2.0,1.0,2.0
37,No,Travel_Rarely,799.0,Research & Development,1,3.0,Technical Degree,623,2,Female,59.0,3.0,3.0,Manufacturing Director,3,Single,7491.0,23848.0,4,No,17.0,3.0,4.0,0.0,12,3.0,4,6,5.0,1.0,2.0
45,No,Travel_Rarely,1448.0,Research & Development,29,3.0,Technical Degree,1465,2,Male,55.0,3.0,3.0,Manufacturing Director,4,Married,9380.0,14720.0,4,Yes,18.0,3.0,4.0,2.0,10,4.0,4,3,1.0,1.0,2.0
37,No,Travel_Frequently,663.0,Research & Development,11,3.0,Other,306,2,Male,47.0,3.0,3.0,Research Director,4,Divorced,12185.0,10056.0,1,Yes,14.0,3.0,3.0,3.0,10,1.0,3,10,8.0,0.0,7.0
26,No,Travel_Rarely,157.0,Research & Development,1,3.0,Medical,1952,3,Male,95.0,3.0,1.0,Laboratory Technician,1,Single,2867.0,20006.0,0,No,13.0,3.0,4.0,0.0,8,6.0,2,7,7.0,7.0,6.0
31,No,Travel_Frequently,1327.0,Research & Development,3,4.0,Medical,337,2,Male,73.0,3.0,3.0,Research Director,3,Divorced,13675.0,13523.0,9,No,12.0,3.0,1.0,1.0,9,3.0,3,2,2.0,2.0,2.0
43,No,Travel_Rarely,1314.0,Research & Development,2,4.0,Other,2120,4,Male,38.0,3.0,5.0,Manager,4,Married,16679.875,9360.0,4,Yes,9.0,3.0,1.0,1.0,25,2.0,4,0,2.0,0.0,1.0
52,No,Travel_Rarely,621.0,Sales,3,4.0,Marketing,776,3,Male,31.0,2.0,4.0,Manager,1,Married,16679.875,10084.0,1,No,11.0,3.0,1.0,0.0,34,3.0,4,34,6.0,1.0,16.0
27,No,Travel_Rarely,269.0,Research & Development,5,1.0,Technical Degree,844,3,Male,42.0,2.0,3.0,Research Director,4,Divorced,12808.0,8842.0,1,Yes,16.0,3.0,2.0,1.0,9,3.0,3,9,8.0,0.0,8.0
37,No,Travel_Rarely,1225.0,Research & Development,10,2.0,Life Sciences,715,4,Male,80.0,4.0,1.0,Research Scientist,4,Single,4680.0,15232.0,3,No,17.0,3.0,1.0,0.0,4,2.0,3,1,0.0,0.0,0.0
33,Yes,Travel_Rarely,527.0,Research & Development,1,4.0,Other,780,3,Male,63.0,3.0,1.0,Research Scientist,4,Single,2686.0,5207.0,1,Yes,13.0,3.0,3.0,0.0,10,2.0,2,10,9.0,7.0,8.0
49,No,Travel_Rarely,701.0,Sales,13,4.0,Marketing,2173,4,Male,44.0,3.0,2.0,Sales Executive,1,Single,4960.0,11826.0,2,No,14.0,3.0,4.0,0.0,22,2.0,3,10,7.0,1.0,7.0
45,No,Travel_Rarely,1005.0,Research & Development,28,2.0,Technical Degree,1719,4,Female,48.0,2.0,4.0,Research Director,3,Single,16679.875,17119.0,1,No,11.0,3.0,3.0,0.0,21,2.0,3,21,6.0,8.0,6.0
42,No,Travel_Rarely,1142.0,Research & Development,8,3.0,Life Sciences,1860,4,Male,81.0,3.0,1.0,Laboratory Technician,3,Single,3968.0,13624.0,2,No,13.0,3.0,4.0,0.0,8,3.0,3,5,0.0,0.0,0.0
45,Yes,Travel_Frequently,306.0,Sales,26,4.0,Life Sciences,684,1,Female,100.0,3.0,2.0,Sales Executive,1,Married,4286.0,5630.0,2,No,14.0,3.0,4.0,2.0,5,4.0,3,1,1.0,0.0,0.0
23,No,Travel_Rarely,541.0,Sales,2,1.0,Technical Degree,113,3,Male,62.0,3.0,1.0,Sales Representative,1,Divorced,2322.0,9518.0,3,No,13.0,3.0,3.0,1.0,3,3.0,3,0,0.0,0.0,0.0
60,No,Travel_Rarely,370.0,Research & Development,1,4.0,Medical,1697,3,Male,92.0,1.0,3.0,Healthcare Representative,4,Divorced,4967.0,20467.0,3,No,20.0,4.0,3.0,1.0,19,2.0,4,1,0.0,0.0,0.0
33,No,Travel_Rarely,147.0,Research & Development,4,4.0,Medical,305,3,Female,47.0,2.0,1.0,Research Scientist,2,Married,2622.0,13248.0,6,No,21.0,4.0,4.0,0.0,7,3.0,3,3,2.0,1.0,1.0
42,No,Non-Travel,926.0,Research & Development,21,2.0,Medical,270,3,Female,36.0,3.0,2.0,Manufacturing Director,3,Divorced,5265.0,16439.0,2,No,16.0,3.0,2.0,1.0,11,5.0,3,5,3.0,0.0,2.0
44,No,Travel_Rarely,1117.0,Research & Development,2,1.0,Life Sciences,1246,1,Female,72.0,4.0,1.0,Research Scientist,4,Married,2011.0,19982.0,1,No,13.0,3.0,4.0,1.0,10,5.0,3,10,5.0,7.0,7.0
32,No,Travel_Rarely,805.0,Research & Development,8,3.0,Other,2446,2,Male,47.0,3.0,1.0,Laboratory Technician,4,Divorced,3917.0,9541.0,1,No,17.0,4.0,1.0,1.0,1,4.0,2,2,2.0,1.0,2.0
38,Yes,Travel_Rarely,104.0,Research & Development,4,3.0,Life Sciences,2097,1,Female,67.0,3.0,1.0,Laboratory Technician,1,Divorced,2074.0,26622.0,1,Yes,14.0,3.0,4.0,1.0,1,2.0,3,4,0.0,0.0,0.0
35,No,Travel_Rarely,576.0,Research & Development,27,3.0,Life Sciences,2554,4,Male,42.0,2.0,2.0,Manufacturing Director,2,Single,4318.0,24155.0,1,No,10.0,3.0,4.0,0.0,3,2.0,3,2,3.0,0.0,2.0
26,No,Travel_Frequently,496.0,Research & Development,11,2.0,Medical,390,1,Male,60.0,3.0,2.0,Healthcare Representative,1,Married,4741.0,22722.0,1,Yes,13.0,3.0,3.0,1.0,5,3.0,3,5,3.0,3.0,3.0
37,No,Travel_Rarely,1189.0,Sales,3,3.0,Life Sciences,152,3,Male,87.0,3.0,3.0,Sales Executive,4,Single,7428.0,14506.0,2,No,12.0,3.0,1.0,0.0,12,3.0,3,5,3.0,1.0,3.0
58,No,Travel_Rarely,848.0,Research & Development,23,4.0,Life Sciences,1308,1,Male,88.0,3.0,1.0,Research Scientist,3,Divorced,2372.0,26076.0,1,No,12.0,3.0,4.0,2.0,2,3.0,3,2,2.0,2.0,2.0
29,Yes,Travel_Frequently,1497.0,Sales,4,3.0,Technical Degree,2271,1,Male,89.0,3.0,1.0,Sales Representative,3,Married,2906.0,15746.0,3,No,17.0,3.0,4.0,1.0,2,3.0,4,3,2.0,1.0,2.0
49,No,Travel_Rarely,722.0,Research & Development,25,4.0,Life Sciences,1617,3,Female,84.0,3.0,1.0,Laboratory Technician,1,Married,3211.0,22102.0,1,No,14.0,3.0,4.0,1.0,10,3.0,2,9,6.0,1.0,4.0
36,No,Travel_Rarely,638.0,Research & Development,8,2.0,Medical,865,3,Female,91.0,4.0,2.0,Research Scientist,3,Married,5175.0,22162.0,2,No,12.0,3.0,3.0,1.0,9,3.0,2,5,3.0,1.0,3.0
29,No,Travel_Rarely,1210.0,Sales,2,3.0,Medical,366,1,Male,78.0,2.0,2.0,Sales Executive,2,Married,6644.0,3687.0,2,No,19.0,3.0,2.0,2.0,10,2.0,3,0,0.0,0.0,0.0
55,No,Non-Travel,177.0,Research & Development,8,1.0,Medical,1278,4,Male,37.0,2.0,4.0,Healthcare Representative,2,Divorced,13577.0,25592.0,1,Yes,15.0,3.0,4.0,1.0,34,3.0,3,33,9.0,15.0,0.0
43,No,Non-Travel,1344.0,Research & Development,7,3.0,Medical,262,4,Male,37.0,4.0,1.0,Research Scientist,4,Divorced,2089.0,5228.0,4,No,14.0,3.0,4.0,3.0,7,3.0,4,5,4.0,2.0,2.0
25,No,Travel_Rarely,1472.0,Research & Development,0,2.0,Medical,2519,4,Male,82.0,3.0,1.0,Laboratory Technician,2,Divorced,3815.0,17881.0,1,No,12.0,3.0,2.0,1.0,6,2.0,3,8,2.0,0.0,4.0
38,No,Travel_Frequently,508.0,Research & Development,6,4.0,Life Sciences,1997,1,Male,72.0,2.0,2.0,Manufacturing Director,3,Married,5321.0,14284.0,2,No,11.0,3.0,4.0,1.0,10,1.0,3,8,3.0,7.0,7.0
52,No,Travel_Rarely,956.0,Research & Development,6,2.0,Technical Degree,630,4,Male,78.0,3.0,2.0,Research Scientist,1,Divorced,5577.0,22087.0,3,Yes,12.0,3.0,2.0,2.0,18,3.0,3,10,9.0,6.0,9.0
41,No,Travel_Rarely,865.0,Research & Development,8,2.0,Medical,2151,1,Male,85.0,3.0,2.0,Manufacturing Director,1,Married,5149.0,12316.0,1,No,26.0,4.0,4.0,1.0,9,3.0,3,9,0.0,7.0,9.0
38,No,Travel_Rarely,130.0,Sales,2,2.0,Marketing,1125,4,Male,32.0,3.0,3.0,Sales Executive,2,Single,7351.0,20619.0,7,No,16.0,3.0,3.0,0.0,10,2.0,3,1,0.0,0.0,0.0
37,No,Travel_Frequently,319.0,Sales,4,4.0,Marketing,311,1,Male,41.0,3.0,1.0,Sales Representative,4,Divorced,2793.0,2539.0,4,No,17.0,3.0,3.0,1.0,13,2.0,3,9,8.0,5.0,8.0
56,Yes,Travel_Rarely,441.0,Research & Development,14,4.0,Life Sciences,161,2,Female,72.0,3.0,1.0,Research Scientist,2,Married,4963.0,4510.0,9,Yes,18.0,3.0,1.0,3.0,7,2.0,3,5,4.0,4.0,3.0
31,No,Travel_Rarely,1112.0,Sales,5,4.0,Life Sciences,1673,1,Female,67.0,3.0,2.0,Sales Executive,4,Married,5476.0,22589.0,1,No,11.0,3.0,1.0,2.0,10,2.0,3,10,0.0,0.0,2.0
30,No,Travel_Rarely,202.0,Sales,2,1.0,Technical Degree,508,3,Male,72.0,3.0,1.0,Sales Representative,2,Married,2476.0,17434.0,1,No,18.0,3.0,1.0,1.0,1,3.0,3,1,0.0,0.0,0.0
35,No,Travel_Rarely,505.0,Sales,7,2.0,Medical,2175,3,Female,69.0,3.0,2.0,Sales Executive,1,Single,6123.0,23552.0,1,No,9.0,3.0,4.0,0.0,7,6.0,4,7,8.0,9.0,6.0
37,No,Travel_Frequently,136.0,Research & Development,5,3.0,Medical,2129,2,Female,37.0,3.0,2.0,Laboratory Technician,2,Single,4425.0,15983.0,5,No,9.0,3.0,4.0,0.0,9,5.0,3,7,2.0,1.0,2.0
30,No,Travel_Rarely,153.0,Research & Development,8,2.0,Life Sciences,1015,2,Female,73.0,4.0,3.0,Research Director,1,Married,11416.0,17802.0,0,Yes,12.0,3.0,3.0,3.0,9,4.0,2,8,7.0,1.0,7.0
35,No,Travel_Rarely,1395.0,Research & Development,9,4.0,Medical,2008,2,Male,48.0,3.0,2.0,Research Scientist,3,Single,5098.0,18698.0,1,No,19.0,3.0,2.0,0.0,10,5.0,3,10,7.0,0.0,8.0
59,No,Non-Travel,1420.0,Research & Development,2,4.0,Human Resources,140,3,Female,32.0,2.0,5.0,Manager,4,Married,16679.875,21922.0,9,No,21.0,4.0,4.0,1.0,30,3.0,3,3,2.0,2.0,2.0
27,No,Travel_Frequently,1297.0,Research & Development,5,2.0,Life Sciences,1850,4,Female,53.0,3.0,1.0,Laboratory Technician,4,Single,2379.0,19826.0,0,Yes,14.0,3.0,3.0,0.0,6,3.0,2,5,4.0,0.0,2.0
34,No,Travel_Rarely,629.0,Research & Development,27,2.0,Medical,247,4,Female,95.0,3.0,1.0,Research Scientist,2,Single,2311.0,5711.0,2,No,15.0,3.0,4.0,0.0,9,3.0,3,3,2.0,1.0,2.0
27,No,Travel_Rarely,1249.0,Sales,19,3.0,Life Sciences,2600,3,Male,74.0,2.0,2.0,Sales Executive,3,Divorced,8617.0,23757.0,1,No,15.0,3.0,3.0,2.0,7,3.0,3,13,7.0,0.0,4.0
32,No,Travel_Rarely,834.0,Research & Development,3,4.0,Life Sciences,2693,3,Female,64.0,2.0,1.0,Research Scientist,4,Married,2909.0,14774.0,1,No,10.0,3.0,3.0,1.0,2,2.0,2,2,2.0,0.0,2.0
51,No,Travel_Rarely,833.0,Research & Development,1,3.0,Life Sciences,353,3,Male,96.0,3.0,1.0,Research Scientist,4,Married,2723.0,23231.0,1,No,11.0,3.0,2.0,0.0,1,0.0,2,1,0.0,0.0,0.0
44,No,Non-Travel,981.0,Research & Development,5,3.0,Life Sciences,1471,3,Male,90.0,2.0,1.0,Laboratory Technician,3,Single,3162.0,7973.0,3,No,14.0,3.0,4.0,0.0,7,5.0,3,5,2.0,0.0,3.0
27,No,Travel_Rarely,618.0,Research & Development,4,3.0,Life Sciences,933,3,Female,76.0,3.0,1.0,Research Scientist,3,Single,2318.0,17808.0,1,No,19.0,3.0,3.0,0.0,1,2.0,3,1,1.0,0.0,0.0
48,No,Travel_Rarely,1221.0,Sales,7,3.0,Marketing,1466,3,Male,96.0,3.0,2.0,Sales Executive,1,Divorced,5486.0,24795.0,4,No,11.0,3.0,1.0,3.0,15,3.0,3,2,2.0,2.0,2.0
46,No,Travel_Rarely,641.0,Research & Development,1,4.0,Medical,2106,4,Male,96.0,3.0,3.0,Healthcare Representative,1,Divorced,9393.0,12367.0,7,No,18.0,3.0,3.0,1.0,15,3.0,3,7,2.0,0.0,3.0
44,No,Travel_Rarely,200.0,Research & Development,29,4.0,Other,1225,4,Male,32.0,3.0,2.0,Research Scientist,4,Single,4541.0,7744.0,1,No,25.0,4.0,2.0,0.0,20,3.0,3,20,11.0,13.0,17.0
35,No,Non-Travel,1177.0,Research & Development,1,2.0,Medical,2107,2,Male,91.0,3.0,2.0,Manufacturing Director,4,Divorced,5764.0,24443.0,2,No,14.0,3.0,3.0,1.0,12,6.0,3,5,7.0,1.0,7.0
20,No,Travel_Rarely,579.0,Research & Development,3,2.0,Life Sciences,2536,4,Male,63.0,3.0,1.0,Research Scientist,3,Single,3376.0,17625.0,0,No,14.0,3.0,4.0,0.0,2,2.0,4,1,2.0,1.0,2.0
29,No,Travel_Rarely,694.0,Research & Development,2,3.0,Life Sciences,2412,3,Female,86.0,2.0,4.0,Research Director,4,Divorced,16122.0,3423.0,3,No,13.0,3.0,2.0,2.0,8,2.0,2,4,7.0,1.0,7.0
49,No,Travel_Rarely,465.0,Research & Development,6,1.0,Life Sciences,1661,3,Female,41.0,2.0,4.0,Healthcare Representative,3,Married,13966.0,11652.0,2,Yes,19.0,3.0,2.0,1.0,30,3.0,3,15,11.0,2.0,12.0
40,No,Travel_Frequently,1469.0,Research & Development,7,4.0,Medical,964,4,Male,35.0,3.0,1.0,Research Scientist,2,Divorced,3617.0,25063.0,8,Yes,14.0,3.0,4.0,1.0,10,2.0,3,1,1.0,0.0,0.0
34,No,Travel_Rarely,937.0,Sales,1,3.0,Marketing,1950,3,Male,32.0,3.0,3.0,Sales Executive,4,Single,9888.0,6770.0,1,No,21.0,4.0,1.0,0.0,14,3.0,2,5,8.0,2.0,1.0
48,No,Travel_Frequently,117.0,Research & Development,22,3.0,Medical,1900,4,Female,58.0,3.0,4.0,Manager,4,Divorced,16679.875,2437.0,3,No,11.0,3.0,2.0,1.0,24,3.0,3,22,17.0,4.0,7.0
47,Yes,Non-Travel,666.0,Research & Development,29,4.0,Life Sciences,376,1,Male,88.0,3.0,3.0,Manager,2,Married,11849.0,10268.0,1,Yes,12.0,3.0,4.0,1.0,10,2.0,2,10,7.0,9.0,9.0
44,No,Non-Travel,489.0,Research & Development,23,3.0,Medical,132,2,Male,67.0,3.0,2.0,Laboratory Technician,2,Married,2042.0,25043.0,4,No,12.0,3.0,3.0,1.0,17,3.0,4,3,2.0,1.0,2.0
38,No,Non-Travel,152.0,Sales,10,3.0,Technical Degree,983,3,Female,85.0,3.0,2.0,Sales Executive,4,Single,5666.0,19899.0,1,Yes,13.0,3.0,2.0,0.0,6,1.0,3,5,3.0,1.0,3.0
39,No,Non-Travel,439.0,Research & Development,9,3.0,Life Sciences,1132,3,Male,70.0,3.0,2.0,Laboratory Technician,2,Single,6782.0,8770.0,9,No,15.0,3.0,3.0,0.0,9,2.0,2,5,4.0,0.0,3.0
47,No,Travel_Frequently,217.0,Sales,3,3.0,Medical,746,4,Female,49.0,3.0,4.0,Sales Executive,3,Divorced,13770.0,10225.0,9,Yes,12.0,3.0,4.0,2.0,28,2.0,2,22,2.0,11.0,13.0
37,No,Travel_Rarely,106.0,Sales,10,3.0,Technical Degree,2247,2,Female,87.0,2.0,2.0,Sales Executive,2,Divorced,6849.0,11588.0,7,No,12.0,3.0,2.0,1.0,9,2.0,4,2,1.0,1.0,3.0
31,No,Travel_Rarely,218.0,Sales,7,3.0,Technical Degree,416,2,Male,100.0,4.0,2.0,Sales Executive,4,Married,6929.0,12241.0,4,No,11.0,3.0,2.0,1.0,10,3.0,2,8,7.0,7.0,7.0
49,No,Travel_Frequently,1061.0,Research & Development,3,1.0,Life Sciences,2681,2,Male,40.0,3.0,5.0,Research Director,4,Married,16679.875,13735.0,3,No,18.0,3.0,4.0,0.0,29,3.0,3,4,4.0,4.0,3.0
47,No,Non-Travel,1169.0,Research & Development,14,4.0,Technical Degree,1934,3,Male,64.0,3.0,2.0,Research Scientist,2,Married,5467.0,2125.0,8,No,18.0,3.0,3.0,1.0,16,4.0,4,8,7.0,1.0,7.0
37,No,Travel_Rarely,1311.0,Research & Development,13,3.0,Medical,2489,3,Male,42.0,2.0,5.0,Research Director,3,Single,16679.875,17542.0,1,No,17.0,3.0,1.0,0.0,19,2.0,3,22,7.0,4.0,9.0
34,No,Travel_Rarely,470.0,Research & Development,2,4.0,Life Sciences,339,4,Male,84.0,2.0,2.0,Manufacturing Director,1,Married,5957.0,23687.0,6,No,13.0,3.0,2.0,1.0,13,3.0,3,11,9.0,5.0,9.0
38,No,Travel_Frequently,148.0,Research & Development,2,3.0,Medical,1675,4,Female,42.0,2.0,1.0,Laboratory Technician,2,Single,2440.0,23826.0,1,No,22.0,4.0,2.0,0.0,4,3.0,3,4,3.0,3.0,3.0
42,No,Travel_Frequently,570.0,Research & Development,8,3.0,Life Sciences,809,2,Male,66.0,3.0,5.0,Manager,4,Divorced,4967.0,16225.0,1,No,13.0,3.0,2.0,1.0,24,4.0,2,24,7.0,14.0,9.0
45,No,Travel_Rarely,194.0,Research & Development,9,3.0,Life Sciences,206,2,Male,60.0,3.0,2.0,Laboratory Technician,2,Divorced,2348.0,10901.0,8,No,18.0,3.0,3.0,1.0,20,2.0,3,17,9.0,0.0,15.0
26,Yes,Travel_Rarely,350.0,Human Resources,15,3.0,Human Resources,2694,1,Male,57.0,2.0,1.0,Human Resources,1,Divorced,2334.0,3159.0,4,Yes,12.0,3.0,4.0,3.0,3,3.0,3,5,2.0,2.0,0.0
20,No,Travel_Rarely,805.0,Research & Development,3,3.0,Life Sciences,1198,1,Male,87.0,2.0,1.0,Laboratory Technician,3,Single,3033.0,12828.0,1,No,12.0,3.0,1.0,0.0,2,2.0,2,2,2.0,1.0,2.0
21,No,Non-Travel,893.0,Sales,6,2.0,Medical,2420,1,Male,39.0,3.0,1.0,Sales Representative,4,Single,4967.0,2851.0,1,No,26.0,4.0,3.0,0.0,2,3.0,2,5,2.0,2.0,2.0
36,No,Non-Travel,1229.0,Sales,8,4.0,Technical Degree,990,1,Male,84.0,3.0,2.0,Sales Executive,4,Divorced,5079.0,25952.0,4,No,13.0,3.0,4.0,2.0,12,3.0,3,7,7.0,0.0,7.0
43,No,Travel_Rarely,1100.0,Sales,6,3.0,Marketing,2493,2,Male,87.0,3.0,5.0,Manager,3,Married,16679.875,8751.0,7,No,14.0,3.0,3.0,1.0,29,5.0,3,23,9.0,3.0,10.0
27,No,Travel_Rarely,1130.0,Sales,8,4.0,Marketing,458,2,Female,56.0,3.0,2.0,Sales Executive,2,Married,6214.0,3415.0,1,No,18.0,3.0,1.0,1.0,8,3.0,3,8,7.0,0.0,7.0
33,No,Travel_Rarely,689.0,Sales,10,3.0,Life Sciences,2112,3,Male,45.0,2.0,3.0,Manager,4,Divorced,11558.0,25291.0,9,No,22.0,4.0,3.0,1.0,10,3.0,2,2,4.0,0.0,1.0
36,No,Travel_Rarely,1157.0,Research & Development,2,4.0,Life Sciences,1556,3,Male,70.0,3.0,1.0,Sales Representative,4,Single,2644.0,17001.0,3,Yes,21.0,4.0,4.0,0.0,7,3.0,2,3,2.0,1.0,2.0
36,No,Non-Travel,694.0,Research & Development,4,4.0,Life Sciences,2429,3,Male,39.0,2.0,1.0,Research Scientist,4,Married,2980.0,22478.0,3,No,20.0,3.0,4.0,3.0,4,2.0,3,0,0.0,0.0,0.0
47,No,Travel_Rarely,1314.0,Sales,14,4.0,Marketing,2661,3,Female,78.0,3.0,2.0,Sales Executive,4,Single,4504.0,8194.0,3,No,13.0,3.0,3.0,0.0,8,1.0,4,4,1.0,0.0,4.0
34,No,Travel_Rarely,810.0,Sales,8,2.0,Technical Degree,1823,2,Male,92.0,4.0,2.0,Sales Executive,3,Married,6799.0,22128.0,1,No,21.0,4.0,3.0,2.0,10,5.0,3,10,8.0,4.0,8.0
30,No,Travel_Rarely,855.0,Sales,7,4.0,Marketing,1428,4,Female,73.0,3.0,2.0,Sales Executive,1,Divorced,4779.0,12761.0,7,No,14.0,3.0,2.0,2.0,8,3.0,3,3,2.0,0.0,2.0
43,No,Travel_Rarely,1147.0,Human Resources,8,3.0,Life Sciences,2134,3,Female,34.0,3.0,4.0,Manager,1,Married,16679.875,16615.0,0,No,14.0,3.0,3.0,1.0,10,5.0,3,19,7.0,0.0,9.0
38,No,Travel_Frequently,146.0,Research & Development,0,3.0,Medical,2275,4,Female,44.0,2.0,1.0,Laboratory Technician,2,Single,2439.0,23823.0,1,No,20.0,4.0,2.0,0.0,4,3.0,3,2,3.0,3.0,3.0
29,No,Travel_Rarely,986.0,Research & Development,3,4.0,Medical,564,2,Male,93.0,2.0,3.0,Research Director,3,Married,11935.0,21526.0,1,No,18.0,3.0,3.0,0.0,10,2.0,3,10,2.0,0.0,7.0
22,No,Travel_Rarely,604.0,Research & Development,6,1.0,Medical,675,1,Male,69.0,3.0,1.0,Research Scientist,3,Married,2773.0,12145.0,0,No,20.0,4.0,4.0,0.0,3,3.0,3,2,2.0,2.0,2.0
38,No,Travel_Frequently,1490.0,Research & Development,2,2.0,Life Sciences,556,4,Male,42.0,3.0,1.0,Laboratory Technician,3,Married,4967.0,12106.0,1,Yes,23.0,4.0,3.0,1.0,1,3.0,3,1,0.0,0.0,0.0
45,No,Travel_Frequently,1249.0,Research & Development,7,3.0,Life Sciences,425,1,Male,97.0,3.0,3.0,Laboratory Technician,1,Divorced,5210.0,20308.0,1,No,18.0,3.0,1.0,1.0,24,2.0,3,24,9.0,9.0,11.0
35,No,Travel_Frequently,1199.0,Research & Development,18,4.0,Life Sciences,2049,3,Male,80.0,3.0,2.0,Healthcare Representative,3,Married,5689.0,24594.0,1,Yes,14.0,3.0,4.0,2.0,10,2.0,4,10,2.0,0.0,2.0
57,No,Travel_Rarely,593.0,Research & Development,1,4.0,Medical,482,4,Male,88.0,3.0,2.0,Healthcare Representative,3,Married,6755.0,2967.0,2,No,11.0,3.0,3.0,0.0,15,2.0,3,3,2.0,1.0,2.0
29,No,Travel_Rarely,1176.0,Sales,3,2.0,Medical,690,2,Female,62.0,3.0,2.0,Sales Executive,3,Married,5561.0,3487.0,1,No,14.0,3.0,1.0,1.0,6,5.0,2,6,0.0,1.0,2.0
31,No,Non-Travel,1284.0,Sales,1,3.0,Marketing,2651,4,Female,65.0,3.0,2.0,Sales Executive,2,Single,4967.0,10700.0,8,No,17.0,3.0,4.0,0.0,12,2.0,3,8,7.0,1.0,7.0
28,No,Non-Travel,280.0,Human Resources,1,2.0,Life Sciences,1858,3,Male,43.0,3.0,1.0,Human Resources,4,Divorced,2706.0,10494.0,1,No,15.0,3.0,2.0,1.0,3,2.0,3,3,2.0,2.0,2.0
47,No,Travel_Rarely,955.0,Sales,4,2.0,Life Sciences,1003,4,Female,83.0,3.0,2.0,Sales Executive,4,Single,4163.0,8571.0,1,Yes,17.0,3.0,3.0,0.0,9,0.0,3,9,0.0,0.0,7.0
43,Yes,Travel_Rarely,378.0,Sales,10,3.0,Marketing,2100,1,Male,54.0,3.0,3.0,Sales Executive,4,Divorced,10093.0,15985.0,4,No,14.0,3.0,1.0,1.0,25,1.0,4,8,7.0,4.0,3.0
39,No,Travel_Rarely,1329.0,Sales,4,4.0,Life Sciences,182,4,Female,47.0,2.0,2.0,Sales Executive,3,Married,5902.0,14590.0,4,No,14.0,3.0,3.0,1.0,17,1.0,4,15,11.0,5.0,9.0
29,Yes,Travel_Rarely,408.0,Research & Development,25,5.0,Technical Degree,565,3,Female,71.0,2.0,1.0,Research Scientist,2,Married,2546.0,18300.0,5,No,16.0,3.0,2.0,0.0,6,2.0,3,2,2.0,1.0,1.0
42,No,Travel_Frequently,1474.0,Research & Development,5,2.0,Other,591,2,Male,97.0,3.0,1.0,Laboratory Technician,3,Married,2093.0,9260.0,4,No,17.0,3.0,4.0,1.0,8,4.0,3,2,2.0,2.0,0.0
32,No,Travel_Frequently,1005.0,Research & Development,2,2.0,Life Sciences,8,4,Male,79.0,3.0,1.0,Laboratory Technician,4,Single,3068.0,11864.0,0,No,13.0,3.0,3.0,0.0,8,2.0,2,7,7.0,3.0,6.0
36,No,Travel_Rarely,1334.0,Research & Development,3,3.0,Technical Degree,2320,4,Female,77.0,3.0,3.0,Research Director,1,Married,13585.0,16289.0,1,No,15.0,3.0,2.0,1.0,17,3.0,3,15,12.0,5.0,11.0
32,No,Travel_Rarely,801.0,Sales,1,4.0,Marketing,2016,3,Female,48.0,3.0,3.0,Sales Executive,4,Married,10422.0,24032.0,1,No,19.0,3.0,3.0,2.0,14,3.0,3,14,10.0,5.0,7.0
24,Yes,Travel_Frequently,342.0,Research & Development,4,3.0,Life Sciences,2508,1,Male,56.0,3.0,1.0,Research Scientist,1,Married,2043.0,15348.0,6,Yes,17.0,3.0,2.0,1.0,4,2.0,3,4,2.0,1.0,2.0
36,No,Travel_Rarely,967.0,Research & Development,3,2.0,Technical Degree,2305,4,Male,78.0,4.0,1.0,Laboratory Technician,2,Single,2562.0,16623.0,5,No,14.0,3.0,3.0,0.0,7,4.0,2,4,0.0,0.0,0.0
48,Yes,Travel_Rarely,626.0,Research & Development,1,2.0,Life Sciences,64,1,Male,98.0,2.0,3.0,Laboratory Technician,3,Single,5381.0,19294.0,9,Yes,13.0,3.0,4.0,0.0,23,2.0,3,5,0.0,0.0,0.0
31,No,Travel_Rarely,664.0,Research & Development,18,3.0,Life Sciences,2089,3,Male,61.0,3.0,1.0,Research Scientist,4,Single,2343.0,22674.0,1,No,16.0,3.0,1.0,0.0,9,1.0,3,4,5.0,1.0,5.0
49,No,Travel_Rarely,301.0,Research & Development,22,4.0,Other,1655,3,Female,72.0,3.0,4.0,Research Director,2,Married,16413.0,3498.0,3,No,16.0,3.0,2.0,2.0,27,2.0,3,4,2.0,1.0,2.0
44,No,Non-Travel,111.0,Research & Development,16,3.0,Life Sciences,2675,4,Male,76.0,1.0,1.0,Research Scientist,3,Single,2292.0,4276.0,2,No,11.0,3.0,4.0,0.0,8,3.0,3,0,0.0,0.0,0.0
31,No,Travel_Rarely,1463.0,Research & Development,23,3.0,Medical,367,2,Male,64.0,2.0,2.0,Healthcare Representative,4,Married,5582.0,14408.0,0,No,21.0,4.0,2.0,1.0,10,2.0,3,9,0.0,7.0,8.0
36,No,Non-Travel,979.0,Research & Development,1,4.0,Medical,308,3,Male,90.0,1.0,2.0,Manufacturing Director,3,Married,4345.0,4381.0,0,No,12.0,3.0,4.0,1.0,6,2.0,3,5,4.0,1.0,4.0
47,No,Travel_Rarely,202.0,Research & Development,2,2.0,Other,820,3,Female,33.0,3.0,4.0,Manager,4,Married,16679.875,12982.0,1,Yes,11.0,3.0,3.0,1.0,26,3.0,2,26,14.0,3.0,0.0
38,No,Travel_Frequently,240.0,Research & Development,2,4.0,Life Sciences,803,1,Female,75.0,4.0,2.0,Manufacturing Director,1,Single,5980.0,26085.0,6,Yes,12.0,3.0,4.0,0.0,17,2.0,3,15,7.0,4.0,12.0
44,No,Travel_Rarely,1146.0,Human Resources,13,3.0,Human Resources,2455,3,Female,32.0,3.0,4.0,Manager,1,Married,16679.875,16618.0,0,No,15.0,3.0,3.0,1.0,19,5.0,3,23,7.0,0.0,9.0
46,No,Travel_Rarely,1181.0,Research & Development,28,3.0,Medical,2080,1,Male,87.0,3.0,3.0,Healthcare Representative,3,Single,8636.0,13084.0,2,No,20.0,4.0,2.0,0.0,27,3.0,3,16,14.0,12.0,11.0
46,Yes,Travel_Rarely,377.0,Sales,9,3.0,Marketing,1457,1,Male,52.0,3.0,3.0,Sales Executive,4,Divorced,10096.0,15986.0,4,No,11.0,3.0,1.0,1.0,28,1.0,3,7,7.0,4.0,3.0
24,No,Non-Travel,457.0,Research & Development,24,2.0,Other,2279,2,Female,87.0,2.0,1.0,Research Scientist,3,Married,2813.0,10290.0,1,Yes,14.0,3.0,2.0,0.0,1,2.0,2,1,2.0,1.0,3.0
34,No,Travel_Rarely,970.0,Research & Development,8,2.0,Medical,757,2,Female,96.0,3.0,2.0,Healthcare Representative,3,Single,6142.0,7360.0,3,No,11.0,3.0,4.0,0.0,10,2.0,3,5,1.0,4.0,3.0
35,No,Travel_Rarely,1239.0,Sales,16,4.0,Medical,2622,4,Male,39.0,3.0,3.0,Sales Executive,3,Divorced,8630.0,22914.0,1,No,21.0,3.0,3.0,1.0,10,2.0,2,10,7.0,1.0,1.0
50,No,Travel_Rarely,967.0,Research & Development,4,2.0,Technical Degree,2513,3,Male,76.0,4.0,1.0,Laboratory Technician,2,Single,16679.875,16618.0,5,No,12.0,3.0,3.0,0.0,6,4.0,2,1,0.0,0.0,0.0
30,No,Travel_Rarely,852.0,Research & Development,1,1.0,Life Sciences,104,4,Male,55.0,2.0,2.0,Laboratory Technician,4,Married,5126.0,15998.0,1,Yes,12.0,3.0,3.0,2.0,10,1.0,2,10,8.0,3.0,0.0
30,No,Travel_Rarely,117.0,Research & Development,7,3.0,Medical,2192,1,Male,63.0,3.0,1.0,Research Scientist,4,Married,2783.0,6311.0,0,No,15.0,3.0,2.0,1.0,18,5.0,3,12,10.0,4.0,10.0
31,No,Travel_Rarely,680.0,Research & Development,22,3.0,Life Sciences,2314,2,Female,37.0,2.0,1.0,Research Scientist,4,Married,2932.0,20340.0,1,No,14.0,3.0,2.0,0.0,12,3.0,3,11,9.0,8.0,7.0
28,No,Travel_Rarely,685.0,Research & Development,2,1.0,Medical,2479,1,Male,38.0,2.0,1.0,Research Scientist,4,Single,3907.0,4048.0,0,No,15.0,3.0,4.0,0.0,3,2.0,3,4,3.0,1.0,1.0
38,No,Travel_Rarely,397.0,Research & Development,7,2.0,Medical,1638,4,Female,54.0,2.0,3.0,Manufacturing Director,3,Married,7756.0,14199.0,3,Yes,19.0,3.0,4.0,1.0,10,6.0,4,5,4.0,0.0,2.0
30,Yes,Travel_Frequently,334.0,Sales,26,4.0,Marketing,299,3,Female,52.0,2.0,2.0,Sales Executive,1,Single,6696.0,22967.0,5,No,15.0,3.0,3.0,0.0,9,5.0,2,6,3.0,0.0,1.0
31,Yes,Travel_Rarely,1079.0,Sales,16,4.0,Marketing,1761,1,Male,70.0,3.0,3.0,Sales Executive,3,Married,8161.0,19002.0,2,No,13.0,3.0,1.0,3.0,10,2.0,3,1,0.0,0.0,0.0
44,Yes,Travel_Rarely,935.0,Research & Development,3,3.0,Life Sciences,1333,1,Male,89.0,3.0,1.0,Laboratory Technician,1,Married,2362.0,14669.0,4,No,12.0,3.0,3.0,0.0,10,4.0,4,3,2.0,1.0,2.0
44,No,Travel_Rarely,1467.0,Research & Development,20,3.0,Life Sciences,1475,4,Male,49.0,3.0,1.0,Research Scientist,2,Single,3420.0,21158.0,1,No,13.0,3.0,3.0,0.0,6,3.0,2,5,2.0,1.0,3.0
33,No,Travel_Rarely,816.0,Research & Development,15,5.0,Life Sciences,2135,3,Male,47.0,4.0,2.0,Research Scientist,1,Married,5207.0,26311.0,1,No,13.0,3.0,4.0,0.0,16,2.0,3,17,15.0,1.0,10.0
30,No,Travel_Rarely,1275.0,Research & Development,28,2.0,Medical,441,4,Female,64.0,3.0,2.0,Research Scientist,4,Married,5775.0,11934.0,1,No,13.0,3.0,4.0,2.0,11,2.0,3,10,8.0,1.0,9.0
46,No,Travel_Rarely,968.0,Research & Development,5,2.0,Technical Degree,2204,4,Male,77.0,4.0,1.0,Laboratory Technician,2,Single,2560.0,16619.0,5,No,10.0,3.0,3.0,0.0,5,4.0,2,2,0.0,0.0,0.0
37,No,Travel_Rarely,1276.0,Research & Development,16,3.0,Life Sciences,2362,4,Male,74.0,3.0,3.0,Healthcare Representative,3,Married,7630.0,14297.0,4,Yes,15.0,3.0,3.0,0.0,11,2.0,3,10,7.0,0.0,0.0
21,Yes,Travel_Rarely,337.0,Sales,7,1.0,Marketing,1780,2,Male,31.0,3.0,1.0,Sales Representative,2,Single,2679.0,4567.0,1,No,13.0,3.0,2.0,0.0,1,3.0,3,1,0.0,1.0,0.0
45,No,Travel_Rarely,1335.0,Research & Development,1,4.0,Other,2537,1,Male,100.0,2.0,2.0,Healthcare Representative,4,Single,6783.0,17081.0,3,No,21.0,4.0,2.0,0.0,16,6.0,3,0,0.0,0.0,0.0
45,No,Travel_Rarely,252.0,Research & Development,2,3.0,Life Sciences,834,2,Female,95.0,2.0,1.0,Research Scientist,3,Single,2274.0,6153.0,1,No,14.0,3.0,4.0,0.0,1,3.0,3,1,0.0,0.0,0.0
27,No,Travel_Frequently,591.0,Research & Development,2,3.0,Medical,1648,4,Male,87.0,3.0,1.0,Research Scientist,4,Single,2580.0,6297.0,2,No,13.0,3.0,3.0,0.0,6,0.0,2,4,2.0,1.0,2.0
24,No,Travel_Rarely,771.0,Research & Development,1,2.0,Life Sciences,1981,2,Male,45.0,2.0,2.0,Healthcare Representative,3,Single,4617.0,14120.0,1,No,12.0,3.0,2.0,0.0,4,2.0,2,4,3.0,1.0,2.0
22,No,Travel_Rarely,882.0,Research & Development,20,1.0,Medical,2381,4,Male,65.0,3.0,1.0,Laboratory Technician,4,Married,3666.0,9077.0,2,No,14.0,3.0,3.0,3.0,9,6.0,2,1,2.0,1.0,2.0
36,Yes,Travel_Rarely,1329.0,Research & Development,7,3.0,Life Sciences,1649,1,Male,73.0,3.0,1.0,Laboratory Technician,1,Single,2166.0,3339.0,2,Yes,14.0,3.0,2.0,0.0,10,3.0,1,4,2.0,0.0,3.0
32,No,Non-Travel,1109.0,Research & Development,29,4.0,Medical,1046,3,Female,69.0,3.0,1.0,Laboratory Technician,3,Single,4025.0,11135.0,9,No,12.0,3.0,2.0,0.0,10,2.0,3,8,7.0,7.0,7.0
39,No,Travel_Rarely,722.0,Sales,24,1.0,Marketing,2056,2,Female,60.0,2.0,4.0,Sales Executive,4,Married,12031.0,8828.0,0,No,11.0,3.0,1.0,1.0,21,2.0,2,20,9.0,9.0,6.0
36,No,Travel_Rarely,936.0,Sales,1,3.0,Marketing,2453,1,Male,34.0,3.0,3.0,Sales Executive,4,Single,9887.0,6770.0,2,No,21.0,4.0,1.0,0.0,15,3.0,2,12,8.0,2.0,1.0
41,No,Travel_Rarely,933.0,Research & Development,9,4.0,Life Sciences,200,3,Male,94.0,3.0,1.0,Laboratory Technician,1,Married,2238.0,6961.0,2,No,21.0,4.0,4.0,1.0,7,2.0,3,5,0.0,1.0,4.0
52,No,Travel_Frequently,322.0,Research & Development,28,2.0,Medical,1401,4,Female,59.0,4.0,4.0,Manufacturing Director,3,Married,13247.0,9731.0,2,Yes,11.0,3.0,2.0,1.0,24,3.0,2,5,3.0,0.0,2.0
36,No,Travel_Rarely,530.0,Sales,2,4.0,Life Sciences,1710,3,Female,51.0,3.0,2.0,Sales Representative,4,Single,4502.0,7439.0,3,No,15.0,3.0,3.0,0.0,17,2.0,2,13,7.0,6.0,7.0
28,No,Travel_Frequently,467.0,Sales,7,3.0,Life Sciences,1507,3,Male,55.0,3.0,2.0,Sales Executive,1,Single,4898.0,11827.0,0,No,14.0,3.0,4.0,0.0,5,5.0,3,4,2.0,1.0,3.0
34,Yes,Travel_Frequently,234.0,Research & Development,9,4.0,Life Sciences,1807,4,Male,93.0,3.0,2.0,Laboratory Technician,1,Married,5346.0,6208.0,4,No,17.0,3.0,3.0,1.0,11,3.0,2,7,1.0,0.0,7.0
38,No,Travel_Rarely,440.0,Sales,15,3.0,Life Sciences,2219,2,Female,91.0,3.0,2.0,Sales Executive,2,Single,4196.0,16380.0,2,No,9.0,3.0,2.0,0.0,9,5.0,4,0,2.0,1.0,2.0
25,No,Travel_Rarely,977.0,Research & Development,2,1.0,Other,1992,4,Male,57.0,3.0,1.0,Laboratory Technician,3,Divorced,3977.0,7298.0,2,Yes,19.0,3.0,3.0,1.0,7,2.0,2,2,2.0,0.0,2.0
20,No,Travel_Rarely,727.0,Sales,9,1.0,Life Sciences,1680,4,Male,54.0,3.0,1.0,Sales Representative,1,Single,2728.0,21082.0,1,No,11.0,3.0,1.0,0.0,2,3.0,3,2,2.0,0.0,2.0
44,No,Travel_Rarely,1313.0,Research & Development,7,3.0,Medical,1608,2,Female,31.0,3.0,5.0,Research Director,4,Divorced,16679.875,3549.0,0,Yes,14.0,3.0,4.0,1.0,23,4.0,2,22,7.0,1.0,10.0
54,No,Travel_Rarely,685.0,Research & Development,3,3.0,Life Sciences,1250,4,Male,85.0,3.0,4.0,Research Director,4,Married,16679.875,23474.0,3,No,14.0,3.0,1.0,0.0,10,2.0,3,10,9.0,0.0,9.0
35,No,Travel_Rarely,776.0,Sales,1,4.0,Marketing,100,3,Male,32.0,2.0,2.0,Sales Executive,1,Single,4312.0,23016.0,0,No,14.0,3.0,2.0,0.0,16,2.0,3,15,13.0,2.0,8.0
38,No,Travel_Rarely,1245.0,Sales,14,3.0,Life Sciences,1582,3,Male,80.0,3.0,2.0,Sales Executive,2,Married,9924.0,12355.0,0,No,11.0,3.0,4.0,1.0,10,3.0,3,9,8.0,7.0,7.0
51,No,Travel_Frequently,968.0,Research & Development,6,2.0,Medical,1297,2,Female,40.0,2.0,1.0,Laboratory Technician,3,Single,2838.0,4257.0,0,No,14.0,3.0,2.0,0.0,8,6.0,2,7,0.0,7.0,7.0
40,No,Travel_Rarely,1171.0,Research & Development,10,4.0,Life Sciences,483,3,Female,46.0,4.0,1.0,Laboratory Technician,3,Married,2213.0,22495.0,3,Yes,13.0,3.0,3.0,1.0,10,3.0,3,7,7.0,1.0,7.0
38,Yes,Travel_Rarely,903.0,Research & Development,2,3.0,Medical,1573,3,Male,81.0,3.0,2.0,Manufacturing Director,2,Married,4855.0,7653.0,4,No,11.0,3.0,1.0,2.0,7,2.0,3,5,2.0,1.0,4.0
28,No,Travel_Rarely,989.0,Sales,2,3.0,Medical,2405,1,Male,43.0,2.0,2.0,Sales Executive,2,Divorced,4188.0,3359.0,1,Yes,16.0,3.0,2.0,1.0,7,3.0,2,12,0.0,0.0,9.0
29,No,Travel_Rarely,942.0,Research & Development,15,1.0,Life Sciences,1202,2,Female,69.0,1.0,1.0,Research Scientist,4,Married,2168.0,26933.0,0,Yes,18.0,3.0,1.0,1.0,6,2.0,2,5,4.0,1.0,3.0
29,Yes,Travel_Frequently,459.0,Research & Development,24,2.0,Life Sciences,1868,4,Male,73.0,2.0,1.0,Research Scientist,3,Single,2439.0,14753.0,1,Yes,24.0,4.0,2.0,0.0,1,3.0,2,1,0.0,1.0,0.0
32,No,Travel_Rarely,646.0,Research & Development,9,4.0,Life Sciences,679,1,Female,92.0,3.0,2.0,Research Scientist,4,Married,6322.0,18089.0,1,Yes,12.0,3.0,4.0,1.0,6,2.0,2,6,4.0,0.0,5.0
39,No,Travel_Rarely,895.0,Research & Development,0,4.0,Medical,2500,4,Female,32.0,2.0,2.0,Manufacturing Director,3,Married,4375.0,15409.0,0,No,14.0,3.0,3.0,0.0,3,6.0,3,0,2.0,1.0,2.0
26,No,Travel_Rarely,991.0,Research & Development,6,3.0,Life Sciences,686,3,Female,71.0,3.0,1.0,Laboratory Technician,4,Married,4967.0,17759.0,1,Yes,13.0,3.0,3.0,1.0,3,2.0,3,3,2.0,0.0,2.0
29,No,Travel_Rarely,1055.0,Research & Development,3,4.0,Life Sciences,2291,1,Female,46.0,3.0,2.0,Manufacturing Director,4,Married,4227.0,4661.0,0,No,19.0,3.0,2.0,1.0,6,2.0,3,0,2.0,2.0,2.0
31,Yes,Travel_Rarely,249.0,Sales,6,4.0,Life Sciences,163,2,Male,76.0,1.0,2.0,Sales Executive,3,Married,6172.0,20739.0,4,Yes,18.0,3.0,2.0,0.0,12,3.0,2,7,7.0,7.0,7.0
41,No,Travel_Frequently,1394.0,Research & Development,13,1.0,Medical,2558,3,Male,67.0,3.0,1.0,Research Scientist,3,Married,2687.0,12128.0,0,No,16.0,3.0,2.0,1.0,2,0.0,2,1,1.0,0.0,2.0
42,No,Non-Travel,355.0,Research & Development,10,4.0,Technical Degree,1854,3,Male,38.0,3.0,1.0,Research Scientist,3,Married,2936.0,6161.0,3,No,22.0,4.0,2.0,2.0,10,1.0,2,6,3.0,3.0,3.0
50,No,Travel_Rarely,1099.0,Research & Development,29,4.0,Life Sciences,569,2,Male,88.0,2.0,4.0,Manager,3,Married,16679.875,9314.0,0,No,15.0,3.0,2.0,1.0,28,2.0,3,27,10.0,15.0,7.0
34,No,Travel_Frequently,560.0,Research & Development,1,4.0,Other,1431,4,Male,91.0,3.0,1.0,Research Scientist,3,Divorced,2996.0,20284.0,5,No,14.0,3.0,3.0,2.0,10,2.0,3,4,3.0,1.0,3.0
50,No,Travel_Rarely,571.0,Sales,17,3.0,Medical,2121,3,Female,78.0,3.0,2.0,Sales Executive,3,Married,4591.0,24201.0,3,Yes,18.0,3.0,3.0,1.0,12,4.0,2,5,4.0,1.0,2.0
32,No,Travel_Rarely,1401.0,Sales,4,2.0,Life Sciences,330,3,Female,56.0,3.0,1.0,Sales Representative,2,Married,3931.0,20990.0,2,No,11.0,3.0,1.0,1.0,6,5.0,3,4,3.0,1.0,2.0
46,No,Travel_Rarely,1313.0,Research & Development,29,3.0,Life Sciences,2098,3,Male,82.0,3.0,1.0,Research Scientist,4,Single,3453.0,9749.0,5,No,15.0,3.0,2.0,0.0,9,2.0,2,3,5.0,0.0,3.0
56,No,Travel_Rarely,832.0,Research & Development,9,3.0,Medical,762,3,Male,81.0,3.0,4.0,Healthcare Representative,4,Married,11103.0,20420.0,7,No,11.0,3.0,3.0,0.0,30,1.0,2,10,7.0,1.0,1.0
23,No,Travel_Rarely,702.0,Sales,30,2.0,Marketing,2284,3,Male,66.0,3.0,2.0,Sales Executive,2,Married,6272.0,7426.0,1,No,18.0,4.0,4.0,2.0,7,5.0,4,6,3.0,1.0,4.0
27,No,Travel_Frequently,162.0,Research & Development,7,3.0,Medical,2521,3,Female,71.0,3.0,1.0,Research Scientist,3,Divorced,2080.0,22656.0,1,No,19.0,4.0,3.0,1.0,2,2.0,3,0,0.0,0.0,0.0
38,No,Travel_Rarely,1010.0,Sales,1,2.0,Life Sciences,2581,2,Female,29.0,3.0,2.0,Sales Executive,1,Divorced,4967.0,19461.0,2,No,16.0,3.0,4.0,1.0,9,3.0,3,5,7.0,1.0,7.0
33,Yes,Travel_Rarely,527.0,Research & Development,0,4.0,Other,2273,4,Male,66.0,3.0,1.0,Research Scientist,4,Single,2687.0,5209.0,1,Yes,16.0,3.0,3.0,0.0,10,2.0,2,12,9.0,7.0,8.0
35,No,Travel_Rarely,1343.0,Research & Development,27,1.0,Medical,856,3,Female,53.0,2.0,1.0,Research Scientist,1,Single,2559.0,17852.0,1,No,11.0,3.0,4.0,0.0,6,3.0,2,6,5.0,1.0,1.0
18,Yes,Travel_Rarely,227.0,Research & Development,3,3.0,Life Sciences,2566,3,Male,55.0,3.0,1.0,Laboratory Technician,3,Single,1419.0,25235.0,1,No,15.0,3.0,3.0,0.0,2,2.0,3,1,0.0,0.0,0.0
36,No,Travel_Rarely,1120.0,Sales,11,4.0,Marketing,2045,2,Female,100.0,2.0,2.0,Sales Executive,4,Married,6652.0,14369.0,4,No,13.0,3.0,1.0,1.0,8,2.0,2,6,3.0,0.0,0.0
40,No,Travel_Rarely,581.0,Research & Development,31,4.0,Life Sciences,2587,1,Female,58.0,2.0,4.0,Manufacturing Director,2,Married,13569.0,5641.0,0,No,26.0,4.0,3.0,1.0,22,3.0,3,23,7.0,0.0,10.0
40,No,Travel_Rarely,611.0,Sales,7,4.0,Medical,1740,2,Male,88.0,3.0,5.0,Manager,3,Single,16679.875,4349.0,1,No,14.0,3.0,2.0,0.0,21,3.0,2,21,8.0,12.0,8.0
46,No,Travel_Frequently,1211.0,Sales,5,4.0,Marketing,62,1,Male,98.0,3.0,2.0,Sales Executive,4,Single,5772.0,20445.0,4,Yes,21.0,4.0,3.0,0.0,14,4.0,3,9,6.0,0.0,8.0
32,No,Travel_Frequently,828.0,Research & Development,0,4.0,Other,2073,3,Female,83.0,4.0,2.0,Healthcare Representative,2,Married,5485.0,20160.0,1,Yes,14.0,3.0,1.0,1.0,4,2.0,3,7,5.0,1.0,2.0
35,Yes,Travel_Rarely,1046.0,Sales,3,4.0,Medical,2177,4,Male,32.0,1.0,3.0,Sales Executive,4,Married,10402.0,25809.0,1,No,8.0,3.0,3.0,0.0,12,2.0,2,17,8.0,9.0,8.0
55,Yes,Travel_Rarely,436.0,Sales,2,1.0,Medical,842,3,Male,37.0,3.0,2.0,Sales Executive,4,Single,5160.0,21519.0,4,No,16.0,3.0,3.0,0.0,12,3.0,2,9,7.0,7.0,3.0
47,No,Travel_Rarely,1225.0,Sales,2,4.0,Life Sciences,1676,2,Female,47.0,4.0,4.0,Manager,2,Divorced,15972.0,21086.0,6,No,14.0,3.0,3.0,3.0,29,2.0,3,3,2.0,1.0,2.0
40,No,Travel_Rarely,444.0,Sales,2,2.0,Marketing,1986,2,Female,92.0,3.0,2.0,Sales Executive,2,Married,5677.0,4258.0,3,No,14.0,3.0,3.0,1.0,15,4.0,3,11,8.0,5.0,10.0
34,No,Travel_Rarely,1031.0,Research & Development,6,4.0,Life Sciences,151,3,Female,45.0,2.0,2.0,Research Scientist,2,Divorced,4505.0,15000.0,6,No,15.0,3.0,3.0,1.0,12,3.0,3,1,0.0,0.0,0.0
46,No,Travel_Rarely,1402.0,Sales,2,3.0,Marketing,1204,3,Female,69.0,3.0,4.0,Manager,1,Married,16679.875,24097.0,8,No,23.0,4.0,1.0,0.0,28,2.0,3,26,15.0,15.0,9.0
43,No,Non-Travel,343.0,Research & Development,9,3.0,Life Sciences,1813,1,Male,52.0,3.0,1.0,Research Scientist,3,Single,2438.0,24978.0,4,No,13.0,3.0,3.0,0.0,7,2.0,2,3,2.0,1.0,2.0
31,No,Travel_Rarely,1082.0,Research & Development,7,4.0,Medical,95,3,Male,87.0,3.0,1.0,Research Scientist,2,Single,2501.0,18775.0,1,No,17.0,3.0,2.0,0.0,1,4.0,3,1,1.0,1.0,0.0
34,Yes,Travel_Frequently,658.0,Research & Development,7,3.0,Life Sciences,147,1,Male,66.0,1.0,2.0,Laboratory Technician,3,Single,6074.0,22887.0,1,Yes,24.0,4.0,4.0,0.0,9,3.0,3,9,7.0,0.0,6.0
32,No,Travel_Rarely,120.0,Research & Development,6,5.0,Life Sciences,231,3,Male,43.0,3.0,1.0,Research Scientist,3,Single,3038.0,12430.0,3,No,20.0,4.0,1.0,0.0,8,2.0,3,5,4.0,1.0,4.0
36,No,Travel_Rarely,1396.0,Research & Development,5,2.0,Life Sciences,304,4,Male,62.0,3.0,2.0,Laboratory Technician,2,Single,5914.0,9945.0,8,No,16.0,3.0,4.0,0.0,16,3.0,4,13,11.0,3.0,7.0
33,Yes,Travel_Frequently,1076.0,Research & Development,7,3.0,Life Sciences,702,1,Male,70.0,3.0,1.0,Research Scientist,1,Single,3348.0,3164.0,1,Yes,11.0,3.0,1.0,0.0,10,3.0,3,10,8.0,9.0,7.0
40,No,Travel_Frequently,1395.0,Research & Development,26,3.0,Medical,202,2,Female,54.0,3.0,2.0,Research Scientist,2,Divorced,5605.0,8504.0,1,No,11.0,3.0,1.0,1.0,20,2.0,3,20,7.0,2.0,13.0
45,No,Travel_Rarely,192.0,Research & Development,10,2.0,Life Sciences,544,1,Male,69.0,3.0,1.0,Research Scientist,4,Married,2654.0,9655.0,3,No,21.0,4.0,4.0,2.0,8,3.0,2,2,2.0,0.0,2.0
31,No,Travel_Rarely,154.0,Sales,7,4.0,Life Sciences,941,2,Male,41.0,2.0,1.0,Sales Representative,3,Married,2329.0,11737.0,3,No,15.0,3.0,2.0,0.0,13,2.0,4,7,7.0,5.0,2.0
40,No,Travel_Rarely,1322.0,Research & Development,2,4.0,Life Sciences,2048,3,Male,52.0,2.0,1.0,Research Scientist,3,Single,2809.0,2725.0,2,No,14.0,3.0,4.0,0.0,8,2.0,3,2,2.0,2.0,2.0
31,No,Travel_Frequently,732.0,Research & Development,21,4.0,Other,2672,3,Male,85.0,2.0,2.0,Research Scientist,4,Married,5749.0,26493.0,1,Yes,15.0,3.0,2.0,0.0,14,3.0,3,16,10.0,6.0,11.0
30,No,Travel_Rarely,230.0,Research & Development,22,3.0,Technical Degree,2403,4,Male,34.0,3.0,2.0,Manufacturing Director,4,Divorced,4260.0,22642.0,4,No,14.0,3.0,2.0,2.0,10,2.0,4,2,2.0,1.0,2.0
36,No,Travel_Rarely,447.0,Research & Development,2,3.0,Medical,1472,4,Male,39.0,4.0,4.0,Research Director,2,Single,16598.0,19764.0,4,No,12.0,3.0,2.0,0.0,35,2.0,2,9,8.0,8.0,8.0
38,No,Travel_Rarely,162.0,Sales,1,2.0,Medical,2251,2,Male,60.0,2.0,3.0,Sales Executive,3,Married,7593.0,3810.0,1,No,11.0,3.0,2.0,2.0,12,2.0,3,7,9.0,9.0,0.0
36,Yes,Travel_Frequently,602.0,Sales,1,1.0,Technical Degree,2378,3,Female,98.0,1.0,1.0,Sales Representative,1,Single,2323.0,20990.0,0,No,22.0,4.0,1.0,0.0,0,5.0,4,0,0.0,0.0,0.0
35,No,Travel_Rarely,950.0,Research & Development,7,3.0,Other,845,3,Male,59.0,3.0,3.0,Manufacturing Director,3,Single,10221.0,18869.0,3,No,21.0,4.0,2.0,0.0,17,3.0,3,8,5.0,1.0,6.0
38,No,Travel_Rarely,1206.0,Research & Development,9,2.0,Life Sciences,1940,2,Male,71.0,3.0,1.0,Research Scientist,4,Divorced,4771.0,14293.0,2,No,19.0,3.0,4.0,2.0,10,0.0,4,5,2.0,0.0,3.0
37,No,Travel_Rarely,365.0,Research & Development,25,2.0,Medical,2276,3,Female,51.0,2.0,2.0,Healthcare Representative,4,Divorced,5729.0,17172.0,7,No,14.0,3.0,3.0,2.0,7,2.0,3,5,2.0,1.0,3.0
19,Yes,Travel_Rarely,489.0,Human Resources,2,2.0,Technical Degree,566,1,Male,52.0,2.0,1.0,Human Resources,4,Single,2564.0,18437.0,1,No,12.0,3.0,3.0,0.0,1,3.0,4,1,0.0,0.0,0.0
34,No,Travel_Rarely,546.0,Research & Development,10,3.0,Life Sciences,934,2,Male,83.0,3.0,1.0,Laboratory Technician,2,Divorced,2008.0,6896.0,1,No,14.0,3.0,2.0,2.0,1,3.0,3,1,0.0,1.0,0.0
34,No,Travel_Frequently,1069.0,Research & Development,2,1.0,Life Sciences,256,4,Male,45.0,2.0,2.0,Manufacturing Director,3,Married,9547.0,14074.0,1,No,17.0,3.0,3.0,0.0,10,2.0,2,10,9.0,1.0,9.0
27,No,Travel_Rarely,199.0,Research & Development,7,3.0,Life Sciences,1162,4,Male,55.0,2.0,1.0,Research Scientist,3,Married,2539.0,7950.0,1,No,13.0,3.0,3.0,1.0,4,0.0,3,4,2.0,2.0,2.0
58,Yes,Travel_Rarely,444.0,Research & Development,11,4.0,Life Sciences,2561,2,Female,73.0,3.0,1.0,Research Scientist,2,Married,4964.0,4513.0,9,Yes,17.0,3.0,1.0,3.0,10,2.0,3,4,4.0,4.0,3.0
33,No,Travel_Rarely,924.0,Research & Development,2,3.0,Medical,39,3,Male,78.0,3.0,1.0,Laboratory Technician,4,Single,2496.0,6670.0,4,No,11.0,3.0,4.0,0.0,7,3.0,3,1,1.0,0.0,0.0
56,No,Non-Travel,174.0,Research & Development,10,1.0,Medical,2086,4,Male,38.0,2.0,4.0,Healthcare Representative,2,Divorced,13576.0,25591.0,1,Yes,14.0,3.0,4.0,1.0,37,3.0,3,35,9.0,15.0,0.0
34,No,Travel_Rarely,1333.0,Sales,10,4.0,Life Sciences,1055,3,Female,87.0,3.0,1.0,Sales Representative,3,Married,2220.0,18410.0,1,Yes,19.0,3.0,4.0,1.0,1,2.0,3,1,1.0,0.0,0.0
36,No,Travel_Rarely,1278.0,Human Resources,8,3.0,Life Sciences,878,1,Male,77.0,2.0,1.0,Human Resources,1,Married,2342.0,8635.0,0,No,21.0,4.0,3.0,0.0,6,3.0,3,5,4.0,0.0,3.0
43,Yes,Travel_Rarely,623.0,Research & Development,17,3.0,Medical,2670,1,Female,76.0,3.0,3.0,Healthcare Representative,4,Married,7977.0,14073.0,1,No,11.0,3.0,4.0,1.0,11,2.0,3,13,7.0,0.0,5.0
31,Yes,Travel_Frequently,523.0,Research & Development,2,3.0,Life Sciences,1464,2,Male,94.0,3.0,1.0,Laboratory Technician,4,Married,3722.0,21081.0,6,Yes,13.0,3.0,3.0,1.0,7,2.0,1,2,2.0,2.0,2.0
45,No,Travel_Rarely,1385.0,Research & Development,20,2.0,Medical,372,3,Male,79.0,3.0,4.0,Healthcare Representative,4,Married,13496.0,7501.0,0,Yes,14.0,3.0,2.0,0.0,21,2.0,3,20,7.0,4.0,10.0
32,No,Travel_Rarely,1373.0,Research & Development,5,4.0,Life Sciences,1966,4,Male,56.0,2.0,2.0,Manufacturing Director,4,Single,9679.0,10138.0,2,No,24.0,4.0,2.0,0.0,8,1.0,3,1,0.0,0.0,0.0
30,No,Travel_Rarely,1288.0,Sales,29,4.0,Technical Degree,1568,3,Male,33.0,3.0,3.0,Sales Executive,2,Married,9250.0,17799.0,3,No,12.0,3.0,2.0,1.0,9,3.0,3,4,2.0,1.0,3.0
47,No,Travel_Rarely,571.0,Sales,14,3.0,Medical,1503,3,Female,78.0,3.0,2.0,Sales Executive,3,Married,4591.0,24200.0,3,Yes,17.0,3.0,3.0,1.0,11,4.0,2,5,4.0,1.0,2.0
27,No,Travel_Rarely,486.0,Research & Development,8,3.0,Medical,1647,2,Female,86.0,4.0,1.0,Research Scientist,3,Married,3517.0,22490.0,7,No,17.0,3.0,1.0,0.0,5,0.0,3,3,2.0,0.0,2.0
30,No,Travel_Frequently,1012.0,Research & Development,5,4.0,Life Sciences,861,2,Male,75.0,2.0,1.0,Research Scientist,4,Divorced,3761.0,2373.0,9,No,12.0,3.0,2.0,1.0,10,3.0,2,5,4.0,0.0,3.0
39,No,Travel_Rarely,699.0,Sales,1,4.0,Life Sciences,2498,1,Female,56.0,2.0,2.0,Sales Executive,3,Single,8683.0,12928.0,4,No,23.0,4.0,3.0,0.0,9,2.0,4,6,3.0,0.0,7.0
56,No,Travel_Frequently,124.0,Sales,5,3.0,Marketing,2235,3,Female,39.0,2.0,3.0,Sales Executive,2,Married,7527.0,23536.0,2,No,11.0,3.0,1.0,1.0,28,2.0,3,13,7.0,6.0,12.0
27,Yes,Travel_Frequently,107.0,Research & Development,8,3.0,Medical,2710,2,Female,57.0,3.0,1.0,Laboratory Technician,3,Single,2421.0,25727.0,0,No,19.0,3.0,1.0,0.0,10,3.0,3,6,2.0,1.0,2.0
26,No,Travel_Rarely,1355.0,Human Resources,25,1.0,Life Sciences,177,3,Female,61.0,3.0,1.0,Human Resources,3,Married,4967.0,8916.0,2,No,23.0,4.0,4.0,1.0,8,3.0,3,8,7.0,5.0,7.0
35,No,Travel_Rarely,1296.0,Research & Development,5,4.0,Life Sciences,464,3,Male,62.0,3.0,3.0,Manufacturing Director,2,Single,8095.0,18264.0,0,No,13.0,3.0,4.0,0.0,17,5.0,3,16,6.0,0.0,13.0
37,No,Travel_Rarely,1305.0,Research & Development,10,4.0,Life Sciences,518,3,Male,49.0,3.0,2.0,Manufacturing Director,2,Single,4197.0,21123.0,2,Yes,12.0,3.0,4.0,0.0,18,2.0,2,1,0.0,0.0,1.0
59,No,Travel_Rarely,818.0,Human Resources,6,2.0,Medical,321,2,Male,52.0,3.0,1.0,Human Resources,3,Married,2267.0,25657.0,2,No,17.0,3.0,4.0,0.0,7,2.0,2,2,2.0,2.0,2.0
27,Yes,Travel_Frequently,1337.0,Human Resources,22,3.0,Human Resources,1944,1,Female,58.0,2.0,1.0,Human Resources,2,Married,4967.0,19555.0,1,No,12.0,3.0,1.0,0.0,1,2.0,3,1,0.0,0.0,0.0
24,No,Travel_Rarely,796.0,Research & Development,7,4.0,Medical,2210,1,Female,69.0,2.0,1.0,Research Scientist,3,Divorced,2185.0,5015.0,0,No,13.0,3.0,3.0,2.0,4,5.0,2,4,3.0,0.0,3.0
40,No,Travel_Rarely,406.0,Research & Development,2,4.0,Life Sciences,2351,3,Female,79.0,2.0,2.0,Healthcare Representative,3,Single,4554.0,20980.0,1,No,9.0,3.0,1.0,0.0,23,4.0,3,21,7.0,11.0,10.0
18,Yes,Travel_Frequently,1306.0,Sales,5,3.0,Marketing,614,2,Male,69.0,3.0,1.0,Sales Representative,2,Single,1878.0,8059.0,1,Yes,14.0,3.0,4.0,0.0,0,3.0,3,0,0.0,0.0,0.0
40,Yes,Non-Travel,1479.0,Sales,24,3.0,Life Sciences,986,2,Female,100.0,4.0,4.0,Sales Executive,2,Single,13194.0,17071.0,4,Yes,16.0,3.0,4.0,0.0,22,2.0,2,1,0.0,0.0,0.0
28,Yes,Travel_Rarely,807.0,Research & Development,5,3.0,Technical Degree,2598,2,Female,36.0,3.0,1.0,Laboratory Technician,3,Divorced,3340.0,17284.0,3,Yes,11.0,3.0,1.0,2.0,13,2.0,3,4,7.0,7.0,7.0
58,No,Non-Travel,350.0,Sales,2,3.0,Medical,1824,3,Male,52.0,3.0,4.0,Manager,2,Divorced,4967.0,22577.0,4,No,22.0,4.0,4.0,1.0,37,0.0,2,16,9.0,14.0,14.0
26,No,Travel_Rarely,390.0,Research & Development,17,4.0,Medical,1718,4,Male,62.0,1.0,1.0,Laboratory Technician,3,Married,2305.0,6217.0,1,No,15.0,3.0,3.0,3.0,3,3.0,4,3,2.0,0.0,2.0
42,Yes,Travel_Frequently,481.0,Sales,12,3.0,Life Sciences,1167,3,Male,44.0,3.0,4.0,Sales Executive,1,Single,13758.0,2447.0,0,Yes,12.0,3.0,2.0,0.0,22,2.0,2,21,9.0,13.0,14.0
54,No,Travel_Rarely,971.0,Research & Development,1,3.0,Medical,1422,4,Female,54.0,3.0,4.0,Research Director,4,Single,16679.875,5652.0,6,No,19.0,3.0,4.0,0.0,29,3.0,2,20,7.0,12.0,7.0
35,No,Travel_Rarely,817.0,Research & Development,1,3.0,Medical,1369,4,Female,60.0,2.0,2.0,Laboratory Technician,4,Married,5363.0,10846.0,0,No,12.0,3.0,2.0,1.0,10,0.0,3,9,7.0,0.0,0.0
40,No,Travel_Frequently,902.0,Research & Development,26,2.0,Medical,1180,3,Female,92.0,2.0,2.0,Research Scientist,4,Married,4422.0,21203.0,3,Yes,13.0,3.0,4.0,1.0,16,3.0,1,1,1.0,0.0,0.0
38,No,Travel_Rarely,364.0,Research & Development,3,5.0,Technical Degree,193,4,Female,32.0,3.0,2.0,Research Scientist,3,Single,4317.0,2302.0,3,Yes,20.0,4.0,2.0,0.0,19,2.0,3,3,2.0,2.0,2.0
40,No,Non-Travel,1094.0,Sales,28,3.0,Other,615,3,Male,58.0,1.0,3.0,Sales Executive,1,Divorced,10932.0,11373.0,3,No,15.0,3.0,3.0,1.0,20,2.0,3,1,0.0,0.0,1.0
48,No,Travel_Rarely,1224.0,Research & Development,10,3.0,Life Sciences,1867,4,Male,91.0,2.0,5.0,Research Director,2,Married,16679.875,13583.0,4,No,12.0,3.0,4.0,0.0,29,3.0,3,22,10.0,12.0,9.0
28,No,Travel_Rarely,440.0,Research & Development,21,3.0,Medical,221,3,Male,42.0,3.0,1.0,Research Scientist,4,Married,2713.0,6672.0,1,No,11.0,3.0,3.0,1.0,5,2.0,1,5,2.0,0.0,2.0
52,No,Non-Travel,585.0,Sales,29,4.0,Life Sciences,2019,1,Male,40.0,3.0,1.0,Sales Representative,4,Divorced,3482.0,19788.0,2,No,15.0,3.0,2.0,2.0,16,3.0,2,9,8.0,0.0,0.0
43,No,Travel_Frequently,745.0,Research & Development,11,2.0,Medical,2122,1,Female,74.0,3.0,1.0,Laboratory Technician,4,Single,3674.0,16457.0,1,No,14.0,3.0,3.0,0.0,9,3.0,3,10,9.0,5.0,8.0
47,No,Travel_Rarely,1176.0,Human Resources,26,4.0,Life Sciences,1625,3,Female,98.0,3.0,5.0,Manager,3,Married,16679.875,5220.0,3,No,11.0,3.0,3.0,1.0,27,2.0,3,5,2.0,1.0,0.0
53,No,Travel_Frequently,124.0,Sales,2,3.0,Marketing,1050,3,Female,38.0,2.0,3.0,Sales Executive,2,Married,7525.0,23537.0,2,No,12.0,3.0,1.0,1.0,30,2.0,3,15,7.0,6.0,12.0
30,No,Travel_Rarely,851.0,Sales,12,3.0,Marketing,2685,3,Male,70.0,2.0,2.0,Sales Executive,3,Married,4967.0,2708.0,1,No,20.0,3.0,1.0,1.0,12,3.0,3,7,3.0,1.0,4.0
36,No,Travel_Rarely,1253.0,Research & Development,10,1.0,Medical,1800,3,Male,65.0,3.0,3.0,Research Director,3,Single,13464.0,7914.0,7,No,21.0,4.0,3.0,0.0,9,3.0,3,4,3.0,2.0,2.0
40,No,Travel_Rarely,703.0,Sales,1,4.0,Life Sciences,2656,1,Female,57.0,2.0,2.0,Sales Executive,4,Single,8687.0,12931.0,4,No,22.0,4.0,3.0,0.0,10,2.0,4,6,3.0,0.0,7.0
51,No,Travel_Rarely,770.0,Human Resources,5,3.0,Life Sciences,1352,3,Male,84.0,3.0,4.0,Manager,2,Divorced,14026.0,17588.0,1,Yes,11.0,3.0,2.0,1.0,33,2.0,3,33,9.0,0.0,10.0
48,No,Non-Travel,1262.0,Research & Development,1,4.0,Medical,1116,1,Male,35.0,4.0,4.0,Manager,4,Single,16679.875,16154.0,2,No,22.0,4.0,3.0,0.0,27,3.0,2,5,4.0,2.0,1.0
27,No,Travel_Rarely,1278.0,Research & Development,30,2.0,Medical,2312,4,Female,63.0,3.0,2.0,Research Scientist,4,Married,5778.0,11933.0,1,No,11.0,3.0,4.0,2.0,13,2.0,3,11,8.0,1.0,9.0
30,No,Travel_Rarely,1176.0,Research & Development,20,3.0,Other,1084,3,Male,85.0,3.0,2.0,Manufacturing Director,1,Married,9957.0,9096.0,0,No,15.0,3.0,3.0,1.0,7,1.0,2,6,2.0,0.0,2.0
28,No,Travel_Rarely,1144.0,Sales,10,1.0,Medical,1056,4,Male,74.0,3.0,1.0,Sales Representative,2,Married,4967.0,23384.0,1,No,22.0,4.0,2.0,0.0,1,5.0,3,1,0.0,0.0,0.0
39,Yes,Travel_Rarely,1162.0,Sales,3,2.0,Medical,445,4,Female,41.0,3.0,2.0,Sales Executive,3,Married,5238.0,17778.0,4,Yes,18.0,3.0,1.0,0.0,12,3.0,2,1,0.0,0.0,0.0
34,No,Travel_Frequently,653.0,Research & Development,7,4.0,Technical Degree,1597,4,Male,92.0,2.0,2.0,Healthcare Representative,3,Married,5063.0,15332.0,1,No,14.0,3.0,2.0,1.0,8,3.0,2,8,2.0,7.0,7.0
34,No,Travel_Rarely,121.0,Research & Development,7,4.0,Medical,804,3,Female,86.0,2.0,1.0,Research Scientist,1,Single,4381.0,7530.0,1,No,11.0,3.0,3.0,0.0,6,3.0,3,6,5.0,1.0,3.0
27,No,Travel_Rarely,975.0,Research & Development,7,3.0,Medical,764,4,Female,55.0,2.0,2.0,Healthcare Representative,1,Single,4967.0,23398.0,8,No,19.0,3.0,1.0,0.0,9,2.0,1,7,6.0,0.0,7.0
33,No,Travel_Frequently,1296.0,Research & Development,6,3.0,Life Sciences,692,3,Male,30.0,3.0,2.0,Healthcare Representative,4,Divorced,7725.0,5335.0,3,No,23.0,4.0,3.0,1.0,15,2.0,1,13,11.0,4.0,7.0
47,No,Travel_Rarely,999.0,Research & Development,5,3.0,Life Sciences,2147,3,Female,93.0,2.0,3.0,Manufacturing Director,2,Divorced,10335.0,19271.0,8,Yes,11.0,3.0,3.0,1.0,31,4.0,3,25,11.0,14.0,10.0
33,No,Non-Travel,722.0,Sales,17,3.0,Life Sciences,992,4,Male,38.0,3.0,4.0,Manager,3,Single,16679.875,20489.0,1,No,11.0,3.0,4.0,0.0,10,2.0,3,10,8.0,6.0,0.0
56,Yes,Travel_Rarely,609.0,Research & Development,3,5.0,Technical Degree,2307,3,Female,77.0,2.0,3.0,Manufacturing Director,4,Married,10167.0,14619.0,0,No,15.0,3.0,2.0,1.0,31,4.0,3,34,7.0,1.0,9.0
45,No,Travel_Rarely,252.0,Research & Development,1,3.0,Other,336,3,Male,70.0,4.0,5.0,Manager,4,Married,16679.875,15970.0,0,No,11.0,3.0,3.0,1.0,25,2.0,3,24,0.0,1.0,7.0
31,No,Travel_Rarely,691.0,Sales,7,3.0,Marketing,438,4,Male,73.0,3.0,2.0,Sales Executive,4,Divorced,7547.0,7143.0,4,No,12.0,3.0,4.0,3.0,13,3.0,3,7,7.0,1.0,7.0
31,No,Travel_Rarely,1062.0,Research & Development,24,3.0,Medical,1252,3,Female,96.0,2.0,2.0,Healthcare Representative,1,Single,6812.0,17198.0,1,No,19.0,3.0,2.0,0.0,10,2.0,3,10,9.0,1.0,8.0
42,Yes,Travel_Frequently,478.0,Sales,14,3.0,Life Sciences,2647,3,Male,43.0,3.0,4.0,Sales Executive,1,Single,13760.0,2447.0,0,Yes,14.0,3.0,2.0,0.0,19,2.0,2,20,9.0,13.0,14.0
25,Yes,Travel_Rarely,240.0,Sales,5,3.0,Marketing,142,3,Male,46.0,2.0,2.0,Sales Executive,3,Single,4967.0,26959.0,1,Yes,11.0,3.0,4.0,0.0,6,1.0,3,6,4.0,0.0,3.0
60,No,Travel_Frequently,1499.0,Sales,28,3.0,Marketing,573,3,Female,80.0,2.0,3.0,Sales Executive,1,Married,10266.0,2845.0,4,No,19.0,3.0,4.0,0.0,22,5.0,4,18,13.0,13.0,11.0
37,No,Travel_Rarely,161.0,Research & Development,10,3.0,Life Sciences,2017,3,Female,42.0,4.0,3.0,Research Director,4,Married,13744.0,15471.0,1,Yes,25.0,4.0,1.0,1.0,10,2.0,3,16,11.0,6.0,8.0
35,No,Travel_Frequently,507.0,Sales,12,3.0,Marketing,2440,2,Male,43.0,2.0,2.0,Sales Executive,4,Single,4685.0,4318.0,3,No,13.0,3.0,3.0,0.0,12,6.0,2,5,7.0,0.0,1.0
47,No,Travel_Rarely,1180.0,Research & Development,25,3.0,Medical,1993,1,Male,84.0,3.0,3.0,Healthcare Representative,3,Single,8633.0,13084.0,2,No,23.0,4.0,2.0,0.0,25,3.0,3,17,14.0,12.0,11.0
33,No,Travel_Rarely,170.0,Research & Development,3,4.0,Life Sciences,2495,1,Male,38.0,2.0,2.0,Laboratory Technician,4,Single,5807.0,22605.0,1,No,15.0,3.0,3.0,0.0,7,2.0,2,10,4.0,1.0,8.0
44,Yes,Travel_Rarely,1097.0,Research & Development,10,4.0,Life Sciences,1200,3,Male,96.0,3.0,1.0,Research Scientist,3,Single,2936.0,10826.0,2,Yes,11.0,3.0,3.0,0.0,6,4.0,3,6,4.0,0.0,2.0
26,No,Travel_Frequently,590.0,Research & Development,2,3.0,Medical,2680,3,Male,84.0,3.0,1.0,Research Scientist,4,Single,2577.0,6297.0,2,No,11.0,3.0,3.0,0.0,4,0.0,2,2,2.0,1.0,2.0
44,No,Travel_Rarely,1099.0,Sales,5,3.0,Marketing,1267,3,Male,88.0,3.0,5.0,Manager,2,Married,16679.875,8751.0,7,No,11.0,3.0,3.0,1.0,26,5.0,3,22,9.0,3.0,10.0
59,No,Travel_Rarely,1324.0,Research & Development,3,3.0,Medical,10,3,Female,81.0,4.0,1.0,Laboratory Technician,1,Married,2670.0,9964.0,4,Yes,20.0,4.0,1.0,3.0,12,3.0,2,1,0.0,0.0,0.0
45,Yes,Travel_Rarely,1449.0,Sales,2,3.0,Marketing,1277,1,Female,94.0,1.0,5.0,Manager,2,Single,16679.875,2493.0,2,Yes,16.0,3.0,1.0,0.0,26,2.0,3,24,10.0,1.0,11.0
26,Yes,Travel_Rarely,920.0,Human Resources,20,2.0,Medical,1818,4,Female,69.0,3.0,1.0,Human Resources,2,Married,2148.0,6889.0,0,Yes,11.0,3.0,3.0,0.0,6,3.0,3,5,1.0,1.0,4.0
28,No,Travel_Rarely,467.0,Research & Development,27,4.0,Medical,2684,4,Male,76.0,2.0,1.0,Research Scientist,1,Single,3784.0,8492.0,1,No,16.0,3.0,2.0,0.0,4,3.0,1,7,4.0,0.0,4.0
36,No,Travel_Rarely,355.0,Human Resources,8,1.0,Medical,2634,4,Male,86.0,2.0,1.0,Human Resources,2,Married,2801.0,15431.0,1,No,12.0,3.0,4.0,0.0,3,3.0,3,4,0.0,0.0,0.0
43,Yes,Travel_Rarely,1373.0,Sales,10,3.0,Marketing,2182,1,Female,88.0,1.0,2.0,Sales Executive,3,Single,5348.0,9490.0,2,No,12.0,3.0,2.0,0.0,6,2.0,2,1,3.0,1.0,3.0
40,No,Travel_Rarely,118.0,Sales,14,2.0,Life Sciences,1598,4,Female,84.0,3.0,2.0,Sales Executive,1,Married,4639.0,11262.0,1,No,15.0,3.0,3.0,1.0,5,2.0,3,5,4.0,1.0,2.0
49,No,Travel_Rarely,1098.0,Research & Development,4,2.0,Medical,1256,1,Male,85.0,2.0,5.0,Manager,3,Married,16679.875,12124.0,2,No,13.0,3.0,3.0,1.0,23,2.0,4,1,0.0,0.0,0.0
19,Yes,Travel_Frequently,251.0,Research & Development,11,2.0,Life Sciences,2550,1,Female,47.0,2.0,1.0,Laboratory Technician,3,Single,2623.0,25306.0,1,No,18.0,4.0,3.0,0.0,5,2.0,1,0,2.0,2.0,2.0
33,Yes,Travel_Rarely,524.0,Research & Development,0,4.0,Other,2092,4,Male,60.0,3.0,1.0,Research Scientist,4,Single,2683.0,5204.0,1,Yes,13.0,3.0,3.0,0.0,7,2.0,2,7,9.0,7.0,8.0
25,No,Travel_Rarely,685.0,Research & Development,1,3.0,Life Sciences,350,1,Female,62.0,3.0,2.0,Manufacturing Director,3,Married,4898.0,7505.0,0,No,12.0,3.0,4.0,2.0,5,3.0,3,4,2.0,1.0,2.0
29,No,Travel_Rarely,1357.0,Sales,16,1.0,Life Sciences,2221,4,Male,94.0,3.0,2.0,Sales Executive,3,Married,5299.0,2939.0,2,No,12.0,3.0,3.0,2.0,2,2.0,2,3,1.0,2.0,2.0
43,No,Travel_Rarely,1034.0,Sales,16,3.0,Marketing,327,4,Female,80.0,3.0,4.0,Manager,4,Married,16064.0,7744.0,5,Yes,22.0,4.0,3.0,1.0,22,3.0,3,17,13.0,1.0,9.0
31,No,Non-Travel,325.0,Research & Development,5,3.0,Medical,2057,2,Male,74.0,3.0,2.0,Manufacturing Director,1,Single,9936.0,3787.0,0,No,19.0,3.0,2.0,0.0,10,2.0,3,9,4.0,1.0,7.0
46,No,Travel_Rarely,920.0,Research & Development,0,3.0,Life Sciences,2153,3,Female,97.0,4.0,3.0,Healthcare Representative,4,Married,7878.0,14807.0,2,Yes,19.0,3.0,2.0,1.0,7,2.0,3,9,7.0,6.0,7.0
26,Yes,Travel_Rarely,1090.0,Research & Development,0,4.0,Medical,2146,1,Male,36.0,3.0,1.0,Research Scientist,4,Married,4785.0,26126.0,9,Yes,15.0,3.0,2.0,3.0,10,3.0,4,0,2.0,2.0,2.0
29,No,Travel_Rarely,144.0,Sales,10,1.0,Marketing,463,4,Female,39.0,2.0,2.0,Sales Executive,2,Divorced,8268.0,11866.0,1,Yes,14.0,3.0,1.0,2.0,7,2.0,3,7,7.0,1.0,7.0
34,No,Travel_Frequently,648.0,Human Resources,11,3.0,Life Sciences,1289,3,Male,56.0,2.0,2.0,Human Resources,2,Married,4490.0,21833.0,4,No,11.0,3.0,4.0,2.0,14,5.0,4,10,9.0,1.0,8.0
30,No,Travel_Rarely,570.0,Sales,5,3.0,Marketing,456,4,Female,30.0,2.0,2.0,Sales Executive,3,Divorced,6118.0,5431.0,1,No,13.0,3.0,3.0,3.0,10,2.0,3,10,9.0,1.0,2.0
41,No,Travel_Rarely,591.0,Research & Development,17,2.0,Life Sciences,2212,2,Male,92.0,3.0,4.0,Research Director,1,Married,16679.875,5202.0,6,No,21.0,4.0,3.0,1.0,20,3.0,3,6,1.0,1.0,0.0
42,No,Travel_Rarely,1211.0,Research & Development,0,3.0,Medical,2393,3,Male,66.0,2.0,1.0,Laboratory Technician,2,Married,4967.0,24055.0,4,No,13.0,3.0,2.0,1.0,1,3.0,3,3,0.0,0.0,0.0
34,No,Travel_Rarely,625.0,Research & Development,7,3.0,Medical,2494,2,Male,80.0,4.0,2.0,Laboratory Technician,3,Married,4405.0,10226.0,2,No,10.0,3.0,1.0,0.0,3,3.0,4,3,3.0,1.0,2.0
39,No,Non-Travel,356.0,Research & Development,9,4.0,Technical Degree,2237,3,Male,35.0,3.0,1.0,Research Scientist,3,Married,2933.0,6164.0,3,No,25.0,4.0,2.0,2.0,8,1.0,2,7,3.0,3.0,3.0
28,No,Travel_Rarely,988.0,Research & Development,9,3.0,Life Sciences,2220,3,Female,71.0,3.0,1.0,Laboratory Technician,3,Married,2662.0,17759.0,1,Yes,14.0,3.0,3.0,1.0,1,2.0,3,3,2.0,0.0,2.0
36,No,Travel_Frequently,715.0,Sales,2,4.0,Other,1613,4,Male,54.0,3.0,2.0,Sales Executive,1,Single,5332.0,21602.0,7,No,13.0,3.0,4.0,0.0,10,3.0,3,5,2.0,0.0,3.0
36,No,Travel_Frequently,1213.0,Human Resources,2,1.0,Human Resources,1890,2,Male,94.0,2.0,2.0,Human Resources,4,Single,16679.875,4223.0,1,No,21.0,4.0,4.0,0.0,10,2.0,2,10,1.0,0.0,8.0
18,No,Travel_Rarely,812.0,Sales,10,3.0,Medical,411,4,Female,69.0,2.0,1.0,Sales Representative,3,Single,1200.0,9724.0,1,No,12.0,3.0,1.0,0.0,0,2.0,3,0,0.0,0.0,0.0
36,No,Travel_Frequently,635.0,Research & Development,7,1.0,Medical,286,2,Female,73.0,3.0,1.0,Laboratory Technician,4,Single,2153.0,7703.0,1,No,13.0,3.0,1.0,0.0,8,2.0,3,5,1.0,1.0,7.0
36,No,Travel_Rarely,884.0,Sales,1,4.0,Life Sciences,1585,2,Female,73.0,3.0,2.0,Sales Executive,3,Single,6815.0,21447.0,6,No,13.0,3.0,1.0,0.0,15,5.0,3,1,0.0,0.0,0.0
29,No,Travel_Rarely,598.0,Research & Development,9,3.0,Life Sciences,1558,3,Male,91.0,4.0,1.0,Research Scientist,3,Married,2451.0,22376.0,6,No,18.0,3.0,1.0,2.0,5,2.0,2,5,0.0,0.0,0.0
36,No,Travel_Rarely,676.0,Research & Development,1,3.0,Other,823,3,Female,35.0,3.0,2.0,Manufacturing Director,2,Married,5228.0,23361.0,0,No,15.0,3.0,1.0,1.0,10,2.0,3,9,7.0,0.0,5.0
27,No,Non-Travel,113.0,Research & Development,11,3.0,Medical,2687,3,Male,67.0,3.0,2.0,Laboratory Technician,1,Divorced,3075.0,11013.0,2,No,10.0,3.0,3.0,2.0,11,4.0,3,11,9.0,6.0,10.0
32,Yes,Travel_Rarely,374.0,Research & Development,25,4.0,Life Sciences,911,1,Male,87.0,3.0,1.0,Laboratory Technician,4,Single,2795.0,18016.0,1,Yes,24.0,4.0,3.0,0.0,1,2.0,1,1,0.0,0.0,1.0
21,Yes,Travel_Frequently,756.0,Sales,1,1.0,Technical Degree,478,1,Female,99.0,2.0,1.0,Sales Representative,3,Single,2174.0,9150.0,2,Yes,11.0,3.0,3.0,0.0,3,3.0,3,3,2.0,1.0,2.0
18,No,Non-Travel,1431.0,Research & Development,14,3.0,Medical,1839,2,Female,33.0,3.0,1.0,Research Scientist,3,Single,1514.0,8018.0,1,No,16.0,3.0,3.0,0.0,0,4.0,1,0,0.0,0.0,0.0
38,No,Travel_Rarely,827.0,Research & Development,1,4.0,Life Sciences,724,2,Female,33.0,4.0,2.0,Healthcare Representative,4,Single,7625.0,19383.0,0,No,13.0,3.0,3.0,0.0,10,4.0,2,9,7.0,1.0,8.0
43,No,Travel_Rarely,589.0,Research & Development,14,2.0,Life Sciences,843,2,Male,94.0,3.0,4.0,Research Director,1,Married,16679.875,5200.0,6,No,24.0,4.0,3.0,1.0,22,3.0,3,4,1.0,1.0,0.0
60,No,Travel_Rarely,1179.0,Sales,16,4.0,Marketing,732,1,Male,84.0,3.0,2.0,Sales Executive,1,Single,5405.0,11924.0,8,No,14.0,3.0,4.0,0.0,10,1.0,3,2,2.0,2.0,2.0
19,No,Travel_Rarely,1178.0,Research & Development,5,1.0,Medical,2165,2,Female,81.0,3.0,1.0,Laboratory Technician,2,Single,1483.0,16102.0,1,No,12.0,3.0,4.0,0.0,0,3.0,3,0,0.0,0.0,0.0
25,Yes,Travel_Rarely,1219.0,Research & Development,4,1.0,Technical Degree,1106,4,Male,32.0,3.0,1.0,Laboratory Technician,4,Married,3691.0,4605.0,1,Yes,15.0,3.0,2.0,1.0,7,3.0,4,7,7.0,5.0,6.0
58,No,Travel_Rarely,1145.0,Research & Development,10,3.0,Medical,2599,2,Female,72.0,2.0,1.0,Research Scientist,2,Married,3348.0,11874.0,4,Yes,22.0,4.0,2.0,1.0,7,3.0,2,0,0.0,0.0,0.0
46,No,Travel_Rarely,526.0,Sales,1,2.0,Marketing,244,2,Female,92.0,3.0,3.0,Sales Executive,1,Divorced,10453.0,2137.0,1,No,25.0,4.0,3.0,3.0,24,2.0,3,24,13.0,15.0,7.0
33,No,Travel_Rarely,567.0,Sales,8,3.0,Marketing,2387,4,Female,29.0,2.0,2.0,Sales Executive,3,Divorced,6115.0,5433.0,1,No,11.0,3.0,3.0,3.0,9,2.0,3,8,9.0,1.0,2.0
50,Yes,Travel_Frequently,878.0,Sales,1,4.0,Life Sciences,2044,2,Male,94.0,3.0,2.0,Sales Executive,3,Divorced,6728.0,14255.0,7,No,12.0,3.0,4.0,2.0,12,3.0,3,6,3.0,0.0,1.0
46,No,Travel_Rarely,168.0,Sales,4,2.0,Marketing,1280,4,Female,33.0,2.0,5.0,Manager,2,Married,16679.875,9946.0,2,No,14.0,3.0,3.0,1.0,26,2.0,3,11,4.0,0.0,8.0
33,No,Travel_Rarely,117.0,Research & Development,7,3.0,Medical,1238,1,Male,60.0,3.0,1.0,Research Scientist,4,Married,2781.0,6311.0,0,No,13.0,3.0,2.0,1.0,15,5.0,3,14,10.0,4.0,10.0
49,No,Travel_Frequently,279.0,Research & Development,8,1.0,Life Sciences,2,3,Male,61.0,2.0,2.0,Research Scientist,2,Married,5130.0,24907.0,1,No,23.0,4.0,4.0,1.0,10,3.0,3,10,7.0,1.0,7.0
40,No,Travel_Rarely,1124.0,Sales,1,2.0,Medical,453,2,Male,57.0,1.0,2.0,Sales Executive,4,Married,7457.0,13273.0,2,Yes,22.0,4.0,3.0,3.0,6,2.0,2,4,3.0,0.0,2.0
37,No,Travel_Rarely,1396.0,Sales,0,4.0,Life Sciences,2377,3,Female,80.0,3.0,5.0,Manager,3,Married,4967.0,13019.0,0,No,14.0,3.0,4.0,0.0,21,2.0,3,17,15.0,1.0,12.0
22,No,Travel_Rarely,1477.0,Sales,7,1.0,Medical,2714,4,Female,44.0,3.0,2.0,Sales Executive,3,Married,4163.0,15210.0,1,Yes,14.0,3.0,3.0,2.0,3,3.0,3,2,4.0,0.0,3.0
51,No,Travel_Rarely,1318.0,Sales,26,4.0,Marketing,851,1,Female,66.0,3.0,4.0,Manager,3,Married,16307.0,5594.0,2,No,14.0,3.0,3.0,1.0,29,2.0,3,20,6.0,4.0,17.0
49,No,Travel_Rarely,1490.0,Research & Development,7,4.0,Life Sciences,1484,3,Male,35.0,3.0,3.0,Healthcare Representative,2,Divorced,10466.0,20948.0,3,No,14.0,3.0,2.0,2.0,29,3.0,3,8,7.0,0.0,7.0
34,No,Non-Travel,1375.0,Sales,10,3.0,Life Sciences,1774,4,Male,87.0,3.0,2.0,Sales Executive,3,Divorced,4001.0,12313.0,1,Yes,14.0,3.0,3.0,1.0,15,3.0,3,15,14.0,0.0,7.0
36,No,Travel_Frequently,1480.0,Research & Development,3,2.0,Medical,238,4,Male,30.0,3.0,1.0,Laboratory Technician,2,Single,4967.0,15062.0,4,No,12.0,3.0,3.0,0.0,13,3.0,2,8,7.0,7.0,2.0
37,No,Travel_Frequently,1231.0,Sales,21,2.0,Medical,900,3,Female,54.0,3.0,1.0,Sales Representative,4,Married,2973.0,21222.0,5,No,15.0,3.0,2.0,1.0,10,3.0,3,5,4.0,0.0,0.0
34,No,Travel_Rarely,479.0,Research & Development,0,3.0,Other,2538,3,Male,38.0,3.0,3.0,Manufacturing Director,3,Married,9436.0,9608.0,1,No,15.0,3.0,3.0,1.0,12,2.0,3,11,7.0,7.0,8.0
30,No,Travel_Rarely,1276.0,Research & Development,27,2.0,Medical,2340,4,Female,61.0,3.0,2.0,Research Scientist,4,Married,5773.0,11936.0,1,No,14.0,3.0,4.0,2.0,10,2.0,3,13,8.0,1.0,9.0
36,No,Travel_Rarely,1174.0,Sales,3,4.0,Marketing,1425,1,Female,99.0,3.0,2.0,Sales Executive,2,Single,9278.0,20763.0,3,Yes,16.0,3.0,4.0,0.0,15,3.0,3,5,4.0,0.0,1.0
55,No,Travel_Rarely,692.0,Research & Development,14,4.0,Medical,254,3,Male,61.0,4.0,5.0,Research Director,2,Single,16679.875,13339.0,8,No,11.0,3.0,4.0,0.0,36,3.0,3,24,15.0,2.0,15.0
37,No,Travel_Rarely,977.0,Research & Development,1,3.0,Life Sciences,1196,4,Female,56.0,2.0,2.0,Manufacturing Director,4,Married,6474.0,9961.0,1,No,13.0,3.0,2.0,1.0,14,2.0,2,14,8.0,3.0,11.0
35,No,Travel_Rarely,819.0,Research & Development,18,5.0,Life Sciences,1621,2,Male,48.0,4.0,2.0,Research Scientist,1,Married,5208.0,26312.0,1,No,11.0,3.0,4.0,0.0,16,2.0,3,16,15.0,1.0,10.0
42,No,Travel_Rarely,532.0,Research & Development,4,2.0,Technical Degree,319,3,Male,58.0,3.0,5.0,Manager,4,Married,16679.875,4933.0,1,No,11.0,3.0,4.0,0.0,22,3.0,3,22,17.0,11.0,15.0
44,Yes,Travel_Rarely,1084.0,Research & Development,2,4.0,Life Sciences,2529,2,Female,57.0,1.0,1.0,Laboratory Technician,4,Divorced,2778.0,17726.0,4,Yes,12.0,3.0,3.0,1.0,10,1.0,2,8,7.0,1.0,0.0
35,No,Travel_Rarely,394.0,Research & Development,3,2.0,Medical,2229,4,Female,53.0,2.0,3.0,Manufacturing Director,3,Married,7755.0,14198.0,3,Yes,16.0,3.0,4.0,1.0,9,6.0,4,7,4.0,0.0,2.0
50,No,Travel_Rarely,691.0,Research & Development,2,3.0,Medical,815,3,Male,64.0,3.0,4.0,Research Director,3,Married,16679.875,6881.0,5,No,16.0,3.0,4.0,0.0,30,3.0,3,4,3.0,0.0,3.0
55,No,Non-Travel,444.0,Research & Development,2,1.0,Medical,1074,3,Male,40.0,2.0,4.0,Manager,1,Single,16679.875,17323.0,7,No,15.0,3.0,2.0,0.0,31,3.0,4,9,7.0,6.0,2.0
36,No,Travel_Rarely,1017.0,Research & Development,1,2.0,Medical,340,3,Female,83.0,2.0,1.0,Research Scientist,1,Married,3920.0,18697.0,2,No,14.0,3.0,1.0,1.0,17,2.0,2,3,1.0,0.0,2.0
37,No,Travel_Rarely,1462.0,Research & Development,11,3.0,Medical,1411,1,Female,94.0,3.0,1.0,Laboratory Technician,3,Single,3629.0,19106.0,4,No,18.0,3.0,1.0,0.0,8,6.0,3,3,2.0,0.0,2.0
45,No,Travel_Rarely,1015.0,Research & Development,5,5.0,Medical,1611,3,Female,50.0,1.0,2.0,Laboratory Technician,1,Single,5769.0,23447.0,1,Yes,14.0,3.0,1.0,0.0,10,3.0,3,10,7.0,1.0,4.0
35,Yes,Travel_Rarely,104.0,Research & Development,2,3.0,Life Sciences,1569,1,Female,69.0,3.0,1.0,Laboratory Technician,1,Divorced,2074.0,26619.0,2,Yes,12.0,3.0,4.0,1.0,1,2.0,3,1,0.0,0.0,0.0
32,No,Travel_Rarely,859.0,Research & Development,4,3.0,Life Sciences,830,3,Female,98.0,2.0,2.0,Manufacturing Director,3,Married,6162.0,19124.0,1,No,12.0,3.0,3.0,1.0,14,3.0,3,14,13.0,6.0,8.0
45,No,Travel_Rarely,1234.0,Sales,11,2.0,Life Sciences,1045,4,Female,90.0,3.0,4.0,Manager,4,Married,16679.875,5404.0,3,No,13.0,3.0,2.0,1.0,26,4.0,4,9,3.0,1.0,1.0
32,No,Travel_Rarely,498.0,Research & Development,3,4.0,Medical,966,3,Female,93.0,3.0,2.0,Manufacturing Director,1,Married,6725.0,13554.0,1,No,12.0,3.0,3.0,1.0,10,2.0,3,8,7.0,6.0,3.0
46,No,Travel_Rarely,706.0,Research & Development,2,2.0,Life Sciences,1857,4,Male,82.0,3.0,3.0,Manufacturing Director,4,Divorced,8578.0,19989.0,3,No,14.0,3.0,3.0,1.0,12,4.0,2,9,8.0,4.0,7.0
56,No,Travel_Rarely,545.0,Research & Development,11,4.0,Life Sciences,2110,3,Female,44.0,3.0,2.0,Laboratory Technician,3,Single,3778.0,23430.0,7,No,13.0,3.0,3.0,0.0,20,3.0,3,2,0.0,0.0,0.0
52,No,Travel_Rarely,1313.0,Research & Development,0,3.0,Life Sciences,2476,3,Female,99.0,3.0,4.0,Manager,4,Single,16656.0,23260.0,2,Yes,10.0,3.0,3.0,0.0,31,2.0,3,5,4.0,1.0,2.0
56,No,Travel_Rarely,1369.0,Research & Development,23,3.0,Life Sciences,1373,4,Male,68.0,3.0,4.0,Manufacturing Director,2,Married,13402.0,18235.0,4,Yes,12.0,3.0,1.0,1.0,33,0.0,3,19,16.0,15.0,9.0
41,No,Non-Travel,256.0,Sales,10,2.0,Medical,1329,3,Male,40.0,1.0,2.0,Sales Executive,2,Single,6151.0,22074.0,1,No,13.0,3.0,1.0,0.0,19,4.0,3,19,2.0,11.0,9.0
37,No,Travel_Rarely,1107.0,Research & Development,14,3.0,Life Sciences,515,4,Female,95.0,3.0,1.0,Laboratory Technician,1,Divorced,3034.0,26914.0,1,No,12.0,3.0,3.0,1.0,18,2.0,2,18,7.0,12.0,17.0
40,No,Travel_Rarely,989.0,Research & Development,4,1.0,Medical,253,4,Female,46.0,3.0,5.0,Manager,3,Married,16679.875,6499.0,1,No,14.0,3.0,2.0,1.0,21,2.0,3,20,8.0,9.0,9.0
45,No,Travel_Rarely,1002.0,Research & Development,7,3.0,Life Sciences,2525,3,Female,46.0,3.0,3.0,Healthcare Representative,1,Married,9982.0,9264.0,8,No,16.0,3.0,1.0,1.0,10,1.0,2,2,0.0,0.0,0.0
37,No,Travel_Rarely,903.0,Research & Development,17,2.0,Medical,2475,3,Male,102.0,3.0,2.0,Laboratory Technician,4,Married,2742.0,16520.0,8,Yes,13.0,3.0,3.0,1.0,12,2.0,4,5,2.0,3.0,7.0
38,No,Travel_Rarely,345.0,Sales,10,2.0,Life Sciences,2041,1,Female,100.0,3.0,2.0,Sales Executive,4,Married,5343.0,5982.0,1,No,11.0,3.0,3.0,1.0,10,1.0,3,10,7.0,1.0,9.0
35,No,Non-Travel,1212.0,Sales,8,2.0,Marketing,1243,3,Female,78.0,2.0,3.0,Sales Executive,4,Married,10377.0,13755.0,4,Yes,11.0,3.0,2.0,1.0,10,6.0,2,13,2.0,4.0,12.0
23,No,Travel_Rarely,373.0,Research & Development,1,2.0,Life Sciences,1270,4,Male,47.0,3.0,1.0,Research Scientist,3,Married,1223.0,16901.0,1,No,22.0,4.0,4.0,1.0,1,2.0,3,1,0.0,0.0,1.0
43,No,Travel_Rarely,1485.0,Research & Development,7,3.0,Medical,2643,3,Female,85.0,3.0,2.0,Manufacturing Director,3,Divorced,4812.0,26314.0,2,No,17.0,3.0,3.0,1.0,20,5.0,2,10,7.0,0.0,8.0
40,No,Travel_Rarely,1463.0,Research & Development,7,3.0,Medical,2467,1,Female,94.0,3.0,1.0,Laboratory Technician,3,Single,3632.0,19107.0,4,No,17.0,3.0,1.0,0.0,9,6.0,3,3,2.0,0.0,2.0
29,No,Travel_Rarely,665.0,Research & Development,15,3.0,Life Sciences,346,3,Male,60.0,3.0,1.0,Research Scientist,4,Single,2340.0,22673.0,1,No,19.0,3.0,1.0,0.0,6,1.0,3,6,5.0,1.0,5.0
58,No,Travel_Rarely,206.0,Human Resources,8,4.0,Life Sciences,2606,4,Male,100.0,3.0,5.0,Manager,2,Single,16679.875,4023.0,6,No,12.0,3.0,1.0,0.0,35,4.0,3,8,3.0,7.0,7.0
48,No,Travel_Rarely,1469.0,Research & Development,7,4.0,Medical,945,4,Male,51.0,3.0,1.0,Research Scientist,3,Married,2259.0,5543.0,4,No,17.0,3.0,1.0,2.0,13,2.0,2,0,0.0,0.0,0.0
33,No,Travel_Rarely,1028.0,Research & Development,6,4.0,Life Sciences,2706,3,Female,44.0,2.0,2.0,Research Scientist,2,Divorced,4508.0,14999.0,6,No,18.0,3.0,3.0,1.0,15,3.0,3,0,0.0,0.0,0.0
28,Yes,Travel_Rarely,890.0,Research & Development,2,4.0,Medical,828,3,Male,46.0,3.0,1.0,Research Scientist,3,Single,4382.0,16374.0,6,No,17.0,3.0,4.0,0.0,5,3.0,2,2,2.0,2.0,1.0
38,No,Travel_Rarely,228.0,Sales,6,4.0,Medical,2658,3,Male,99.0,3.0,2.0,Sales Executive,4,Married,6505.0,22826.0,4,No,15.0,3.0,2.0,1.0,5,5.0,4,7,4.0,0.0,1.0
49,No,Travel_Rarely,1091.0,Research & Development,1,2.0,Technical Degree,431,3,Female,90.0,2.0,4.0,Healthcare Representative,3,Single,13964.0,17810.0,7,Yes,12.0,3.0,4.0,0.0,25,2.0,3,7,1.0,0.0,7.0
49,No,Travel_Rarely,531.0,Sales,31,1.0,Medical,2534,1,Female,94.0,3.0,3.0,Manager,3,Married,12501.0,23980.0,3,No,21.0,4.0,2.0,1.0,17,3.0,1,0,0.0,0.0,0.0
23,Yes,Travel_Rarely,427.0,Sales,7,3.0,Life Sciences,1702,3,Male,99.0,3.0,1.0,Sales Representative,4,Divorced,2275.0,25103.0,1,Yes,21.0,4.0,2.0,1.0,3,2.0,3,3,2.0,0.0,2.0
51,No,Travel_Rarely,684.0,Research & Development,6,3.0,Life Sciences,162,1,Male,51.0,3.0,5.0,Research Director,3,Single,16679.875,6462.0,7,No,13.0,3.0,3.0,0.0,23,5.0,3,20,18.0,15.0,15.0
26,No,Travel_Rarely,572.0,Sales,10,3.0,Medical,1836,3,Male,46.0,3.0,2.0,Sales Executive,4,Single,4684.0,9125.0,1,No,13.0,3.0,1.0,0.0,5,4.0,3,5,3.0,1.0,2.0
37,No,Travel_Rarely,1239.0,Human Resources,8,2.0,Other,1794,3,Male,89.0,3.0,2.0,Human Resources,2,Divorced,4071.0,12832.0,2,No,13.0,3.0,3.0,0.0,19,4.0,2,10,0.0,4.0,7.0
45,No,Travel_Rarely,164.0,Sales,0,5.0,Marketing,2295,2,Female,37.0,3.0,2.0,Sales Executive,4,Married,4054.0,19660.0,2,No,13.0,3.0,1.0,1.0,11,2.0,3,10,7.0,6.0,7.0
53,No,Travel_Rarely,328.0,Research & Development,3,3.0,Medical,2215,3,Male,84.0,2.0,1.0,Laboratory Technician,3,Married,3687.0,3423.0,2,No,14.0,3.0,4.0,1.0,6,2.0,2,4,2.0,0.0,2.0
23,No,Travel_Rarely,977.0,Research & Development,10,3.0,Technical Degree,1592,4,Male,45.0,4.0,1.0,Research Scientist,3,Married,2073.0,12826.0,2,No,16.0,3.0,4.0,1.0,4,2.0,3,2,2.0,2.0,2.0
35,No,Travel_Rarely,1029.0,Research & Development,16,3.0,Life Sciences,1529,4,Female,91.0,2.0,3.0,Healthcare Representative,2,Single,8606.0,21195.0,1,No,19.0,3.0,4.0,0.0,11,3.0,1,11,8.0,3.0,3.0
25,No,Travel_Rarely,810.0,Sales,8,3.0,Life Sciences,707,4,Male,57.0,4.0,2.0,Sales Executive,2,Married,4851.0,15678.0,0,No,22.0,4.0,3.0,1.0,4,4.0,3,3,2.0,1.0,2.0
51,No,Travel_Rarely,1175.0,Sales,13,2.0,Life Sciences,2365,3,Female,84.0,3.0,2.0,Sales Executive,4,Married,4939.0,14862.0,4,No,9.0,3.0,3.0,1.0,20,2.0,3,4,7.0,0.0,7.0
35,No,Travel_Rarely,607.0,Research & Development,9,3.0,Life Sciences,880,4,Female,66.0,2.0,3.0,Manufacturing Director,3,Married,10685.0,23457.0,1,Yes,20.0,4.0,2.0,1.0,17,2.0,3,17,14.0,5.0,15.0
30,No,Travel_Rarely,1334.0,Sales,4,2.0,Medical,121,3,Female,63.0,2.0,2.0,Sales Executive,2,Divorced,5209.0,19760.0,1,Yes,12.0,3.0,2.0,3.0,11,4.0,3,11,8.0,2.0,7.0
49,No,Travel_Rarely,174.0,Sales,8,4.0,Technical Degree,1138,4,Male,56.0,2.0,4.0,Sales Executive,2,Married,13120.0,11879.0,6,No,17.0,3.0,2.0,1.0,22,3.0,3,9,8.0,2.0,3.0
40,No,Travel_Rarely,1300.0,Research & Development,24,2.0,Technical Degree,335,1,Male,62.0,3.0,2.0,Research Scientist,4,Divorced,3319.0,24447.0,1,No,17.0,3.0,1.0,2.0,9,3.0,3,9,8.0,4.0,7.0
37,No,Travel_Rarely,1464.0,Research & Development,10,3.0,Medical,2095,1,Female,94.0,3.0,1.0,Laboratory Technician,3,Single,3632.0,19104.0,4,No,15.0,3.0,1.0,0.0,6,6.0,3,6,2.0,0.0,2.0
40,No,Travel_Rarely,302.0,Research & Development,6,3.0,Life Sciences,601,2,Female,75.0,3.0,4.0,Manufacturing Director,3,Single,13237.0,20364.0,7,No,15.0,3.0,3.0,0.0,22,3.0,3,20,6.0,5.0,13.0
41,No,Non-Travel,552.0,Research & Development,4,3.0,Human Resources,1722,3,Male,60.0,1.0,2.0,Human Resources,2,Married,6430.0,20794.0,6,No,19.0,3.0,2.0,1.0,10,4.0,3,3,2.0,1.0,2.0
36,No,Travel_Rarely,504.0,Research & Development,18,2.0,Medical,2205,2,Female,97.0,3.0,2.0,Healthcare Representative,4,Married,4875.0,21650.0,0,Yes,13.0,3.0,1.0,1.0,7,6.0,3,7,7.0,8.0,1.0
36,No,Travel_Frequently,884.0,Research & Development,23,2.0,Medical,2061,3,Male,41.0,4.0,2.0,Laboratory Technician,4,Married,2571.0,12290.0,4,No,17.0,3.0,3.0,1.0,17,3.0,3,5,2.0,0.0,3.0
35,No,Travel_Rarely,980.0,Research & Development,0,3.0,Medical,2143,4,Male,44.0,3.0,2.0,Research Scientist,2,Divorced,5470.0,25518.0,0,No,13.0,3.0,3.0,2.0,7,4.0,2,8,5.0,1.0,6.0
24,No,Travel_Rarely,1476.0,Sales,4,1.0,Medical,1445,4,Female,42.0,3.0,2.0,Sales Executive,3,Married,4162.0,15211.0,1,Yes,12.0,3.0,3.0,2.0,5,3.0,3,5,4.0,0.0,3.0
48,No,Travel_Rarely,942.0,Research & Development,23,3.0,Life Sciences,2520,4,Male,96.0,3.0,4.0,Manufacturing Director,3,Married,13972.0,4163.0,3,Yes,16.0,3.0,4.0,1.0,25,2.0,3,11,11.0,1.0,5.0
36,Yes,Travel_Rarely,660.0,Research & Development,15,3.0,Other,1052,1,Male,81.0,3.0,2.0,Laboratory Technician,3,Divorced,4834.0,7858.0,7,No,14.0,3.0,2.0,1.0,9,3.0,2,1,0.0,0.0,0.0
50,No,Travel_Frequently,1246.0,Human Resources,3,3.0,Medical,644,1,Male,99.0,3.0,5.0,Manager,2,Married,16679.875,7999.0,1,No,11.0,3.0,3.0,1.0,32,2.0,3,32,5.0,10.0,7.0
40,No,Travel_Rarely,723.0,Sales,7,4.0,Marketing,2585,2,Female,77.0,1.0,2.0,Sales Representative,4,Married,5406.0,4245.0,2,Yes,17.0,4.0,1.0,2.0,18,4.0,2,1,2.0,0.0,3.0
55,No,Travel_Frequently,1091.0,Research & Development,2,1.0,Life Sciences,1096,3,Male,65.0,3.0,3.0,Manufacturing Director,2,Married,10976.0,15813.0,3,No,18.0,3.0,2.0,1.0,23,4.0,3,3,2.0,1.0,2.0
32,No,Travel_Rarely,128.0,Research & Development,2,1.0,Technical Degree,362,4,Male,84.0,2.0,2.0,Laboratory Technician,1,Single,2176.0,19737.0,4,No,13.0,3.0,4.0,0.0,9,5.0,3,6,2.0,0.0,4.0
35,No,Travel_Rarely,1142.0,Research & Development,23,4.0,Medical,75,3,Female,30.0,3.0,1.0,Laboratory Technician,1,Married,4014.0,16002.0,3,Yes,15.0,3.0,3.0,1.0,4,3.0,3,2,2.0,2.0,2.0
46,No,Travel_Rarely,1009.0,Research & Development,2,3.0,Life Sciences,575,1,Male,51.0,3.0,4.0,Research Director,3,Married,4967.0,2288.0,6,No,13.0,3.0,3.0,0.0,26,2.0,1,3,2.0,0.0,1.0
45,No,Travel_Frequently,1199.0,Research & Development,7,4.0,Life Sciences,341,1,Male,77.0,4.0,2.0,Manufacturing Director,3,Married,6434.0,5118.0,4,No,17.0,3.0,4.0,1.0,9,1.0,3,3,2.0,0.0,2.0
30,No,Travel_Rarely,479.0,Research & Development,7,2.0,Medical,2595,2,Female,32.0,3.0,2.0,Manufacturing Director,1,Married,4967.0,4159.0,1,No,13.0,3.0,2.0,1.0,14,5.0,1,16,10.0,3.0,12.0
40,No,Travel_Rarely,300.0,Sales,26,3.0,Marketing,1066,3,Male,74.0,3.0,2.0,Sales Executive,1,Married,8396.0,22217.0,1,No,14.0,3.0,2.0,1.0,8,3.0,2,7,7.0,7.0,5.0
38,No,Travel_Rarely,371.0,Research & Development,2,3.0,Life Sciences,24,4,Male,45.0,3.0,1.0,Research Scientist,4,Single,3944.0,4306.0,5,Yes,11.0,3.0,3.0,0.0,6,3.0,3,3,2.0,1.0,2.0
46,No,Travel_Rarely,526.0,Human Resources,2,3.0,Life Sciences,2401,3,Female,44.0,3.0,1.0,Human Resources,3,Divorced,3197.0,4164.0,4,Yes,18.0,3.0,1.0,3.0,8,2.0,3,5,2.0,2.0,2.0
40,No,Non-Travel,458.0,Research & Development,16,2.0,Life Sciences,1340,3,Male,74.0,3.0,1.0,Research Scientist,3,Divorced,3544.0,8532.0,9,No,16.0,3.0,2.0,1.0,6,0.0,3,4,2.0,0.0,0.0
44,No,Travel_Rarely,1037.0,Research & Development,1,3.0,Medical,2020,2,Male,42.0,3.0,1.0,Research Scientist,4,Single,2436.0,13422.0,6,Yes,12.0,3.0,3.0,0.0,6,2.0,3,4,3.0,1.0,2.0
23,No,Travel_Rarely,507.0,Research & Development,20,1.0,Life Sciences,1533,1,Male,97.0,3.0,2.0,Laboratory Technician,3,Single,2272.0,24812.0,0,No,14.0,3.0,2.0,0.0,10,2.0,3,4,3.0,1.0,2.0
35,No,Travel_Frequently,705.0,Research & Development,14,4.0,Life Sciences,2188,3,Female,100.0,2.0,1.0,Research Scientist,4,Single,2554.0,8304.0,1,No,17.0,3.0,3.0,0.0,3,3.0,3,6,2.0,1.0,3.0
27,No,Travel_Rarely,798.0,Research & Development,6,4.0,Medical,655,1,Female,66.0,2.0,1.0,Research Scientist,3,Divorced,2187.0,5013.0,0,No,12.0,3.0,3.0,2.0,6,5.0,2,5,3.0,0.0,3.0
19,No,Travel_Rarely,220.0,Research & Development,8,1.0,Life Sciences,2486,2,Male,95.0,1.0,1.0,Laboratory Technician,1,Married,2453.0,6883.0,1,No,14.0,3.0,1.0,1.0,5,3.0,2,2,3.0,1.0,1.0
28,No,Travel_Frequently,791.0,Research & Development,1,4.0,Medical,1286,4,Male,44.0,3.0,1.0,Laboratory Technician,3,Single,2154.0,6842.0,0,Yes,11.0,3.0,3.0,0.0,5,2.0,2,4,2.0,0.0,2.0
39,No,Travel_Rarely,119.0,Sales,15,4.0,Marketing,1975,2,Male,77.0,3.0,4.0,Sales Executive,1,Single,13341.0,25098.0,0,No,12.0,3.0,1.0,0.0,21,3.0,3,20,8.0,11.0,10.0
30,No,Travel_Rarely,1082.0,Sales,7,3.0,Technical Degree,533,2,Female,83.0,3.0,2.0,Sales Executive,3,Single,6577.0,19558.0,0,No,11.0,3.0,2.0,0.0,6,6.0,3,5,4.0,4.0,4.0
32,No,Travel_Rarely,649.0,Research & Development,12,4.0,Life Sciences,2666,1,Female,95.0,3.0,2.0,Research Scientist,4,Married,6320.0,18087.0,1,Yes,9.0,3.0,4.0,1.0,6,2.0,2,5,4.0,0.0,5.0
37,No,Travel_Rarely,1319.0,Research & Development,6,3.0,Medical,474,3,Male,51.0,4.0,2.0,Research Scientist,1,Divorced,5974.0,17001.0,4,Yes,13.0,3.0,1.0,2.0,13,2.0,3,7,7.0,6.0,7.0
27,No,Travel_Rarely,1167.0,Research & Development,4,2.0,Life Sciences,1259,1,Male,76.0,3.0,1.0,Research Scientist,3,Divorced,2517.0,3208.0,1,No,11.0,3.0,2.0,3.0,5,2.0,3,5,3.0,0.0,3.0
48,No,Travel_Rarely,817.0,Sales,2,1.0,Marketing,712,2,Male,56.0,4.0,2.0,Sales Executive,2,Married,8120.0,18597.0,3,No,12.0,3.0,4.0,0.0,12,3.0,3,2,2.0,2.0,2.0
40,No,Non-Travel,218.0,Research & Development,8,1.0,Medical,1468,3,Male,55.0,2.0,3.0,Research Director,2,Divorced,13757.0,25178.0,2,No,11.0,3.0,3.0,1.0,16,5.0,3,9,8.0,4.0,8.0
42,No,Travel_Rarely,656.0,Sales,12,4.0,Marketing,2657,1,Male,68.0,2.0,3.0,Sales Executive,2,Divorced,9707.0,20654.0,2,No,13.0,3.0,2.0,1.0,10,2.0,2,3,0.0,0.0,0.0
33,No,Travel_Frequently,1111.0,Sales,5,1.0,Life Sciences,1395,2,Male,61.0,3.0,2.0,Sales Executive,4,Married,9998.0,19293.0,6,No,13.0,3.0,1.0,0.0,8,2.0,4,5,4.0,1.0,2.0
33,No,Travel_Rarely,147.0,Human Resources,2,3.0,Human Resources,1207,2,Male,99.0,3.0,1.0,Human Resources,3,Married,3600.0,8429.0,1,No,13.0,3.0,4.0,1.0,5,2.0,3,5,4.0,1.0,4.0
28,Yes,Travel_Rarely,1485.0,Research & Development,12,1.0,Life Sciences,1175,3,Female,79.0,3.0,1.0,Laboratory Technician,4,Married,2515.0,22955.0,1,Yes,11.0,3.0,4.0,0.0,1,4.0,2,1,1.0,0.0,0.0
27,No,Non-Travel,113.0,Research & Development,9,3.0,Medical,2637,3,Male,65.0,3.0,2.0,Laboratory Technician,1,Divorced,3069.0,11015.0,1,No,14.0,3.0,3.0,2.0,12,4.0,3,13,9.0,6.0,10.0
23,No,Travel_Rarely,160.0,Research & Development,4,1.0,Medical,1735,3,Female,51.0,3.0,1.0,Laboratory Technician,2,Single,3295.0,12862.0,1,No,13.0,3.0,3.0,0.0,3,3.0,1,3,2.0,1.0,2.0
44,Yes,Travel_Frequently,429.0,Research & Development,1,2.0,Medical,1792,3,Male,99.0,3.0,1.0,Research Scientist,2,Divorced,2342.0,11092.0,1,Yes,12.0,3.0,3.0,3.0,6,2.0,2,5,3.0,2.0,3.0
28,Yes,Travel_Rarely,1434.0,Research & Development,7,4.0,Technical Degree,65,3,Male,50.0,3.0,1.0,Laboratory Technician,3,Single,3441.0,11179.0,1,Yes,13.0,3.0,3.0,0.0,2,3.0,2,2,2.0,2.0,2.0
32,No,Travel_Rarely,499.0,Sales,2,1.0,Marketing,1396,3,Male,36.0,3.0,2.0,Sales Executive,2,Married,4078.0,20497.0,0,Yes,13.0,3.0,1.0,3.0,4,3.0,2,3,2.0,1.0,2.0
48,No,Travel_Frequently,638.0,Research & Development,9,4.0,Life Sciences,2296,3,Female,36.0,3.0,5.0,Research Director,1,Single,4967.0,25591.0,9,Yes,10.0,3.0,4.0,0.0,23,4.0,3,3,2.0,1.0,2.0
23,Yes,Travel_Rarely,1320.0,Research & Development,8,1.0,Medical,1684,4,Male,93.0,2.0,1.0,Laboratory Technician,3,Single,3989.0,20586.0,1,Yes,11.0,3.0,1.0,0.0,5,2.0,3,5,4.0,1.0,2.0
31,No,Travel_Rarely,1332.0,Research & Development,7,2.0,Medical,1251,3,Male,80.0,3.0,2.0,Healthcare Representative,1,Married,6833.0,17089.0,1,Yes,12.0,3.0,4.0,0.0,6,2.0,2,6,5.0,0.0,1.0
28,No,Non-Travel,988.0,Research & Development,7,3.0,Technical Degree,2511,3,Male,61.0,3.0,1.0,Research Scientist,3,Divorced,1273.0,7151.0,2,No,14.0,3.0,2.0,2.0,1,2.0,2,0,0.0,0.0,0.0
52,No,Non-Travel,715.0,Research & Development,19,4.0,Medical,791,4,Male,41.0,3.0,1.0,Research Scientist,4,Married,4258.0,26589.0,0,No,18.0,3.0,1.0,1.0,5,3.0,3,4,3.0,1.0,2.0
27,Yes,Travel_Rarely,135.0,Research & Development,17,4.0,Life Sciences,1405,4,Female,51.0,3.0,1.0,Research Scientist,3,Single,4967.0,25681.0,1,Yes,13.0,3.0,4.0,0.0,8,2.0,3,8,2.0,7.0,7.0
31,No,Travel_Rarely,480.0,Research & Development,7,2.0,Medical,524,2,Female,31.0,3.0,2.0,Manufacturing Director,1,Married,4306.0,4156.0,1,No,12.0,3.0,2.0,1.0,13,5.0,1,13,10.0,3.0,12.0
36,No,Travel_Frequently,1302.0,Research & Development,6,4.0,Life Sciences,1594,1,Male,80.0,4.0,2.0,Laboratory Technician,1,Married,5562.0,19711.0,3,Yes,13.0,3.0,4.0,1.0,9,3.0,3,3,2.0,0.0,2.0
39,No,Travel_Rarely,835.0,Research & Development,19,4.0,Other,1871,4,Male,41.0,3.0,2.0,Research Scientist,4,Divorced,4967.0,5141.0,8,No,14.0,3.0,2.0,3.0,7,2.0,3,2,2.0,2.0,2.0
35,No,Travel_Rarely,619.0,Sales,1,3.0,Marketing,600,2,Male,85.0,3.0,2.0,Sales Executive,3,Married,4717.0,18659.0,9,No,11.0,3.0,3.0,0.0,15,2.0,3,11,9.0,6.0,9.0
26,No,Non-Travel,786.0,Research & Development,7,3.0,Medical,1693,4,Male,76.0,3.0,1.0,Laboratory Technician,4,Single,2570.0,11925.0,1,No,20.0,4.0,3.0,0.0,7,5.0,3,7,7.0,5.0,7.0
57,No,Travel_Rarely,717.0,Research & Development,0,3.0,Life Sciences,2505,3,Female,69.0,2.0,4.0,Manufacturing Director,4,Single,13725.0,21828.0,3,Yes,11.0,3.0,1.0,0.0,27,4.0,3,4,3.0,4.0,3.0
32,No,Travel_Frequently,518.0,Research & Development,4,2.0,Life Sciences,2263,1,Female,99.0,3.0,3.0,Research Director,4,Single,13460.0,15143.0,2,Yes,15.0,3.0,3.0,0.0,14,1.0,3,12,14.0,8.0,12.0
31,Yes,Travel_Frequently,874.0,Research & Development,15,3.0,Medical,1160,3,Male,72.0,3.0,1.0,Laboratory Technician,3,Married,2610.0,6233.0,1,No,12.0,3.0,3.0,1.0,2,5.0,2,2,2.0,2.0,2.0
26,Yes,Travel_Rarely,1357.0,Research & Development,25,3.0,Life Sciences,55,1,Male,48.0,1.0,1.0,Laboratory Technician,3,Single,2293.0,10558.0,1,No,12.0,3.0,3.0,0.0,1,2.0,2,1,0.0,0.0,1.0
31,No,Travel_Rarely,1234.0,Research & Development,10,4.0,Medical,2640,3,Female,40.0,3.0,3.0,Manufacturing Director,4,Single,7143.0,25716.0,1,Yes,13.0,3.0,3.0,0.0,8,2.0,2,10,9.0,4.0,10.0
32,No,Travel_Frequently,1316.0,Research & Development,2,2.0,Life Sciences,1235,4,Female,38.0,3.0,2.0,Research Scientist,3,Single,4998.0,2338.0,4,Yes,14.0,3.0,4.0,0.0,10,2.0,3,8,7.0,0.0,7.0
48,No,Non-Travel,148.0,Sales,0,3.0,Life Sciences,2711,4,Female,93.0,3.0,2.0,Sales Executive,3,Married,6347.0,24922.0,0,No,10.0,3.0,1.0,1.0,16,3.0,3,21,7.0,0.0,13.0
22,No,Travel_Rarely,217.0,Research & Development,8,1.0,Life Sciences,1019,2,Male,94.0,1.0,1.0,Laboratory Technician,1,Married,2451.0,6881.0,1,No,15.0,3.0,1.0,1.0,4,3.0,2,4,3.0,1.0,1.0
35,No,Travel_Frequently,661.0,Research & Development,14,3.0,Other,2267,2,Male,49.0,3.0,3.0,Research Director,4,Divorced,12184.0,10057.0,1,Yes,12.0,3.0,3.0,3.0,8,1.0,3,13,8.0,0.0,7.0
30,No,Travel_Rarely,793.0,Research & Development,16,1.0,Life Sciences,1729,3,Male,33.0,3.0,1.0,Research Scientist,4,Married,2862.0,3811.0,1,No,12.0,3.0,2.0,1.0,10,2.0,2,10,0.0,0.0,8.0
27,No,Travel_Rarely,994.0,Research & Development,9,3.0,Medical,2262,3,Female,80.0,3.0,1.0,Research Scientist,3,Divorced,2378.0,9833.0,2,No,21.0,3.0,2.0,1.0,8,2.0,3,4,2.0,2.0,2.0
31,Yes,Travel_Rarely,241.0,Research & Development,2,2.0,Life Sciences,2410,1,Female,45.0,4.0,1.0,Research Scientist,3,Single,2431.0,15318.0,3,Yes,15.0,3.0,1.0,0.0,9,2.0,3,4,1.0,0.0,3.0
31,No,Travel_Rarely,746.0,Research & Development,8,4.0,Life Sciences,98,3,Female,61.0,3.0,2.0,Manufacturing Director,4,Single,4424.0,20682.0,1,No,23.0,4.0,4.0,0.0,11,2.0,3,11,7.0,1.0,8.0
29,No,Travel_Frequently,1413.0,Sales,1,1.0,Medical,312,2,Female,42.0,3.0,3.0,Sales Executive,4,Married,7918.0,6599.0,1,No,14.0,3.0,4.0,1.0,11,5.0,3,11,10.0,4.0,1.0
25,No,Travel_Rarely,583.0,Sales,4,1.0,Marketing,885,3,Male,87.0,2.0,2.0,Sales Executive,1,Married,4256.0,18154.0,1,No,12.0,3.0,1.0,0.0,5,1.0,4,5,2.0,0.0,3.0
56,Yes,Travel_Rarely,1162.0,Research & Development,24,2.0,Life Sciences,1907,1,Male,97.0,3.0,1.0,Laboratory Technician,4,Single,2587.0,10261.0,1,No,16.0,3.0,4.0,0.0,5,3.0,3,4,2.0,1.0,0.0
31,No,Travel_Rarely,182.0,Research & Development,8,5.0,Life Sciences,1430,1,Female,93.0,3.0,4.0,Research Director,3,Single,16422.0,8847.0,3,No,11.0,3.0,3.0,0.0,9,3.0,4,3,2.0,1.0,0.0
49,No,Travel_Rarely,809.0,Research & Development,1,3.0,Life Sciences,1677,3,Male,36.0,3.0,4.0,Manager,3,Single,15379.0,22384.0,4,No,14.0,3.0,1.0,0.0,23,2.0,3,8,7.0,0.0,0.0
39,No,Travel_Rarely,1492.0,Research & Development,5,2.0,Medical,2082,4,Female,87.0,3.0,1.0,Laboratory Technician,3,Married,3308.0,26177.0,7,No,18.0,3.0,4.0,1.0,7,5.0,2,0,0.0,0.0,0.0
53,No,Travel_Rarely,1436.0,Sales,6,2.0,Marketing,205,2,Male,34.0,3.0,2.0,Sales Representative,3,Married,2306.0,16047.0,2,Yes,20.0,4.0,4.0,1.0,13,3.0,1,7,7.0,4.0,5.0
31,Yes,Travel_Rarely,411.0,Sales,2,4.0,Marketing,2250,3,Male,85.0,2.0,2.0,Sales Executive,2,Single,9907.0,26189.0,7,Yes,13.0,3.0,3.0,0.0,4,3.0,2,4,2.0,2.0,2.0
48,No,Travel_Rarely,530.0,Sales,7,1.0,Medical,473,1,Female,91.0,3.0,3.0,Manager,3,Married,12504.0,23978.0,3,No,21.0,4.0,2.0,1.0,15,3.0,1,0,0.0,0.0,0.0
42,No,Travel_Rarely,188.0,Research & Development,29,3.0,Medical,1148,2,Male,56.0,1.0,2.0,Laboratory Technician,4,Single,4272.0,9558.0,4,No,19.0,3.0,1.0,0.0,16,3.0,3,1,0.0,0.0,0.0
34,No,Travel_Rarely,628.0,Research & Development,8,3.0,Medical,2068,2,Male,82.0,4.0,2.0,Laboratory Technician,3,Married,4404.0,10228.0,2,No,12.0,3.0,1.0,0.0,6,3.0,4,4,3.0,1.0,2.0
47,No,Travel_Frequently,1309.0,Sales,4,1.0,Medical,467,2,Male,99.0,3.0,2.0,Sales Representative,3,Single,2976.0,25751.0,3,No,19.0,3.0,1.0,0.0,5,3.0,3,0,0.0,0.0,0.0
26,No,Travel_Rarely,1384.0,Research & Development,3,4.0,Medical,1177,3,Male,82.0,4.0,1.0,Laboratory Technician,4,Married,4420.0,13421.0,1,No,22.0,4.0,2.0,1.0,8,2.0,3,8,7.0,0.0,7.0
47,No,Travel_Rarely,465.0,Research & Development,1,3.0,Technical Degree,1438,3,Male,74.0,3.0,1.0,Research Scientist,4,Married,3420.0,10205.0,7,No,12.0,3.0,3.0,1.0,17,2.0,2,6,5.0,1.0,2.0
34,No,Travel_Rarely,940.0,Research & Development,11,3.0,Life Sciences,2549,4,Male,87.0,3.0,3.0,Healthcare Representative,4,Divorced,8503.0,5494.0,0,No,14.0,3.0,4.0,1.0,8,0.0,2,6,7.0,1.0,6.0
40,No,Travel_Rarely,167.0,Research & Development,2,3.0,Life Sciences,2618,3,Female,83.0,3.0,3.0,Manufacturing Director,3,Single,7859.0,15394.0,4,Yes,13.0,3.0,4.0,0.0,9,4.0,4,2,0.0,0.0,0.0
40,No,Travel_Frequently,692.0,Research & Development,11,3.0,Technical Degree,1985,4,Female,73.0,3.0,2.0,Laboratory Technician,3,Married,6323.0,26849.0,1,No,11.0,3.0,1.0,1.0,10,2.0,4,10,9.0,9.0,4.0
33,No,Travel_Rarely,217.0,Research & Development,10,4.0,Marketing,1924,2,Male,43.0,3.0,2.0,Sales Executive,3,Single,5487.0,10410.0,1,No,14.0,3.0,2.0,0.0,10,2.0,3,10,4.0,0.0,9.0
46,No,Travel_Rarely,731.0,Research & Development,0,4.0,Medical,2161,3,Male,46.0,3.0,5.0,Research Director,4,Divorced,16679.875,14220.0,2,Yes,18.0,3.0,3.0,1.0,23,3.0,3,4,1.0,2.0,2.0
43,No,Travel_Frequently,394.0,Sales,26,2.0,Life Sciences,158,3,Male,92.0,3.0,4.0,Manager,4,Married,16679.875,19494.0,1,Yes,12.0,3.0,4.0,2.0,25,3.0,4,25,12.0,4.0,12.0
42,No,Travel_Rarely,469.0,Research & Development,2,2.0,Medical,1109,4,Male,35.0,3.0,4.0,Manager,1,Married,16679.875,14399.0,0,No,17.0,3.0,4.0,1.0,23,3.0,3,22,6.0,13.0,7.0
31,No,Travel_Rarely,471.0,Research & Development,4,3.0,Medical,1916,1,Female,62.0,4.0,1.0,Laboratory Technician,3,Divorced,3978.0,16031.0,8,No,12.0,3.0,2.0,1.0,4,0.0,2,2,2.0,2.0,2.0
40,No,Travel_Rarely,884.0,Research & Development,15,3.0,Life Sciences,1628,1,Female,80.0,2.0,3.0,Manufacturing Director,3,Married,10435.0,25800.0,1,No,13.0,3.0,4.0,2.0,18,2.0,3,18,15.0,14.0,12.0
41,No,Non-Travel,247.0,Research & Development,7,1.0,Life Sciences,1035,2,Female,55.0,1.0,5.0,Research Director,3,Divorced,16679.875,20284.0,1,No,22.0,4.0,2.0,2.0,21,3.0,3,21,16.0,5.0,10.0
18,Yes,Travel_Frequently,544.0,Sales,3,2.0,Medical,1624,3,Female,70.0,3.0,1.0,Sales Representative,4,Single,1569.0,18420.0,1,Yes,12.0,3.0,3.0,0.0,0,2.0,4,0,0.0,0.0,0.0
58,No,Travel_Rarely,144.0,Research & Development,6,3.0,Life Sciences,2449,3,Male,70.0,2.0,1.0,Research Scientist,4,Married,2179.0,8459.0,3,No,18.0,3.0,1.0,1.0,9,6.0,3,0,0.0,0.0,0.0
39,No,Travel_Rarely,240.0,Sales,7,4.0,Marketing,2471,4,Female,46.0,2.0,2.0,Sales Executive,4,Single,4031.0,7794.0,0,No,18.0,4.0,1.0,0.0,8,2.0,3,9,7.0,0.0,5.0
56,No,Travel_Rarely,206.0,Human Resources,8,4.0,Life Sciences,1338,4,Male,99.0,3.0,5.0,Manager,2,Single,16679.875,4022.0,6,No,14.0,3.0,1.0,0.0,36,4.0,3,7,3.0,7.0,7.0
56,No,Travel_Rarely,718.0,Research & Development,4,4.0,Technical Degree,1191,4,Female,92.0,3.0,5.0,Manager,1,Divorced,16679.875,18575.0,4,No,13.0,3.0,4.0,1.0,28,2.0,3,5,2.0,4.0,2.0
38,Yes,Travel_Rarely,624.0,Sales,1,4.0,Life Sciences,2157,1,Male,48.0,2.0,3.0,Sales Executive,3,Married,10611.0,14920.0,5,No,11.0,3.0,3.0,0.0,14,2.0,1,11,1.0,11.0,7.0
38,No,Travel_Rarely,168.0,Research & Development,7,3.0,Life Sciences,743,3,Female,81.0,3.0,3.0,Manufacturing Director,3,Single,7861.0,15397.0,4,Yes,14.0,3.0,4.0,0.0,10,4.0,4,1,0.0,0.0,0.0
46,No,Travel_Rarely,430.0,Research & Development,1,4.0,Medical,1069,4,Male,40.0,3.0,5.0,Research Director,4,Divorced,16679.875,21445.0,9,No,17.0,3.0,4.0,2.0,23,0.0,3,2,2.0,2.0,2.0
51,No,Travel_Rarely,1405.0,Research & Development,11,2.0,Technical Degree,1367,3,Female,82.0,2.0,4.0,Manufacturing Director,2,Single,13142.0,24439.0,3,No,16.0,3.0,2.0,0.0,29,1.0,2,5,2.0,0.0,3.0
39,No,Travel_Rarely,492.0,Research & Development,12,3.0,Medical,1654,4,Male,66.0,3.0,2.0,Manufacturing Director,2,Married,5295.0,7693.0,4,No,21.0,4.0,3.0,0.0,7,3.0,3,5,4.0,1.0,0.0
49,No,Non-Travel,1002.0,Research & Development,18,4.0,Life Sciences,275,4,Male,92.0,3.0,2.0,Manufacturing Director,4,Divorced,6804.0,23793.0,1,Yes,15.0,3.0,1.0,2.0,7,0.0,3,7,7.0,1.0,7.0
36,Yes,Travel_Rarely,361.0,Human Resources,20,5.0,Human Resources,2260,4,Male,87.0,4.0,1.0,Human Resources,3,Married,2959.0,21494.0,0,No,19.0,3.0,3.0,0.0,3,4.0,3,1,0.0,0.0,0.0
38,No,Travel_Frequently,693.0,Research & Development,7,3.0,Life Sciences,1382,4,Male,57.0,4.0,1.0,Research Scientist,3,Divorced,2610.0,15748.0,1,No,11.0,3.0,4.0,3.0,4,2.0,3,4,2.0,0.0,3.0
43,No,Non-Travel,807.0,Research & Development,1,2.0,Life Sciences,2380,3,Male,58.0,3.0,2.0,Laboratory Technician,2,Married,4447.0,23161.0,1,No,9.0,3.0,2.0,0.0,10,5.0,2,6,7.0,0.0,8.0
31,No,Travel_Frequently,793.0,Sales,20,3.0,Life Sciences,1135,3,Male,67.0,4.0,1.0,Sales Representative,4,Married,2791.0,21981.0,0,No,12.0,3.0,1.0,1.0,3,4.0,3,2,2.0,2.0,2.0
54,No,Travel_Frequently,966.0,Research & Development,1,4.0,Life Sciences,1245,4,Female,53.0,3.0,3.0,Manufacturing Director,3,Divorced,10502.0,9659.0,7,No,17.0,3.0,1.0,1.0,10,2.0,1,5,4.0,1.0,4.0
36,No,Travel_Rarely,1223.0,Research & Development,8,3.0,Technical Degree,83,3,Female,59.0,3.0,3.0,Healthcare Representative,3,Divorced,10096.0,8202.0,1,No,13.0,3.0,2.0,3.0,17,2.0,3,17,14.0,12.0,8.0
43,Yes,Travel_Rarely,1372.0,Sales,9,3.0,Marketing,1188,1,Female,85.0,1.0,2.0,Sales Executive,3,Single,5346.0,9489.0,8,No,13.0,3.0,2.0,0.0,7,2.0,2,4,3.0,1.0,3.0
30,No,Travel_Frequently,1312.0,Research & Development,2,4.0,Technical Degree,1745,4,Female,78.0,2.0,1.0,Research Scientist,1,Single,4967.0,26427.0,0,No,16.0,3.0,4.0,0.0,10,2.0,3,9,7.0,0.0,7.0
45,No,Travel_Rarely,1265.0,Sales,6,2.0,Life Sciences,2578,3,Female,30.0,3.0,2.0,Sales Executive,1,Divorced,5009.0,6316.0,4,Yes,14.0,3.0,1.0,1.0,8,3.0,4,3,4.0,0.0,3.0
35,No,Travel_Rarely,802.0,Research & Development,10,3.0,Other,1028,2,Male,45.0,3.0,1.0,Laboratory Technician,4,Divorced,3917.0,9541.0,1,No,20.0,4.0,1.0,1.0,3,4.0,2,3,2.0,1.0,2.0
42,No,Travel_Frequently,1019.0,Sales,4,3.0,Marketing,2075,3,Female,68.0,3.0,2.0,Sales Executive,1,Divorced,4106.0,4298.0,0,No,14.0,3.0,4.0,1.0,7,2.0,3,11,3.0,1.0,7.0
26,No,Travel_Rarely,1167.0,Sales,5,3.0,Other,2060,4,Female,30.0,2.0,1.0,Sales Representative,3,Single,2966.0,21378.0,2,No,18.0,3.0,4.0,0.0,5,2.0,3,4,2.0,0.0,0.0
30,No,Travel_Rarely,1465.0,Research & Development,1,3.0,Medical,1241,4,Male,63.0,3.0,1.0,Research Scientist,2,Married,3579.0,9369.0,0,Yes,21.0,4.0,1.0,1.0,12,2.0,3,11,9.0,5.0,7.0
42,No,Travel_Rarely,647.0,Sales,4,4.0,Marketing,1171,2,Male,45.0,3.0,2.0,Sales Executive,1,Single,4967.0,2253.0,7,No,13.0,3.0,4.0,0.0,9,3.0,4,6,4.0,1.0,5.0
32,No,Travel_Rarely,638.0,Research & Development,6,2.0,Medical,2211,3,Female,89.0,4.0,2.0,Research Scientist,3,Married,5172.0,22159.0,5,No,13.0,3.0,3.0,1.0,6,3.0,2,5,3.0,1.0,3.0
52,No,Travel_Rarely,1325.0,Research & Development,11,4.0,Life Sciences,813,4,Female,82.0,3.0,2.0,Laboratory Technician,3,Married,3149.0,21821.0,8,No,20.0,4.0,2.0,1.0,9,3.0,3,5,2.0,1.0,4.0
59,No,Travel_Rarely,1435.0,Sales,25,3.0,Life Sciences,81,1,Female,99.0,3.0,3.0,Sales Executive,1,Single,7637.0,2354.0,7,No,11.0,3.0,4.0,0.0,28,3.0,2,21,16.0,7.0,9.0
21,No,Travel_Frequently,535.0,Sales,24,3.0,Medical,2198,4,Male,41.0,3.0,1.0,Sales Representative,4,Married,2403.0,5532.0,0,No,14.0,3.0,3.0,2.0,5,3.0,3,4,2.0,2.0,1.0
45,No,Non-Travel,589.0,Sales,2,4.0,Life Sciences,1845,3,Female,67.0,3.0,2.0,Sales Executive,3,Married,5154.0,19665.0,4,No,22.0,4.0,2.0,2.0,10,3.0,4,8,7.0,5.0,7.0
36,No,Travel_Rarely,172.0,Research & Development,4,4.0,Life Sciences,1435,1,Male,37.0,2.0,2.0,Laboratory Technician,4,Single,5810.0,22604.0,1,No,16.0,3.0,3.0,0.0,10,2.0,2,10,4.0,1.0,8.0
31,Yes,Travel_Rarely,359.0,Human Resources,18,5.0,Human Resources,1842,4,Male,89.0,4.0,1.0,Human Resources,1,Married,2956.0,21495.0,0,No,17.0,3.0,3.0,0.0,2,4.0,3,1,0.0,0.0,0.0
25,Yes,Travel_Rarely,383.0,Sales,9,2.0,Life Sciences,1439,1,Male,68.0,2.0,1.0,Sales Representative,1,Married,4400.0,15182.0,3,No,12.0,3.0,1.0,0.0,6,2.0,3,3,2.0,2.0,2.0
27,No,Travel_Rarely,1354.0,Research & Development,7,4.0,Technical Degree,1931,2,Male,41.0,3.0,1.0,Research Scientist,2,Married,2226.0,6073.0,1,No,11.0,3.0,3.0,1.0,10,3.0,2,5,3.0,1.0,2.0
29,No,Travel_Rarely,801.0,Sales,1,4.0,Marketing,2501,3,Female,45.0,3.0,3.0,Sales Executive,4,Married,10421.0,24032.0,1,No,19.0,3.0,3.0,2.0,15,3.0,3,16,10.0,5.0,7.0
31,No,Travel_Rarely,828.0,Sales,2,1.0,Life Sciences,604,2,Male,77.0,3.0,2.0,Sales Executive,4,Single,6582.0,8346.0,4,Yes,13.0,3.0,3.0,0.0,10,2.0,4,6,5.0,0.0,5.0
56,No,Travel_Rarely,1443.0,Sales,11,5.0,Marketing,1935,4,Female,89.0,2.0,2.0,Sales Executive,1,Married,5380.0,20328.0,4,No,16.0,3.0,3.0,1.0,6,3.0,3,0,0.0,0.0,0.0
42,No,Travel_Rarely,855.0,Research & Development,12,3.0,Medical,1768,2,Male,57.0,3.0,1.0,Laboratory Technician,2,Divorced,2766.0,8952.0,8,No,22.0,4.0,2.0,3.0,7,6.0,2,5,3.0,0.0,4.0
36,No,Non-Travel,635.0,Sales,10,4.0,Medical,592,2,Male,32.0,3.0,3.0,Sales Executive,4,Single,9980.0,15318.0,1,No,14.0,3.0,4.0,0.0,10,3.0,2,10,3.0,9.0,7.0
57,No,Travel_Rarely,334.0,Research & Development,24,2.0,Life Sciences,223,3,Male,83.0,4.0,3.0,Healthcare Representative,4,Divorced,9439.0,23402.0,3,Yes,16.0,3.0,2.0,1.0,12,2.0,1,5,3.0,1.0,4.0
33,No,Travel_Rarely,867.0,Research & Development,8,4.0,Life Sciences,1798,4,Male,90.0,4.0,1.0,Research Scientist,1,Married,3143.0,6076.0,6,No,19.0,3.0,2.0,1.0,14,1.0,3,10,8.0,7.0,6.0
29,No,Travel_Rarely,1332.0,Sales,7,2.0,Medical,2708,3,Female,63.0,2.0,2.0,Sales Executive,2,Divorced,5206.0,19758.0,1,Yes,15.0,3.0,2.0,3.0,9,4.0,2,14,8.0,2.0,7.0
39,No,Travel_Rarely,928.0,Sales,4,2.0,Life Sciences,2124,2,Male,55.0,3.0,2.0,Sales Executive,4,Married,6204.0,2822.0,1,Yes,15.0,3.0,4.0,1.0,17,1.0,2,18,14.0,4.0,11.0
46,No,Non-Travel,849.0,Sales,26,2.0,Life Sciences,1801,2,Male,98.0,2.0,2.0,Sales Executive,2,Single,7991.0,25166.0,8,No,15.0,3.0,3.0,0.0,6,3.0,3,2,2.0,2.0,2.0
31,Yes,Travel_Rarely,542.0,Sales,20,3.0,Life Sciences,175,3,Female,71.0,1.0,2.0,Sales Executive,3,Married,4559.0,24788.0,3,Yes,11.0,3.0,3.0,1.0,4,2.0,3,2,2.0,2.0,2.0
47,No,Travel_Rarely,197.0,Research & Development,29,4.0,Other,2659,4,Male,34.0,3.0,2.0,Research Scientist,3,Single,4538.0,7747.0,1,No,23.0,4.0,2.0,0.0,22,3.0,3,21,11.0,13.0,17.0
30,No,Travel_Rarely,438.0,Research & Development,18,3.0,Life Sciences,194,1,Female,75.0,3.0,1.0,Research Scientist,3,Single,2632.0,23910.0,1,No,14.0,3.0,3.0,0.0,5,4.0,2,5,4.0,0.0,4.0
31,No,Non-Travel,1201.0,Research & Development,1,4.0,Technical Degree,2689,4,Male,62.0,3.0,2.0,Research Scientist,1,Married,4088.0,25172.0,2,No,15.0,3.0,2.0,1.0,11,3.0,2,8,5.0,1.0,2.0
36,No,Travel_Rarely,533.0,Sales,10,5.0,Marketing,2539,4,Male,85.0,4.0,3.0,Sales Executive,3,Divorced,4967.0,21711.0,0,Yes,16.0,3.0,4.0,2.0,12,3.0,3,9,8.0,0.0,8.0
30,No,Travel_Rarely,615.0,Research & Development,12,3.0,Medical,2326,4,Female,43.0,3.0,2.0,Healthcare Representative,4,Married,5858.0,17371.0,2,Yes,12.0,3.0,3.0,2.0,13,2.0,1,6,7.0,8.0,5.0
40,No,Travel_Rarely,898.0,Human Resources,7,2.0,Medical,1550,3,Male,38.0,3.0,4.0,Manager,4,Single,16437.0,17381.0,1,Yes,21.0,4.0,4.0,0.0,21,2.0,3,21,7.0,7.0,7.0
24,No,Travel_Rarely,1371.0,Sales,7,4.0,Marketing,507,4,Female,77.0,3.0,2.0,Sales Executive,3,Divorced,4260.0,5915.0,1,Yes,12.0,3.0,4.0,1.0,5,2.0,4,5,2.0,0.0,3.0
50,Yes,Travel_Frequently,959.0,Sales,1,4.0,Other,1113,4,Male,81.0,3.0,2.0,Sales Executive,3,Single,4728.0,17251.0,3,Yes,14.0,3.0,4.0,0.0,5,4.0,3,0,0.0,0.0,0.0
39,No,Travel_Rarely,117.0,Research & Development,10,1.0,Medical,429,3,Male,99.0,3.0,4.0,Manager,1,Married,16679.875,5355.0,1,Yes,14.0,3.0,4.0,0.0,21,3.0,3,21,9.0,11.0,10.0
40,No,Travel_Frequently,747.0,Research & Development,6,2.0,Medical,2669,1,Female,72.0,3.0,1.0,Laboratory Technician,4,Single,3674.0,16460.0,1,No,11.0,3.0,3.0,0.0,9,3.0,3,12,9.0,5.0,8.0
36,No,Travel_Frequently,541.0,Sales,3,4.0,Medical,481,1,Male,48.0,2.0,3.0,Sales Executive,4,Married,9699.0,7246.0,4,No,11.0,3.0,1.0,1.0,16,2.0,3,13,9.0,1.0,12.0
56,No,Travel_Rarely,1434.0,Sales,25,3.0,Life Sciences,2596,1,Female,97.0,3.0,3.0,Sales Executive,3,Single,7634.0,2356.0,7,No,14.0,3.0,4.0,0.0,29,3.0,2,20,16.0,7.0,9.0
35,No,Travel_Rarely,819.0,Research & Development,2,3.0,Life Sciences,1182,3,Male,44.0,2.0,3.0,Manufacturing Director,2,Divorced,10274.0,19588.0,2,No,18.0,3.0,2.0,1.0,15,2.0,4,7,7.0,6.0,4.0
34,No,Travel_Rarely,1157.0,Research & Development,5,2.0,Medical,1696,2,Male,57.0,2.0,2.0,Laboratory Technician,4,Married,3986.0,11912.0,1,No,14.0,3.0,3.0,1.0,15,3.0,4,15,10.0,4.0,13.0
59,No,Travel_Rarely,1429.0,Research & Development,18,4.0,Medical,1283,4,Male,67.0,3.0,3.0,Manufacturing Director,4,Single,10512.0,20002.0,6,No,12.0,3.0,4.0,0.0,25,6.0,2,9,7.0,5.0,4.0
28,No,Travel_Rarely,760.0,Sales,2,4.0,Marketing,846,2,Female,81.0,3.0,2.0,Sales Executive,2,Married,4779.0,3698.0,1,Yes,20.0,4.0,1.0,0.0,8,2.0,3,8,7.0,7.0,5.0
27,No,Travel_Rarely,1377.0,Research & Development,11,1.0,Life Sciences,1434,2,Male,91.0,3.0,1.0,Laboratory Technician,1,Married,2099.0,7679.0,0,No,14.0,3.0,2.0,0.0,6,3.0,4,5,0.0,1.0,4.0
28,No,Travel_Rarely,1181.0,Research & Development,1,3.0,Life Sciences,1799,3,Male,82.0,3.0,1.0,Research Scientist,4,Married,2044.0,5531.0,1,No,11.0,3.0,3.0,1.0,5,6.0,4,5,3.0,0.0,3.0
36,No,Travel_Rarely,938.0,Research & Development,2,4.0,Medical,958,3,Male,79.0,3.0,1.0,Laboratory Technician,3,Single,2519.0,12287.0,4,No,21.0,4.0,3.0,0.0,10,6.0,3,11,8.0,3.0,9.0
30,No,Travel_Rarely,1358.0,Research & Development,24,1.0,Life Sciences,11,3,Male,67.0,3.0,1.0,Laboratory Technician,3,Divorced,2693.0,13335.0,1,No,22.0,4.0,2.0,1.0,1,2.0,3,1,0.0,0.0,0.0
26,No,Travel_Rarely,482.0,Research & Development,1,2.0,Life Sciences,1893,2,Female,90.0,2.0,1.0,Research Scientist,3,Married,2933.0,14908.0,1,Yes,13.0,3.0,3.0,1.0,1,3.0,2,1,0.0,1.0,0.0
34,No,Travel_Rarely,1354.0,Research & Development,5,3.0,Medical,153,3,Female,45.0,2.0,3.0,Manager,1,Single,11631.0,5615.0,2,No,12.0,3.0,4.0,0.0,14,6.0,3,11,10.0,5.0,8.0
40,No,Travel_Rarely,1202.0,Research & Development,2,1.0,Medical,1375,2,Female,89.0,4.0,2.0,Healthcare Representative,3,Divorced,6377.0,13888.0,5,No,20.0,4.0,2.0,3.0,15,0.0,3,12,11.0,11.0,8.0
54,Yes,Travel_Rarely,724.0,Research & Development,6,4.0,Medical,2216,3,Male,82.0,2.0,2.0,Research Scientist,2,Married,4939.0,17745.0,2,No,17.0,3.0,1.0,0.0,11,3.0,2,8,2.0,7.0,7.0
24,Yes,Travel_Rarely,984.0,Research & Development,17,2.0,Life Sciences,1219,4,Female,97.0,3.0,1.0,Laboratory Technician,2,Married,2210.0,3372.0,1,No,13.0,3.0,1.0,1.0,1,3.0,1,1,0.0,0.0,0.0
37,No,Travel_Rarely,397.0,Research & Development,7,4.0,Medical,102,1,Male,30.0,3.0,3.0,Research Director,3,Single,13664.0,25258.0,4,No,13.0,3.0,1.0,0.0,16,3.0,4,5,2.0,0.0,2.0
42,No,Non-Travel,334.0,Research & Development,21,2.0,Life Sciences,2344,4,Male,37.0,2.0,2.0,Research Scientist,3,Single,4329.0,14814.0,1,No,12.0,3.0,4.0,0.0,18,2.0,3,17,9.0,3.0,7.0
28,Yes,Travel_Rarely,1157.0,Research & Development,2,4.0,Medical,440,1,Male,84.0,1.0,1.0,Research Scientist,4,Married,3464.0,24737.0,5,Yes,13.0,3.0,4.0,0.0,5,4.0,2,3,2.0,2.0,2.0
43,No,Travel_Frequently,775.0,Sales,15,3.0,Life Sciences,754,4,Male,47.0,2.0,2.0,Sales Executive,4,Married,6804.0,23683.0,3,No,18.0,3.0,3.0,1.0,7,5.0,3,2,2.0,2.0,2.0
35,No,Travel_Rarely,735.0,Research & Development,6,1.0,Life Sciences,1291,3,Male,66.0,3.0,1.0,Research Scientist,3,Married,3506.0,6020.0,0,Yes,14.0,3.0,4.0,0.0,4,3.0,3,3,2.0,2.0,2.0
30,No,Non-Travel,111.0,Research & Development,9,3.0,Medical,239,3,Male,66.0,3.0,2.0,Laboratory Technician,1,Divorced,3072.0,11012.0,1,No,11.0,3.0,3.0,2.0,12,4.0,3,12,9.0,6.0,10.0
37,No,Travel_Frequently,1470.0,Research & Development,9,4.0,Medical,2574,4,Male,35.0,3.0,1.0,Research Scientist,2,Divorced,4967.0,25064.0,8,Yes,14.0,3.0,4.0,1.0,0,2.0,3,5,1.0,0.0,0.0
36,No,Travel_Rarely,1109.0,Sales,10,2.0,Life Sciences,2350,3,Female,93.0,3.0,2.0,Sales Executive,1,Married,6500.0,13305.0,5,No,19.0,3.0,2.0,1.0,9,1.0,3,4,2.0,1.0,2.0
27,No,Travel_Rarely,683.0,Research & Development,3,1.0,Medical,2627,1,Male,36.0,2.0,1.0,Research Scientist,4,Single,3905.0,4049.0,0,No,12.0,3.0,4.0,0.0,2,2.0,3,4,3.0,1.0,1.0
33,No,Travel_Rarely,941.0,Research & Development,2,4.0,Medical,2303,3,Male,78.0,3.0,1.0,Laboratory Technician,3,Single,2516.0,12285.0,4,No,18.0,4.0,3.0,0.0,13,6.0,3,10,8.0,3.0,9.0
52,No,Travel_Rarely,994.0,Research & Development,7,4.0,Life Sciences,1118,2,Male,87.0,3.0,3.0,Healthcare Representative,2,Single,10445.0,15322.0,2,No,19.0,3.0,4.0,0.0,18,4.0,3,8,6.0,4.0,0.0
36,No,Travel_Rarely,1351.0,Research & Development,7,3.0,Medical,2716,3,Female,46.0,2.0,3.0,Manager,1,Single,4967.0,5613.0,2,No,12.0,3.0,4.0,0.0,15,6.0,3,14,10.0,5.0,8.0
53,Yes,Travel_Rarely,607.0,Research & Development,2,5.0,Technical Degree,1572,3,Female,78.0,2.0,3.0,Manufacturing Director,4,Married,10169.0,14618.0,0,No,16.0,3.0,2.0,1.0,34,4.0,3,33,7.0,1.0,9.0
36,No,Travel_Rarely,335.0,Sales,17,2.0,Marketing,1908,3,Male,33.0,2.0,2.0,Sales Executive,2,Married,5507.0,16822.0,2,No,16.0,3.0,3.0,2.0,12,1.0,1,4,2.0,1.0,3.0
28,Yes,Travel_Frequently,112.0,Research & Development,6,3.0,Medical,2503,2,Female,61.0,3.0,1.0,Laboratory Technician,2,Single,4967.0,25728.0,0,No,19.0,3.0,1.0,0.0,7,3.0,3,2,2.0,1.0,2.0
52,No,Non-Travel,771.0,Sales,2,4.0,Life Sciences,329,1,Male,79.0,2.0,5.0,Manager,3,Single,16679.875,21030.0,1,Yes,18.0,3.0,4.0,0.0,33,2.0,4,33,7.0,15.0,12.0
46,No,Travel_Rarely,551.0,Research & Development,5,4.0,Other,2590,4,Male,76.0,3.0,2.0,Research Scientist,4,Married,3695.0,9275.0,9,No,13.0,3.0,1.0,2.0,10,3.0,3,12,9.0,9.0,8.0
43,No,Non-Travel,337.0,Research & Development,21,2.0,Life Sciences,2611,4,Male,37.0,2.0,2.0,Research Scientist,3,Single,4330.0,14814.0,1,No,9.0,3.0,4.0,0.0,21,2.0,3,17,9.0,3.0,7.0
38,No,Travel_Rarely,1035.0,Sales,3,4.0,Life Sciences,1036,2,Male,42.0,3.0,2.0,Sales Executive,4,Single,6861.0,4981.0,8,Yes,12.0,3.0,3.0,0.0,10,1.0,3,1,0.0,0.0,0.0
54,No,Travel_Rarely,1217.0,Research & Development,2,4.0,Technical Degree,126,1,Female,60.0,3.0,3.0,Research Director,3,Married,13549.0,24001.0,9,No,12.0,3.0,1.0,1.0,16,5.0,1,4,3.0,0.0,3.0
40,No,Travel_Frequently,1388.0,Research & Development,9,1.0,Medical,2264,3,Male,64.0,3.0,1.0,Research Scientist,3,Married,2687.0,12129.0,0,No,14.0,3.0,2.0,1.0,5,0.0,2,2,1.0,0.0,2.0
41,Yes,Travel_Rarely,1360.0,Research & Development,12,3.0,Technical Degree,58,2,Female,49.0,3.0,5.0,Research Director,3,Married,16679.875,16280.0,1,No,12.0,3.0,4.0,0.0,23,0.0,3,22,15.0,15.0,8.0
36,No,Travel_Rarely,548.0,Research & Development,9,4.0,Life Sciences,1772,3,Male,94.0,3.0,1.0,Laboratory Technician,1,Divorced,2289.0,20520.0,1,No,20.0,4.0,2.0,2.0,5,2.0,3,5,3.0,0.0,4.0
18,No,Non-Travel,287.0,Research & Development,5,2.0,Life Sciences,1012,2,Male,73.0,3.0,1.0,Research Scientist,4,Single,1051.0,13493.0,1,No,15.0,3.0,4.0,0.0,0,2.0,3,0,0.0,0.0,0.0
47,No,Travel_Rarely,703.0,Sales,14,4.0,Marketing,728,4,Male,42.0,3.0,2.0,Sales Executive,1,Single,4960.0,11825.0,2,No,12.0,3.0,4.0,0.0,20,2.0,3,7,7.0,1.0,7.0
52,No,Travel_Rarely,258.0,Research & Development,8,4.0,Other,1409,3,Female,54.0,3.0,1.0,Laboratory Technician,1,Married,2950.0,17363.0,9,No,13.0,3.0,3.0,0.0,12,2.0,1,5,4.0,0.0,4.0
59,No,Travel_Rarely,326.0,Sales,3,3.0,Life Sciences,1254,3,Male,48.0,2.0,2.0,Sales Executive,4,Single,5171.0,16490.0,5,No,17.0,3.0,4.0,0.0,13,2.0,3,6,1.0,0.0,5.0
31,Yes,Travel_Frequently,1060.0,Sales,1,3.0,Life Sciences,1331,4,Female,54.0,3.0,1.0,Sales Representative,2,Single,2302.0,8319.0,1,Yes,11.0,3.0,1.0,0.0,3,2.0,4,3,2.0,2.0,2.0
36,No,Non-Travel,217.0,Research & Development,18,4.0,Life Sciences,1133,1,Male,78.0,3.0,2.0,Manufacturing Director,4,Single,7779.0,23238.0,2,No,20.0,4.0,1.0,0.0,18,0.0,3,11,9.0,0.0,9.0
52,No,Travel_Rarely,699.0,Research & Development,1,4.0,Life Sciences,259,3,Male,65.0,2.0,5.0,Manager,3,Married,16679.875,5678.0,0,No,14.0,3.0,1.0,1.0,34,5.0,3,33,18.0,11.0,9.0
22,No,Travel_Rarely,581.0,Research & Development,1,2.0,Life Sciences,2007,4,Male,63.0,3.0,1.0,Research Scientist,3,Single,3375.0,17624.0,2,No,12.0,3.0,4.0,0.0,4,2.0,4,3,2.0,1.0,2.0
37,No,Travel_Rarely,1470.0,Research & Development,10,3.0,Medical,1640,2,Female,71.0,3.0,1.0,Research Scientist,2,Married,3936.0,9953.0,1,No,11.0,3.0,1.0,1.0,8,2.0,1,8,4.0,7.0,7.0
55,No,Travel_Rarely,189.0,Human Resources,26,4.0,Human Resources,1973,3,Male,71.0,4.0,5.0,Manager,2,Married,16679.875,25811.0,4,Yes,18.0,3.0,1.0,1.0,35,0.0,3,10,9.0,1.0,4.0
22,No,Travel_Rarely,1136.0,Research & Development,5,3.0,Life Sciences,284,4,Male,60.0,4.0,1.0,Research Scientist,2,Divorced,2328.0,12392.0,1,Yes,16.0,3.0,1.0,1.0,4,2.0,2,4,2.0,2.0,2.0
51,No,Travel_Rarely,632.0,Sales,21,4.0,Marketing,120,3,Male,71.0,3.0,2.0,Sales Executive,4,Single,5441.0,8423.0,0,Yes,22.0,4.0,4.0,0.0,11,2.0,1,10,7.0,1.0,0.0
29,No,Travel_Frequently,1404.0,Sales,20,3.0,Technical Degree,974,3,Female,84.0,3.0,1.0,Sales Representative,4,Married,4967.0,18203.0,1,No,15.0,3.0,2.0,1.0,3,5.0,3,3,1.0,0.0,2.0
25,No,Travel_Rarely,589.0,Research & Development,0,1.0,Medical,2551,1,Male,42.0,3.0,1.0,Laboratory Technician,2,Married,3471.0,16631.0,9,No,12.0,3.0,4.0,1.0,6,3.0,3,4,2.0,2.0,2.0
38,Yes,Travel_Frequently,664.0,Research & Development,16,4.0,Marketing,2357,4,Female,64.0,3.0,2.0,Sales Executive,3,Married,4615.0,23285.0,0,Yes,17.0,3.0,3.0,1.0,7,0.0,2,3,2.0,3.0,2.0
39,No,Travel_Rarely,556.0,Research & Development,1,3.0,Medical,2290,3,Female,75.0,2.0,2.0,Laboratory Technician,3,Married,3451.0,13434.0,6,No,25.0,4.0,2.0,1.0,19,3.0,3,1,0.0,0.0,0.0
53,No,Travel_Rarely,238.0,Sales,7,1.0,Medical,682,4,Female,34.0,3.0,2.0,Sales Executive,1,Single,8381.0,7507.0,7,No,20.0,4.0,4.0,0.0,18,2.0,4,14,7.0,8.0,10.0
50,No,Travel_Rarely,1437.0,Sales,8,2.0,Marketing,2190,3,Male,34.0,3.0,2.0,Sales Representative,3,Married,2308.0,16045.0,2,Yes,17.0,4.0,4.0,1.0,13,3.0,1,7,7.0,4.0,5.0
49,No,Travel_Rarely,464.0,Research & Development,16,3.0,Medical,1674,3,Female,74.0,3.0,1.0,Laboratory Technician,1,Divorced,2587.0,24941.0,4,Yes,16.0,3.0,2.0,1.0,17,2.0,2,2,2.0,2.0,2.0
23,Yes,Travel_Rarely,1243.0,Research & Development,6,3.0,Life Sciences,811,3,Male,63.0,4.0,1.0,Laboratory Technician,1,Married,1601.0,3445.0,1,Yes,21.0,4.0,3.0,2.0,1,2.0,3,0,0.0,0.0,0.0
34,No,Non-Travel,144.0,Sales,7,4.0,Medical,2612,1,Male,70.0,3.0,3.0,Sales Executive,2,Divorced,8832.0,24665.0,1,No,12.0,3.0,4.0,1.0,6,6.0,3,6,5.0,7.0,7.0
29,No,Travel_Rarely,694.0,Research & Development,1,3.0,Life Sciences,1264,4,Female,87.0,2.0,4.0,Research Director,4,Divorced,16124.0,3423.0,3,No,14.0,3.0,2.0,2.0,9,2.0,2,7,7.0,1.0,7.0
53,No,Travel_Rarely,262.0,Sales,11,3.0,Marketing,2616,3,Male,57.0,3.0,5.0,Manager,3,Married,16679.875,19518.0,4,Yes,19.0,3.0,3.0,1.0,26,2.0,3,4,0.0,0.0,0.0
30,No,Non-Travel,1398.0,Sales,22,4.0,Other,567,3,Female,69.0,3.0,3.0,Sales Executive,1,Married,8412.0,2890.0,0,No,11.0,3.0,3.0,0.0,10,3.0,3,9,8.0,7.0,8.0
35,No,Travel_Rarely,894.0,Research & Development,3,4.0,Medical,2425,4,Female,32.0,2.0,2.0,Manufacturing Director,3,Married,4377.0,15414.0,0,No,13.0,3.0,3.0,0.0,2,6.0,3,2,2.0,1.0,2.0
27,No,Travel_Frequently,1410.0,Sales,3,1.0,Medical,714,4,Female,71.0,4.0,2.0,Sales Executive,4,Divorced,4647.0,16673.0,1,Yes,20.0,4.0,2.0,2.0,6,3.0,3,6,5.0,0.0,4.0
24,No,Travel_Rarely,506.0,Research & Development,29,1.0,Medical,1725,2,Male,91.0,3.0,1.0,Laboratory Technician,1,Divorced,4967.0,3622.0,1,No,13.0,3.0,2.0,3.0,6,2.0,4,5,2.0,1.0,2.0
29,No,Non-Travel,1401.0,Sales,25,4.0,Other,2369,3,Female,69.0,3.0,3.0,Sales Executive,1,Married,8413.0,2890.0,0,No,11.0,3.0,3.0,0.0,8,3.0,3,11,8.0,7.0,8.0
35,No,Travel_Rarely,1319.0,Sales,0,4.0,Life Sciences,2565,4,Male,87.0,3.0,2.0,Sales Executive,2,Married,4438.0,7638.0,0,No,16.0,3.0,1.0,2.0,15,3.0,3,14,13.0,5.0,8.0
49,No,Travel_Rarely,1495.0,Research & Development,5,4.0,Technical Degree,1473,1,Male,96.0,3.0,2.0,Healthcare Representative,3,Married,6651.0,21534.0,2,No,14.0,3.0,2.0,1.0,20,0.0,2,3,2.0,1.0,2.0
18,Yes,Travel_Rarely,230.0,Research & Development,3,3.0,Life Sciences,405,3,Male,54.0,3.0,1.0,Laboratory Technician,3,Single,1420.0,25233.0,1,No,13.0,3.0,3.0,0.0,0,2.0,3,0,0.0,0.0,0.0
37,Yes,Travel_Rarely,807.0,Human Resources,6,4.0,Human Resources,133,3,Male,63.0,3.0,1.0,Human Resources,1,Divorced,2073.0,23648.0,2,Yes,22.0,4.0,4.0,0.0,7,3.0,3,3,2.0,0.0,2.0
53,No,Travel_Rarely,1084.0,Research & Development,13,2.0,Medical,250,4,Female,57.0,4.0,2.0,Manufacturing Director,1,Divorced,4450.0,26250.0,1,No,11.0,3.0,3.0,2.0,5,3.0,3,4,2.0,1.0,3.0
29,No,Travel_Rarely,569.0,Sales,9,3.0,Medical,2630,3,Male,47.0,3.0,2.0,Sales Executive,3,Single,4684.0,9123.0,2,No,10.0,3.0,1.0,0.0,2,4.0,3,6,3.0,1.0,2.0
19,Yes,Travel_Rarely,419.0,Sales,21,3.0,Other,959,4,Male,37.0,2.0,1.0,Sales Representative,2,Single,2121.0,9947.0,1,Yes,13.0,3.0,2.0,0.0,1,3.0,4,1,0.0,0.0,0.0
50,No,Travel_Rarely,797.0,Research & Development,4,1.0,Life Sciences,385,1,Male,96.0,3.0,5.0,Research Director,2,Divorced,16679.875,15815.0,3,No,14.0,3.0,1.0,2.0,28,4.0,2,10,4.0,1.0,6.0
50,No,Travel_Rarely,316.0,Sales,8,4.0,Marketing,738,4,Male,54.0,3.0,1.0,Sales Representative,2,Married,3875.0,9983.0,7,No,15.0,3.0,4.0,1.0,4,2.0,3,2,2.0,2.0,2.0
48,No,Travel_Rarely,1007.0,Research & Development,1,3.0,Life Sciences,2703,1,Male,54.0,3.0,4.0,Research Director,3,Married,16679.875,2289.0,6,No,10.0,3.0,3.0,0.0,23,2.0,1,0,2.0,0.0,1.0
30,Yes,Travel_Rarely,945.0,Sales,9,3.0,Medical,1876,2,Male,89.0,3.0,1.0,Sales Representative,4,Single,1081.0,16019.0,1,No,13.0,3.0,3.0,0.0,1,3.0,3,5,0.0,0.0,0.0
50,No,Travel_Rarely,1322.0,Research & Development,28,3.0,Life Sciences,1317,4,Female,43.0,3.0,4.0,Research Director,3,Married,16679.875,22422.0,4,Yes,11.0,3.0,2.0,0.0,25,2.0,3,3,2.0,1.0,2.0
34,No,Travel_Rarely,182.0,Research & Development,1,4.0,Life Sciences,797,2,Female,72.0,4.0,1.0,Research Scientist,4,Single,3280.0,13551.0,2,No,16.0,3.0,3.0,0.0,10,2.0,3,4,2.0,1.0,3.0
41,No,Travel_Rarely,335.0,Sales,8,3.0,Marketing,2171,3,Female,52.0,3.0,2.0,Sales Executive,2,Married,4391.0,26844.0,5,No,24.0,4.0,3.0,1.0,16,3.0,3,6,4.0,1.0,4.0
33,No,Travel_Frequently,718.0,Research & Development,0,2.0,Medical,2282,3,Female,59.0,3.0,2.0,Laboratory Technician,4,Single,4009.0,10783.0,1,No,20.0,4.0,4.0,0.0,9,2.0,3,14,8.0,3.0,7.0
29,No,Travel_Rarely,1157.0,Research & Development,8,3.0,Medical,2491,4,Male,92.0,3.0,1.0,Research Scientist,4,Married,4967.0,2612.0,1,No,22.0,4.0,4.0,1.0,3,3.0,2,4,2.0,0.0,4.0
50,Yes,Travel_Frequently,562.0,Sales,8,2.0,Technical Degree,723,2,Male,50.0,3.0,2.0,Sales Executive,3,Married,6796.0,23452.0,3,Yes,14.0,3.0,1.0,1.0,18,4.0,3,4,3.0,1.0,3.0
35,No,Travel_Frequently,638.0,Research & Development,5,4.0,Other,2438,4,Male,48.0,2.0,1.0,Laboratory Technician,4,Married,2373.0,26538.0,1,No,13.0,3.0,2.0,1.0,2,2.0,4,4,2.0,2.0,2.0
22,No,Travel_Rarely,534.0,Research & Development,15,3.0,Medical,144,2,Female,59.0,3.0,1.0,Laboratory Technician,4,Single,2871.0,23785.0,1,No,15.0,3.0,3.0,0.0,1,5.0,3,0,0.0,0.0,0.0
41,No,Travel_Rarely,509.0,Research & Development,7,2.0,Technical Degree,1085,2,Female,43.0,4.0,1.0,Research Scientist,3,Married,3376.0,18863.0,1,No,13.0,3.0,3.0,0.0,10,3.0,3,10,6.0,0.0,8.0
47,No,Non-Travel,543.0,Sales,2,4.0,Marketing,1731,3,Male,87.0,3.0,2.0,Sales Executive,2,Married,4978.0,3536.0,7,No,11.0,3.0,4.0,1.0,4,3.0,1,1,0.0,0.0,0.0
35,No,Travel_Rarely,1011.0,Sales,7,2.0,Life Sciences,2678,2,Female,28.0,3.0,2.0,Sales Executive,1,Divorced,6894.0,19458.0,3,No,18.0,3.0,4.0,1.0,12,3.0,3,10,7.0,1.0,7.0
56,No,Travel_Frequently,906.0,Sales,6,3.0,Life Sciences,532,3,Female,86.0,4.0,4.0,Sales Executive,1,Married,13212.0,18256.0,9,No,11.0,3.0,4.0,3.0,36,0.0,2,7,7.0,7.0,7.0
40,No,Travel_Rarely,630.0,Sales,4,4.0,Marketing,215,3,Male,67.0,2.0,3.0,Sales Executive,4,Married,10855.0,8552.0,7,No,11.0,3.0,1.0,1.0,15,2.0,2,12,11.0,2.0,11.0
55,No,Travel_Rarely,1117.0,Sales,18,5.0,Life Sciences,597,1,Female,83.0,3.0,4.0,Manager,2,Single,16679.875,9873.0,3,No,23.0,4.0,4.0,0.0,37,2.0,3,10,9.0,7.0,7.0
28,No,Travel_Rarely,435.0,Research & Development,19,3.0,Life Sciences,2353,1,Female,76.0,3.0,1.0,Research Scientist,3,Single,2630.0,23909.0,1,No,14.0,3.0,3.0,0.0,8,4.0,2,8,4.0,0.0,4.0
26,No,Travel_Frequently,575.0,Research & Development,1,2.0,Life Sciences,792,1,Female,71.0,1.0,1.0,Laboratory Technician,4,Divorced,4364.0,5288.0,3,No,14.0,3.0,1.0,1.0,5,2.0,3,2,2.0,2.0,0.0
38,No,Travel_Rarely,685.0,Research & Development,24,4.0,Life Sciences,2545,4,Male,85.0,3.0,2.0,Healthcare Representative,4,Divorced,5743.0,18896.0,9,No,14.0,3.0,2.0,1.0,8,2.0,3,0,2.0,1.0,2.0
26,No,Travel_Rarely,474.0,Research & Development,3,3.0,Life Sciences,1581,3,Female,89.0,3.0,1.0,Research Scientist,4,Married,2061.0,11133.0,1,No,21.0,4.0,1.0,0.0,1,5.0,3,1,0.0,0.0,0.0
37,No,Travel_Rarely,783.0,Research & Development,7,4.0,Medical,1885,4,Male,78.0,3.0,2.0,Research Scientist,3,Married,4284.0,13588.0,5,Yes,22.0,4.0,3.0,1.0,16,2.0,3,5,3.0,0.0,4.0
30,Yes,Travel_Rarely,1005.0,Research & Development,3,3.0,Technical Degree,297,4,Female,88.0,3.0,1.0,Research Scientist,3,Single,2657.0,8556.0,5,Yes,11.0,3.0,3.0,0.0,8,5.0,3,5,2.0,0.0,4.0
46,No,Travel_Rarely,1003.0,Research & Development,8,4.0,Life Sciences,1080,4,Female,74.0,2.0,2.0,Research Scientist,3,Divorced,4615.0,21029.0,8,Yes,23.0,4.0,1.0,3.0,19,2.0,3,16,13.0,1.0,7.0
28,No,Non-Travel,1103.0,Research & Development,16,3.0,Medical,1947,3,Male,49.0,3.0,1.0,Research Scientist,3,Single,2144.0,2122.0,1,No,14.0,3.0,3.0,0.0,5,3.0,2,5,3.0,1.0,4.0
31,No,Travel_Rarely,691.0,Research & Development,5,4.0,Technical Degree,423,3,Male,86.0,3.0,1.0,Research Scientist,4,Married,4821.0,10077.0,0,Yes,12.0,3.0,3.0,1.0,6,4.0,3,5,2.0,0.0,3.0
45,No,Travel_Rarely,1329.0,Research & Development,2,2.0,Other,1635,4,Female,59.0,2.0,2.0,Manufacturing Director,4,Divorced,5770.0,5388.0,1,No,19.0,3.0,1.0,2.0,10,3.0,3,10,7.0,3.0,9.0
34,No,Non-Travel,1432.0,Sales,7,4.0,Life Sciences,2176,1,Male,79.0,2.0,3.0,Sales Executive,1,Single,7584.0,14226.0,1,No,13.0,3.0,2.0,0.0,12,1.0,3,9,7.0,0.0,9.0
37,No,Non-Travel,1251.0,Sales,20,2.0,Medical,2397,1,Male,34.0,3.0,3.0,Sales Executive,2,Single,7639.0,4815.0,1,Yes,10.0,3.0,4.0,0.0,7,2.0,3,12,0.0,0.0,9.0
47,No,Travel_Rarely,983.0,Research & Development,2,2.0,Medical,574,1,Female,65.0,3.0,2.0,Manufacturing Director,4,Divorced,5070.0,7389.0,5,No,13.0,3.0,3.0,3.0,20,2.0,3,5,0.0,0.0,4.0
33,No,Travel_Rarely,461.0,Research & Development,13,1.0,Life Sciences,995,2,Female,53.0,3.0,1.0,Research Scientist,4,Single,3452.0,17241.0,2,No,18.0,3.0,1.0,0.0,5,4.0,3,3,2.0,0.0,2.0
36,No,Non-Travel,1419.0,Human Resources,0,4.0,Human Resources,2421,3,Female,34.0,2.0,5.0,Manager,4,Married,16679.875,21924.0,9,No,20.0,4.0,4.0,1.0,31,3.0,3,0,2.0,2.0,2.0
58,No,Travel_Rarely,605.0,Sales,21,3.0,Life Sciences,1938,4,Female,72.0,3.0,4.0,Manager,4,Married,16679.875,11761.0,4,Yes,13.0,3.0,3.0,1.0,10,2.0,2,1,0.0,0.0,0.0
34,No,Travel_Rarely,678.0,Research & Development,19,3.0,Life Sciences,1701,2,Female,35.0,2.0,1.0,Research Scientist,4,Married,2929.0,20338.0,1,No,12.0,3.0,2.0,0.0,10,3.0,3,10,9.0,8.0,7.0
40,No,Travel_Frequently,1186.0,Research & Development,0,3.0,Life Sciences,2318,4,Male,88.0,3.0,2.0,Research Scientist,4,Married,4737.0,9869.0,7,No,12.0,3.0,4.0,2.0,17,4.0,4,14,11.0,2.0,9.0
36,No,Travel_Frequently,688.0,Research & Development,4,2.0,Life Sciences,2025,4,Female,97.0,3.0,2.0,Manufacturing Director,2,Divorced,5131.0,9192.0,7,No,13.0,3.0,2.0,3.0,18,3.0,3,4,2.0,0.0,2.0
58,Yes,Travel_Rarely,286.0,Research & Development,2,4.0,Life Sciences,825,4,Male,31.0,3.0,5.0,Research Director,2,Single,16679.875,25761.0,7,Yes,12.0,3.0,4.0,0.0,40,2.0,3,31,15.0,13.0,8.0
36,No,Non-Travel,1351.0,Research & Development,9,4.0,Life Sciences,1949,1,Male,66.0,4.0,1.0,Laboratory Technician,2,Married,2810.0,9238.0,1,No,22.0,4.0,2.0,0.0,5,3.0,3,5,4.0,0.0,2.0
42,No,Travel_Rarely,929.0,Sales,6,3.0,Life Sciences,2243,3,Male,58.0,2.0,2.0,Sales Executive,2,Divorced,8936.0,12227.0,2,No,11.0,3.0,3.0,1.0,10,5.0,3,5,4.0,0.0,4.0
23,No,Travel_Rarely,885.0,Research & Development,4,3.0,Medical,705,1,Male,58.0,4.0,1.0,Research Scientist,1,Married,2819.0,8544.0,2,No,16.0,3.0,1.0,1.0,5,3.0,4,3,2.0,0.0,2.0
31,No,Travel_Rarely,1154.0,Sales,2,2.0,Life Sciences,1996,1,Male,54.0,3.0,1.0,Sales Representative,3,Married,3067.0,6393.0,0,No,19.0,3.0,3.0,1.0,3,1.0,3,2,2.0,1.0,2.0
59,No,Travel_Rarely,1089.0,Sales,1,2.0,Technical Degree,1048,2,Male,66.0,3.0,3.0,Manager,4,Married,11904.0,11038.0,3,Yes,14.0,3.0,3.0,1.0,14,1.0,1,6,4.0,0.0,4.0
28,No,Travel_Rarely,1158.0,Research & Development,9,3.0,Medical,377,4,Male,94.0,3.0,1.0,Research Scientist,4,Married,2070.0,2613.0,1,No,23.0,4.0,4.0,1.0,5,3.0,2,5,2.0,0.0,4.0
30,No,Travel_Rarely,1240.0,Human Resources,9,3.0,Human Resources,184,3,Male,48.0,3.0,2.0,Human Resources,4,Married,6347.0,13982.0,0,Yes,19.0,3.0,4.0,0.0,12,2.0,1,11,9.0,4.0,7.0
29,No,Travel_Rarely,1378.0,Research & Development,13,2.0,Other,2053,4,Male,46.0,2.0,2.0,Laboratory Technician,2,Married,4025.0,23679.0,4,Yes,13.0,3.0,1.0,1.0,10,2.0,3,4,3.0,0.0,3.0
30,Yes,Travel_Rarely,330.0,Research & Development,26,3.0,Medical,2423,3,Male,54.0,3.0,1.0,Laboratory Technician,2,Married,2406.0,7326.0,1,Yes,15.0,3.0,3.0,3.0,1,3.0,3,0,1.0,0.0,0.0
33,Yes,Travel_Rarely,360.0,Human Resources,15,5.0,Human Resources,2145,4,Male,92.0,4.0,1.0,Human Resources,1,Married,2958.0,21494.0,0,No,19.0,3.0,3.0,0.0,5,4.0,3,4,0.0,0.0,0.0
58,No,Travel_Rarely,1272.0,Research & Development,7,3.0,Technical Degree,940,3,Female,37.0,2.0,3.0,Healthcare Representative,2,Divorced,10552.0,9255.0,2,Yes,13.0,3.0,4.0,1.0,24,3.0,3,6,0.0,0.0,4.0
28,No,Travel_Rarely,1451.0,Research & Development,2,1.0,Life Sciences,1136,1,Male,67.0,2.0,1.0,Research Scientist,2,Married,3201.0,19911.0,0,No,17.0,3.0,1.0,0.0,6,2.0,3,5,3.0,0.0,4.0
54,No,Travel_Rarely,548.0,Research & Development,8,4.0,Life Sciences,578,3,Female,42.0,3.0,2.0,Laboratory Technician,3,Single,3780.0,23428.0,7,No,11.0,3.0,3.0,0.0,19,3.0,3,1,0.0,0.0,0.0
20,Yes,Travel_Rarely,126.0,Research & Development,3,3.0,Technical Degree,2478,1,Male,83.0,3.0,1.0,Laboratory Technician,1,Single,2973.0,13011.0,1,No,21.0,3.0,2.0,0.0,4,2.0,3,1,0.0,0.0,0.0
54,No,Travel_Rarely,1438.0,Sales,6,2.0,Marketing,2184,2,Male,31.0,3.0,2.0,Sales Representative,3,Married,2309.0,16049.0,2,Yes,20.0,4.0,4.0,1.0,15,3.0,1,10,7.0,4.0,5.0
28,Yes,Travel_Frequently,289.0,Research & Development,2,2.0,Medical,1504,3,Male,38.0,2.0,1.0,Laboratory Technician,1,Single,4967.0,5355.0,7,No,11.0,3.0,3.0,0.0,8,2.0,2,0,0.0,0.0,0.0
49,Yes,Travel_Frequently,1475.0,Research & Development,28,2.0,Life Sciences,1420,1,Male,97.0,2.0,2.0,Laboratory Technician,1,Single,4967.0,22710.0,3,No,20.0,4.0,1.0,0.0,20,2.0,3,4,3.0,1.0,3.0
41,No,Travel_Rarely,447.0,Research & Development,5,3.0,Life Sciences,1814,2,Male,85.0,4.0,2.0,Healthcare Representative,2,Single,6870.0,15530.0,2,No,12.0,3.0,1.0,0.0,11,3.0,1,3,2.0,1.0,2.0
40,No,Travel_Rarely,526.0,Research & Development,18,2.0,Life Sciences,2255,1,Male,33.0,3.0,2.0,Manufacturing Director,3,Single,4536.0,13350.0,0,No,12.0,3.0,1.0,0.0,10,6.0,3,9,7.0,1.0,7.0
35,No,Travel_Rarely,1224.0,Sales,7,4.0,Life Sciences,1962,3,Female,55.0,3.0,2.0,Sales Executive,4,Married,5204.0,13586.0,1,Yes,11.0,3.0,4.0,0.0,10,2.0,3,10,8.0,0.0,9.0
55,No,Non-Travel,582.0,Sales,31,4.0,Life Sciences,2379,1,Male,37.0,3.0,1.0,Sales Representative,4,Divorced,4967.0,19788.0,2,No,12.0,3.0,2.0,2.0,19,3.0,2,11,8.0,0.0,0.0
29,No,Travel_Rarely,504.0,Sales,28,5.0,Marketing,2257,3,Male,96.0,3.0,2.0,Sales Executive,4,Divorced,5307.0,25277.0,7,No,22.0,4.0,4.0,1.0,13,2.0,2,5,7.0,7.0,7.0
32,Yes,Travel_Frequently,1446.0,Research & Development,0,5.0,Life Sciences,2579,3,Female,103.0,4.0,3.0,Manufacturing Director,2,Single,7443.0,8928.0,2,No,8.0,3.0,1.0,0.0,8,2.0,3,10,8.0,4.0,7.0
32,No,Travel_Rarely,427.0,Research & Development,1,3.0,Medical,78,1,Male,33.0,3.0,2.0,Manufacturing Director,4,Married,6162.0,10877.0,1,Yes,22.0,4.0,2.0,1.0,9,3.0,3,9,8.0,7.0,8.0
27,No,Travel_Rarely,728.0,Sales,23,1.0,Medical,1864,2,Female,36.0,2.0,2.0,Sales Representative,3,Married,3540.0,7018.0,1,No,21.0,4.0,4.0,1.0,9,5.0,3,9,8.0,5.0,8.0
32,No,Non-Travel,1184.0,Research & Development,1,3.0,Life Sciences,951,3,Female,70.0,2.0,1.0,Laboratory Technician,2,Married,2332.0,3974.0,6,No,20.0,4.0,3.0,0.0,5,3.0,3,3,0.0,0.0,2.0
26,No,Travel_Rarely,1066.0,Research & Development,2,2.0,Medical,1018,4,Male,32.0,4.0,2.0,Manufacturing Director,4,Married,5472.0,3334.0,1,No,12.0,3.0,2.0,0.0,8,2.0,3,8,7.0,1.0,3.0
48,No,Travel_Rarely,431.0,Research & Development,3,4.0,Medical,2432,3,Male,40.0,3.0,5.0,Research Director,4,Divorced,16679.875,21444.0,2,No,15.0,3.0,4.0,2.0,23,0.0,3,0,2.0,2.0,2.0
45,No,Travel_Rarely,319.0,Research & Development,27,3.0,Medical,2246,3,Male,57.0,3.0,3.0,Manufacturing Director,1,Married,7407.0,6951.0,1,Yes,22.0,4.0,4.0,1.0,10,5.0,2,9,9.0,5.0,8.0
37,No,Travel_Rarely,614.0,Research & Development,7,1.0,Medical,2462,4,Male,45.0,2.0,3.0,Healthcare Representative,1,Married,9990.0,21456.0,4,No,16.0,3.0,1.0,1.0,12,5.0,3,4,7.0,1.0,7.0
30,Yes,Travel_Rarely,138.0,Research & Development,22,3.0,Life Sciences,1004,1,Female,48.0,3.0,1.0,Research Scientist,3,Married,2132.0,11539.0,4,Yes,11.0,3.0,2.0,0.0,7,2.0,3,5,2.0,0.0,1.0
21,No,Travel_Rarely,546.0,Research & Development,5,1.0,Medical,1623,3,Male,97.0,3.0,1.0,Research Scientist,4,Single,3117.0,26009.0,1,No,18.0,3.0,3.0,0.0,3,2.0,3,2,2.0,2.0,2.0
27,No,Travel_Rarely,1103.0,Research & Development,14,3.0,Life Sciences,1244,1,Male,42.0,3.0,1.0,Research Scientist,1,Married,2235.0,14377.0,1,Yes,14.0,3.0,4.0,2.0,9,3.0,2,9,7.0,6.0,8.0
30,No,Travel_Rarely,1462.0,Research & Development,25,3.0,Medical,2196,2,Male,65.0,2.0,2.0,Healthcare Representative,4,Married,5585.0,14409.0,0,No,18.0,4.0,2.0,1.0,13,2.0,3,5,0.0,7.0,8.0
38,No,Travel_Frequently,216.0,Research & Development,23,3.0,Life Sciences,12,4,Male,44.0,2.0,3.0,Manufacturing Director,3,Single,9526.0,8787.0,0,No,21.0,4.0,2.0,0.0,10,2.0,3,9,7.0,1.0,8.0
56,No,Non-Travel,143.0,Human Resources,26,3.0,Human Resources,2456,4,Female,31.0,4.0,4.0,Manager,4,Single,16679.875,13869.0,2,Yes,14.0,3.0,3.0,0.0,23,3.0,3,6,3.0,4.0,4.0
34,Yes,Travel_Frequently,878.0,Sales,10,4.0,Other,2555,3,Male,39.0,3.0,2.0,Sales Executive,4,Single,4582.0,10411.0,3,Yes,26.0,4.0,1.0,0.0,10,2.0,4,12,9.0,6.0,7.0
53,Yes,Travel_Rarely,609.0,Research & Development,5,5.0,Technical Degree,2149,3,Female,80.0,2.0,3.0,Manufacturing Director,4,Married,10172.0,14619.0,0,No,16.0,3.0,2.0,1.0,32,4.0,3,34,7.0,1.0,9.0
29,Yes,Travel_Rarely,1356.0,Research & Development,28,3.0,Life Sciences,2516,1,Male,49.0,1.0,1.0,Laboratory Technician,3,Single,2292.0,10555.0,1,No,11.0,3.0,3.0,0.0,4,2.0,2,0,0.0,0.0,1.0
39,No,Travel_Rarely,408.0,Research & Development,2,4.0,Technical Degree,721,4,Female,80.0,2.0,2.0,Healthcare Representative,3,Single,4967.0,20978.0,1,No,11.0,3.0,1.0,0.0,20,4.0,3,20,7.0,11.0,10.0
34,No,Non-Travel,999.0,Research & Development,7,1.0,Technical Degree,1374,1,Female,92.0,2.0,1.0,Research Scientist,3,Divorced,2029.0,15891.0,1,No,20.0,4.0,3.0,3.0,5,2.0,3,5,4.0,0.0,0.0
37,No,Travel_Rarely,482.0,Research & Development,3,3.0,Other,689,3,Male,36.0,3.0,3.0,Manufacturing Director,3,Married,9434.0,9606.0,1,No,15.0,3.0,3.0,1.0,10,2.0,3,10,7.0,7.0,8.0
48,No,Travel_Rarely,969.0,Research & Development,2,2.0,Technical Degree,1258,4,Male,76.0,4.0,1.0,Laboratory Technician,2,Single,2559.0,16620.0,5,No,11.0,3.0,3.0,0.0,7,4.0,2,1,0.0,0.0,0.0
37,Yes,Travel_Rarely,1373.0,Research & Development,2,2.0,Other,4,4,Male,92.0,2.0,1.0,Laboratory Technician,3,Single,2090.0,2396.0,6,Yes,15.0,3.0,2.0,0.0,7,3.0,3,0,0.0,0.0,0.0
50,Yes,Travel_Rarely,410.0,Sales,28,3.0,Marketing,2055,4,Male,39.0,2.0,3.0,Sales Executive,1,Divorced,10854.0,16586.0,4,Yes,13.0,3.0,2.0,1.0,20,3.0,3,3,2.0,2.0,0.0
41,No,Travel_Frequently,840.0,Research & Development,9,3.0,Medical,999,1,Male,64.0,3.0,5.0,Research Director,3,Divorced,16679.875,3735.0,2,No,17.0,3.0,2.0,1.0,21,2.0,4,18,16.0,0.0,11.0
55,No,Travel_Rarely,452.0,Research & Development,7,3.0,Medical,374,4,Male,81.0,3.0,5.0,Manager,1,Single,16679.875,18938.0,0,Yes,14.0,3.0,3.0,0.0,10,2.0,3,5,10.0,4.0,13.0
31,Yes,Travel_Rarely,202.0,Research & Development,8,3.0,Life Sciences,1433,1,Female,34.0,2.0,1.0,Research Scientist,2,Single,1261.0,22262.0,1,No,12.0,3.0,3.0,0.0,1,3.0,4,1,0.0,0.0,0.0
40,No,Travel_Rarely,1137.0,Research & Development,1,4.0,Life Sciences,1892,1,Male,98.0,3.0,4.0,Manager,1,Divorced,16679.875,18991.0,2,No,11.0,3.0,1.0,1.0,22,3.0,3,19,7.0,11.0,16.0
40,No,Travel_Rarely,1330.0,Research & Development,7,3.0,Technical Degree,2413,4,Female,82.0,3.0,3.0,Research Director,1,Married,13583.0,16294.0,1,No,12.0,3.0,2.0,1.0,14,3.0,3,14,12.0,5.0,11.0
26,No,Travel_Rarely,1443.0,Sales,23,3.0,Marketing,72,3,Female,47.0,2.0,2.0,Sales Executive,4,Married,4157.0,21436.0,7,Yes,19.0,3.0,3.0,1.0,5,2.0,2,2,2.0,0.0,0.0
28,Yes,Travel_Rarely,654.0,Research & Development,1,2.0,Life Sciences,741,1,Female,67.0,1.0,1.0,Research Scientist,2,Single,2216.0,3872.0,7,Yes,13.0,3.0,4.0,0.0,10,4.0,3,7,7.0,3.0,7.0
36,No,Travel_Frequently,1232.0,Sales,20,2.0,Medical,2144,3,Female,53.0,3.0,1.0,Sales Representative,4,Married,2972.0,21225.0,5,No,16.0,3.0,2.0,1.0,11,3.0,3,2,4.0,0.0,0.0
50,No,Travel_Rarely,1464.0,Research & Development,2,4.0,Medical,1061,2,Male,62.0,3.0,5.0,Research Director,3,Married,16679.875,12853.0,2,Yes,11.0,3.0,4.0,1.0,29,2.0,2,8,1.0,7.0,7.0
29,No,Travel_Frequently,1480.0,Research & Development,0,3.0,Life Sciences,2209,3,Female,81.0,3.0,2.0,Manufacturing Director,2,Divorced,6398.0,26765.0,1,No,23.0,4.0,1.0,1.0,7,6.0,1,4,5.0,1.0,4.0
46,Yes,Travel_Rarely,1254.0,Sales,10,3.0,Life Sciences,1869,3,Female,64.0,3.0,3.0,Sales Executive,2,Married,7314.0,14011.0,5,No,21.0,4.0,3.0,3.0,14,2.0,3,5,7.0,0.0,7.0
51,No,Travel_Rarely,313.0,Research & Development,3,3.0,Medical,258,3,Female,98.0,3.0,4.0,Healthcare Representative,2,Single,13734.0,7192.0,3,No,18.0,3.0,3.0,0.0,21,6.0,3,7,7.0,1.0,0.0
25,No,Travel_Rarely,1280.0,Research & Development,7,1.0,Medical,143,4,Male,64.0,2.0,1.0,Research Scientist,4,Married,2889.0,26897.0,1,No,11.0,3.0,3.0,2.0,2,2.0,3,2,2.0,2.0,1.0
27,No,Travel_Frequently,294.0,Research & Development,10,2.0,Life Sciences,733,4,Male,32.0,3.0,3.0,Manufacturing Director,1,Divorced,8793.0,4809.0,1,No,21.0,4.0,3.0,2.0,9,4.0,2,9,7.0,1.0,7.0
45,No,Travel_Rarely,1457.0,Research & Development,7,3.0,Medical,1195,1,Female,83.0,3.0,1.0,Research Scientist,3,Married,4477.0,20100.0,4,Yes,19.0,3.0,3.0,1.0,7,2.0,2,3,2.0,0.0,2.0
35,Yes,Travel_Rarely,303.0,Sales,27,3.0,Life Sciences,1797,3,Male,84.0,3.0,2.0,Sales Executive,4,Single,5813.0,13492.0,1,Yes,18.0,3.0,4.0,0.0,10,2.0,3,10,7.0,7.0,7.0
30,No,Travel_Rarely,831.0,Sales,3,1.0,Life Sciences,2502,2,Male,76.0,3.0,2.0,Sales Executive,4,Single,6580.0,8348.0,4,Yes,11.0,3.0,3.0,0.0,9,2.0,4,9,5.0,0.0,5.0
34,No,Travel_Rarely,419.0,Research & Development,7,4.0,Life Sciences,28,1,Female,53.0,3.0,3.0,Research Director,2,Single,11994.0,21293.0,0,No,11.0,3.0,3.0,0.0,13,4.0,3,12,6.0,2.0,11.0
51,No,Travel_Rarely,1178.0,Sales,14,2.0,Life Sciences,500,3,Female,87.0,3.0,2.0,Sales Executive,4,Married,4936.0,14862.0,4,No,11.0,3.0,3.0,1.0,18,2.0,2,7,7.0,0.0,7.0
48,No,Travel_Rarely,1355.0,Research & Development,4,4.0,Life Sciences,1024,3,Male,78.0,2.0,3.0,Healthcare Representative,3,Single,10999.0,22245.0,7,No,14.0,3.0,2.0,0.0,27,3.0,3,15,11.0,4.0,8.0
29,No,Travel_Rarely,1252.0,Research & Development,23,2.0,Life Sciences,824,3,Male,81.0,4.0,1.0,Research Scientist,3,Married,2700.0,23779.0,1,No,24.0,4.0,3.0,1.0,10,3.0,3,10,7.0,0.0,7.0
42,No,Travel_Rarely,810.0,Research & Development,7,5.0,Life Sciences,468,1,Male,44.0,3.0,4.0,Research Director,4,Single,15992.0,15901.0,2,No,14.0,3.0,2.0,0.0,16,2.0,3,1,0.0,0.0,0.0
29,Yes,Travel_Rarely,121.0,Sales,27,3.0,Marketing,283,2,Female,35.0,3.0,3.0,Sales Executive,4,Married,4967.0,24525.0,1,No,22.0,4.0,4.0,3.0,10,3.0,2,10,4.0,1.0,9.0
46,No,Travel_Frequently,638.0,Research & Development,1,3.0,Medical,124,3,Male,40.0,2.0,3.0,Healthcare Representative,1,Married,10673.0,3142.0,2,Yes,13.0,3.0,3.0,1.0,21,5.0,2,10,9.0,9.0,5.0
38,No,Travel_Rarely,770.0,Sales,10,4.0,Marketing,1119,3,Male,73.0,2.0,3.0,Sales Executive,3,Divorced,8740.0,5569.0,0,Yes,14.0,3.0,2.0,2.0,10,2.0,3,8,7.0,2.0,7.0
27,No,Travel_Rarely,1054.0,Research & Development,8,3.0,Medical,1751,3,Female,67.0,3.0,1.0,Research Scientist,4,Single,3445.0,6152.0,1,No,11.0,3.0,3.0,0.0,6,5.0,2,6,2.0,1.0,4.0
28,Yes,Travel_Rarely,1003.0,Research & Development,4,3.0,Technical Degree,2650,4,Female,87.0,3.0,1.0,Research Scientist,1,Single,2657.0,8556.0,5,Yes,14.0,3.0,3.0,0.0,7,5.0,3,8,2.0,0.0,4.0
45,No,Travel_Rarely,951.0,Sales,5,2.0,Technical Degree,2485,3,Male,45.0,1.0,2.0,Sales Representative,3,Single,4967.0,12388.0,0,No,13.0,3.0,1.0,0.0,12,3.0,3,8,7.0,3.0,1.0
38,No,Travel_Rarely,1014.0,Research & Development,3,4.0,Life Sciences,2079,2,Male,83.0,1.0,2.0,Research Scientist,4,Single,4967.0,19365.0,1,No,13.0,3.0,2.0,0.0,19,3.0,3,18,11.0,11.0,8.0
42,No,Travel_Rarely,1128.0,Research & Development,13,3.0,Medical,1803,2,Male,95.0,4.0,2.0,Healthcare Representative,1,Married,5538.0,5696.0,5,No,18.0,3.0,3.0,2.0,10,2.0,2,0,0.0,0.0,0.0
41,No,Non-Travel,267.0,Sales,10,2.0,Life Sciences,599,4,Male,56.0,3.0,2.0,Sales Executive,4,Single,6230.0,13430.0,7,No,14.0,3.0,4.0,0.0,16,3.0,3,14,3.0,1.0,10.0
30,No,Travel_Rarely,529.0,Research & Development,3,3.0,Technical Degree,2430,4,Male,76.0,3.0,1.0,Research Scientist,1,Single,2438.0,11286.0,1,No,15.0,3.0,4.0,0.0,1,4.0,3,3,2.0,1.0,2.0
55,No,Travel_Rarely,685.0,Sales,26,5.0,Marketing,1578,3,Male,60.0,2.0,5.0,Manager,4,Married,16679.875,23037.0,1,No,21.0,4.0,3.0,1.0,36,3.0,3,36,6.0,2.0,13.0
34,No,Travel_Rarely,304.0,Sales,2,3.0,Other,786,4,Male,60.0,3.0,2.0,Sales Executive,4,Single,6274.0,18686.0,1,No,22.0,4.0,3.0,0.0,6,5.0,3,6,5.0,1.0,4.0
42,No,Travel_Rarely,783.0,Research & Development,8,4.0,Other,2197,2,Male,48.0,2.0,4.0,Research Director,4,Divorced,16629.0,2672.0,4,Yes,15.0,3.0,3.0,1.0,20,3.0,2,3,0.0,0.0,0.0
32,No,Travel_Rarely,604.0,Sales,8,3.0,Medical,1304,3,Male,56.0,4.0,2.0,Sales Executive,4,Married,6209.0,11693.0,1,No,15.0,3.0,3.0,2.0,10,4.0,4,10,7.0,0.0,8.0
34,No,Travel_Frequently,200.0,Research & Development,17,2.0,Life Sciences,2280,3,Male,58.0,3.0,3.0,Manufacturing Director,4,Single,9365.0,19942.0,2,No,11.0,3.0,3.0,0.0,9,2.0,3,0,2.0,2.0,2.0
32,No,Travel_Rarely,469.0,Research & Development,7,4.0,Life Sciences,2713,4,Male,84.0,2.0,2.0,Manufacturing Director,1,Married,5954.0,23689.0,6,No,13.0,3.0,2.0,1.0,10,3.0,3,13,9.0,5.0,9.0
21,Yes,Travel_Rarely,1334.0,Research & Development,10,3.0,Life Sciences,1079,3,Female,36.0,2.0,1.0,Laboratory Technician,1,Single,1416.0,17258.0,1,No,13.0,3.0,1.0,0.0,1,6.0,2,1,0.0,1.0,0.0
26,No,Travel_Rarely,652.0,Research & Development,7,3.0,Other,1417,3,Male,100.0,4.0,1.0,Laboratory Technician,1,Single,3578.0,23577.0,0,No,12.0,3.0,4.0,0.0,8,2.0,3,7,7.0,0.0,7.0
37,No,Non-Travel,1063.0,Research & Development,25,5.0,Medical,529,2,Female,72.0,3.0,2.0,Research Scientist,3,Married,4449.0,23866.0,2,Yes,15.0,3.0,1.0,2.0,15,2.0,3,13,11.0,10.0,7.0
47,No,Travel_Frequently,1379.0,Research & Development,16,4.0,Medical,987,3,Male,64.0,4.0,2.0,Manufacturing Director,3,Divorced,5067.0,6759.0,1,Yes,19.0,3.0,3.0,0.0,20,3.0,4,19,10.0,2.0,7.0
34,No,Travel_Rarely,167.0,Research & Development,8,5.0,Life Sciences,775,2,Female,32.0,3.0,2.0,Manufacturing Director,1,Divorced,5121.0,4187.0,3,No,14.0,3.0,3.0,1.0,7,3.0,3,0,0.0,0.0,0.0
37,Yes,Non-Travel,1480.0,Sales,22,3.0,Life Sciences,2310,2,Female,101.0,4.0,4.0,Sales Executive,3,Single,13191.0,17071.0,4,Yes,15.0,3.0,4.0,0.0,19,2.0,2,1,0.0,0.0,0.0
21,No,Non-Travel,829.0,Sales,12,2.0,Life Sciences,2359,4,Female,79.0,3.0,1.0,Sales Representative,2,Married,2032.0,7100.0,1,No,13.0,3.0,3.0,1.0,0,2.0,3,0,0.0,0.0,0.0
39,No,Travel_Rarely,1280.0,Human Resources,7,3.0,Life Sciences,2111,1,Male,77.0,2.0,1.0,Human Resources,1,Married,2340.0,8636.0,0,No,19.0,4.0,3.0,0.0,9,3.0,3,5,4.0,0.0,3.0
55,No,Travel_Rarely,282.0,Research & Development,2,2.0,Medical,1336,4,Female,58.0,1.0,5.0,Manager,3,Married,16679.875,6992.0,4,No,14.0,3.0,4.0,1.0,23,5.0,3,19,9.0,9.0,11.0
34,No,Travel_Rarely,511.0,Sales,3,2.0,Life Sciences,1779,4,Female,32.0,1.0,2.0,Sales Executive,4,Single,6029.0,25353.0,2,No,12.0,3.0,1.0,0.0,6,3.0,3,2,2.0,2.0,2.0
33,No,Travel_Frequently,556.0,Research & Development,4,4.0,Life Sciences,2141,4,Female,71.0,3.0,3.0,Manager,2,Married,11877.0,23365.0,6,No,10.0,3.0,2.0,2.0,14,2.0,3,7,6.0,8.0,8.0
32,Yes,Non-Travel,1474.0,Sales,11,4.0,Other,631,4,Male,60.0,4.0,2.0,Sales Executive,3,Married,4707.0,23914.0,8,No,12.0,3.0,4.0,0.0,6,2.0,3,4,2.0,1.0,2.0
39,No,Travel_Rarely,1498.0,Sales,21,4.0,Life Sciences,1390,1,Male,44.0,2.0,2.0,Sales Executive,4,Married,6120.0,3567.0,3,Yes,12.0,3.0,4.0,2.0,8,2.0,4,5,4.0,1.0,4.0
39,No,Travel_Rarely,1462.0,Sales,6,3.0,Medical,1588,4,Male,38.0,4.0,3.0,Sales Executive,3,Married,8237.0,4658.0,2,No,11.0,3.0,1.0,1.0,11,3.0,3,7,6.0,7.0,6.0
28,No,Travel_Rarely,950.0,Research & Development,3,3.0,Medical,1121,4,Female,93.0,3.0,3.0,Manufacturing Director,2,Divorced,7655.0,8039.0,0,No,17.0,3.0,2.0,3.0,10,3.0,2,9,7.0,1.0,7.0
34,No,Travel_Rarely,147.0,Research & Development,2,4.0,Medical,2629,3,Female,50.0,2.0,1.0,Research Scientist,2,Married,2623.0,13250.0,6,No,22.0,4.0,4.0,0.0,7,3.0,3,5,2.0,1.0,1.0
36,No,Travel_Frequently,957.0,Research & Development,28,3.0,Medical,171,2,Female,72.0,4.0,1.0,Research Scientist,3,Single,4739.0,16090.0,4,No,12.0,3.0,4.0,0.0,18,2.0,3,3,2.0,1.0,2.0
35,Yes,Travel_Frequently,662.0,Sales,18,4.0,Marketing,1380,4,Female,67.0,3.0,2.0,Sales Executive,3,Married,4614.0,23288.0,0,Yes,18.0,3.0,3.0,1.0,5,0.0,2,4,2.0,3.0,2.0
34,No,Travel_Frequently,669.0,Research & Development,1,3.0,Medical,1184,4,Male,97.0,2.0,2.0,Healthcare Representative,1,Single,5343.0,25755.0,0,No,20.0,4.0,3.0,0.0,14,3.0,3,13,9.0,4.0,9.0
40,No,Non-Travel,927.0,Research & Development,19,2.0,Medical,2567,3,Female,34.0,3.0,2.0,Manufacturing Director,3,Divorced,5268.0,16437.0,2,No,15.0,3.0,2.0,1.0,14,5.0,3,5,3.0,0.0,2.0
28,No,Non-Travel,1476.0,Research & Development,1,3.0,Life Sciences,1315,3,Female,55.0,1.0,2.0,Laboratory Technician,4,Married,6674.0,16392.0,0,No,11.0,3.0,1.0,3.0,10,6.0,3,9,8.0,7.0,5.0
34,Yes,Travel_Rarely,699.0,Research & Development,6,1.0,Medical,31,2,Male,83.0,3.0,1.0,Research Scientist,1,Single,2960.0,17102.0,2,No,11.0,3.0,3.0,0.0,8,2.0,3,4,2.0,1.0,3.0
34,No,Travel_Rarely,1111.0,Sales,8,2.0,Life Sciences,808,3,Female,93.0,3.0,2.0,Sales Executive,1,Married,6500.0,13305.0,5,No,17.0,3.0,2.0,1.0,6,1.0,3,3,2.0,1.0,2.0
40,No,Travel_Rarely,555.0,Research & Development,2,3.0,Medical,521,2,Female,78.0,2.0,2.0,Laboratory Technician,3,Married,3448.0,13436.0,6,No,22.0,4.0,2.0,1.0,20,3.0,3,1,0.0,0.0,0.0
31,No,Travel_Rarely,1232.0,Research & Development,7,4.0,Medical,462,3,Female,39.0,3.0,3.0,Manufacturing Director,4,Single,7143.0,25713.0,1,Yes,14.0,3.0,3.0,0.0,11,2.0,2,11,9.0,4.0,10.0
52,No,Travel_Rarely,319.0,Research & Development,3,3.0,Medical,543,3,Male,39.0,2.0,3.0,Manufacturing Director,3,Married,7969.0,19609.0,2,Yes,14.0,3.0,3.0,0.0,28,4.0,3,5,4.0,0.0,4.0
21,No,Travel_Frequently,568.0,Research & Development,4,1.0,Technical Degree,2424,1,Female,33.0,3.0,1.0,Research Scientist,4,Single,3760.0,17216.0,1,Yes,12.0,3.0,3.0,0.0,4,2.0,3,6,3.0,1.0,3.0
29,No,Non-Travel,1496.0,Research & Development,1,1.0,Technical Degree,208,4,Male,41.0,3.0,2.0,Manufacturing Director,3,Married,4319.0,26283.0,1,No,13.0,3.0,1.0,1.0,10,1.0,3,10,7.0,0.0,9.0
34,No,Travel_Frequently,735.0,Research & Development,22,4.0,Other,1932,3,Male,86.0,2.0,2.0,Research Scientist,4,Married,5747.0,26496.0,1,Yes,15.0,3.0,2.0,0.0,16,3.0,3,15,10.0,6.0,11.0
37,No,Travel_Frequently,946.0,Research & Development,7,3.0,Medical,2096,4,Female,84.0,3.0,3.0,Manufacturing Director,1,Single,10879.0,5080.0,1,Yes,14.0,3.0,3.0,0.0,24,2.0,3,18,6.0,2.0,8.0
37,No,Non-Travel,1413.0,Research & Development,5,2.0,Technical Degree,1440,3,Male,84.0,4.0,1.0,Laboratory Technician,3,Single,3500.0,25470.0,0,No,14.0,3.0,1.0,0.0,7,2.0,1,6,5.0,1.0,3.0
33,No,Travel_Frequently,1146.0,Sales,25,3.0,Medical,1220,2,Female,82.0,3.0,2.0,Sales Executive,3,Married,4539.0,4905.0,1,No,12.0,3.0,1.0,1.0,10,3.0,2,10,7.0,0.0,1.0
47,No,Travel_Rarely,210.0,Research & Development,11,4.0,Life Sciences,2126,2,Female,66.0,3.0,1.0,Laboratory Technician,3,Single,2106.0,5410.0,4,No,12.0,3.0,3.0,0.0,8,2.0,3,0,2.0,2.0,0.0
28,No,Travel_Rarely,1169.0,Human Resources,8,2.0,Medical,869,2,Male,63.0,2.0,1.0,Human Resources,4,Divorced,4936.0,23965.0,1,No,13.0,3.0,4.0,1.0,6,6.0,3,5,1.0,0.0,4.0
39,No,Travel_Rarely,141.0,Human Resources,3,3.0,Human Resources,760,3,Female,44.0,4.0,2.0,Human Resources,2,Married,6389.0,18767.0,9,No,15.0,3.0,3.0,1.0,12,3.0,1,8,3.0,3.0,6.0
40,No,Travel_Rarely,345.0,Sales,13,2.0,Life Sciences,2544,1,Female,102.0,3.0,2.0,Sales Executive,4,Married,5342.0,5984.0,1,No,11.0,3.0,3.0,1.0,9,1.0,3,9,7.0,1.0,9.0
32,Yes,Travel_Rarely,343.0,Sales,1,3.0,Medical,2514,2,Female,51.0,2.0,1.0,Sales Representative,3,Divorced,2798.0,23523.0,6,Yes,19.0,3.0,3.0,3.0,7,3.0,3,4,2.0,0.0,2.0
28,Yes,Travel_Frequently,1496.0,Sales,1,3.0,Technical Degree,1486,3,Male,92.0,3.0,1.0,Sales Representative,3,Married,2909.0,15747.0,3,No,15.0,3.0,4.0,1.0,5,3.0,4,3,2.0,1.0,2.0
32,No,Travel_Frequently,116.0,Research & Development,13,3.0,Other,1234,3,Female,77.0,2.0,1.0,Laboratory Technician,2,Married,2743.0,7331.0,1,No,20.0,4.0,3.0,1.0,2,2.0,3,2,2.0,2.0,2.0
44,Yes,Travel_Rarely,622.0,Research & Development,12,3.0,Medical,2155,1,Female,74.0,3.0,3.0,Healthcare Representative,4,Married,7976.0,14078.0,1,No,14.0,3.0,4.0,1.0,10,2.0,3,10,7.0,0.0,5.0
38,No,Travel_Rarely,1380.0,Research & Development,9,2.0,Life Sciences,245,3,Female,75.0,3.0,1.0,Laboratory Technician,4,Single,2288.0,6319.0,1,No,12.0,3.0,3.0,0.0,2,3.0,3,2,2.0,2.0,1.0
52,Yes,Travel_Rarely,1030.0,Sales,5,3.0,Life Sciences,1319,2,Male,64.0,3.0,3.0,Sales Executive,2,Single,8446.0,21534.0,9,Yes,19.0,3.0,3.0,0.0,10,2.0,2,8,7.0,7.0,7.0
34,No,Travel_Rarely,1440.0,Sales,7,2.0,Technical Degree,1541,2,Male,55.0,3.0,1.0,Sales Representative,3,Married,2308.0,4944.0,0,Yes,25.0,4.0,2.0,1.0,12,4.0,3,11,10.0,5.0,7.0
35,No,Travel_Rarely,809.0,Research & Development,16,3.0,Medical,14,1,Male,84.0,4.0,1.0,Laboratory Technician,2,Married,2426.0,16479.0,0,No,13.0,3.0,3.0,1.0,6,5.0,3,5,4.0,0.0,3.0
30,No,Non-Travel,641.0,Sales,25,2.0,Technical Degree,475,3,Female,85.0,3.0,2.0,Sales Executive,3,Married,4736.0,6069.0,7,Yes,12.0,3.0,2.0,1.0,4,2.0,4,2,2.0,2.0,2.0
45,No,Travel_Rarely,1339.0,Research & Development,7,3.0,Life Sciences,86,2,Male,59.0,3.0,3.0,Research Scientist,1,Divorced,9724.0,18787.0,2,No,17.0,3.0,3.0,1.0,25,2.0,3,1,0.0,0.0,0.0
30,No,Travel_Rarely,201.0,Research & Development,5,3.0,Technical Degree,197,4,Female,84.0,3.0,1.0,Research Scientist,1,Divorced,3204.0,10415.0,5,No,14.0,3.0,4.0,1.0,8,3.0,3,3,2.0,2.0,2.0
34,Yes,Travel_Frequently,296.0,Sales,6,2.0,Marketing,555,4,Female,33.0,1.0,1.0,Sales Representative,3,Divorced,2351.0,12253.0,0,No,16.0,3.0,4.0,1.0,3,3.0,2,2,2.0,1.0,0.0
54,No,Travel_Rarely,821.0,Research & Development,5,2.0,Medical,522,1,Male,86.0,3.0,5.0,Research Director,1,Married,16679.875,8509.0,4,No,11.0,3.0,3.0,1.0,24,4.0,2,4,2.0,1.0,2.0
50,No,Travel_Rarely,1207.0,Research & Development,28,1.0,Medical,716,4,Male,74.0,4.0,1.0,Laboratory Technician,3,Married,3221.0,3297.0,1,Yes,11.0,3.0,3.0,3.0,20,3.0,3,20,8.0,3.0,8.0
50,No,Travel_Rarely,1452.0,Research & Development,11,3.0,Life Sciences,226,3,Female,53.0,3.0,5.0,Manager,2,Single,16679.875,17053.0,3,No,15.0,3.0,2.0,0.0,21,5.0,3,5,4.0,4.0,4.0
30,No,Non-Travel,298.0,Research & Development,0,3.0,Life Sciences,2370,4,Male,59.0,3.0,1.0,Laboratory Technician,4,Divorced,2316.0,9145.0,0,No,12.0,3.0,2.0,1.0,6,2.0,3,1,0.0,0.0,2.0
30,No,Travel_Rarely,413.0,Sales,7,1.0,Marketing,585,4,Male,57.0,3.0,1.0,Sales Representative,2,Single,2983.0,18398.0,0,No,14.0,3.0,1.0,0.0,4,3.0,3,3,2.0,1.0,2.0
32,No,Travel_Rarely,234.0,Sales,1,4.0,Medical,2013,2,Male,68.0,2.0,1.0,Sales Representative,2,Married,2269.0,18024.0,0,No,14.0,3.0,2.0,1.0,3,2.0,3,2,2.0,2.0,2.0
31,No,Non-Travel,696.0,Research & Development,11,3.0,Medical,2137,3,Female,43.0,3.0,3.0,Research Director,3,Married,11031.0,26863.0,4,No,22.0,4.0,3.0,1.0,13,2.0,4,9,7.0,4.0,8.0
33,No,Travel_Frequently,515.0,Research & Development,1,2.0,Life Sciences,73,1,Female,98.0,3.0,3.0,Research Director,4,Single,13458.0,15146.0,1,Yes,12.0,3.0,3.0,0.0,15,1.0,3,15,14.0,8.0,12.0
25,No,Travel_Rarely,959.0,Sales,28,3.0,Life Sciences,183,1,Male,41.0,2.0,2.0,Sales Executive,3,Married,8639.0,24835.0,2,No,18.0,3.0,4.0,0.0,6,3.0,3,2,2.0,2.0,2.0
45,No,Travel_Rarely,1173.0,Human Resources,26,4.0,Life Sciences,2532,4,Female,99.0,3.0,5.0,Manager,3,Married,4967.0,5217.0,3,No,12.0,3.0,3.0,1.0,25,2.0,3,5,2.0,1.0,0.0
37,No,Travel_Rarely,290.0,Research & Development,21,3.0,Life Sciences,267,2,Male,65.0,4.0,1.0,Research Scientist,1,Married,3564.0,22977.0,1,Yes,12.0,3.0,1.0,1.0,8,3.0,2,8,7.0,1.0,7.0
46,No,Travel_Rarely,1320.0,Sales,0,3.0,Technical Degree,2242,1,Female,48.0,4.0,4.0,Sales Executive,1,Divorced,13227.0,7740.0,2,No,11.0,3.0,4.0,1.0,10,5.0,3,16,17.0,2.0,8.0
35,No,Travel_Rarely,660.0,Sales,7,1.0,Life Sciences,1492,4,Male,76.0,3.0,1.0,Sales Representative,3,Married,2404.0,16192.0,1,No,13.0,3.0,1.0,1.0,1,3.0,3,1,0.0,0.0,0.0
39,No,Travel_Frequently,443.0,Research & Development,8,1.0,Life Sciences,602,3,Female,48.0,3.0,1.0,Laboratory Technician,3,Married,3755.0,17872.0,1,No,11.0,3.0,1.0,1.0,8,3.0,3,8,3.0,0.0,7.0
29,No,Travel_Rarely,1396.0,Sales,10,3.0,Life Sciences,749,3,Male,99.0,3.0,1.0,Sales Representative,3,Single,2642.0,2755.0,1,No,11.0,3.0,3.0,0.0,1,6.0,3,1,0.0,0.0,0.0
41,No,Travel_Frequently,1200.0,Research & Development,22,3.0,Life Sciences,1392,4,Female,75.0,3.0,2.0,Research Scientist,4,Divorced,5467.0,13953.0,3,Yes,14.0,3.0,1.0,2.0,12,4.0,2,6,2.0,3.0,3.0
25,No,Travel_Rarely,1102.0,Research & Development,12,3.0,Life Sciences,2515,1,Male,39.0,3.0,1.0,Research Scientist,1,Married,2235.0,14380.0,1,Yes,16.0,3.0,4.0,2.0,6,3.0,3,11,7.0,6.0,8.0
48,No,Travel_Rarely,855.0,Research & Development,4,3.0,Life Sciences,1363,4,Male,54.0,3.0,3.0,Manufacturing Director,4,Single,7898.0,18706.0,1,No,11.0,3.0,3.0,0.0,11,2.0,3,10,9.0,0.0,8.0
38,No,Travel_Frequently,1394.0,Research & Development,8,3.0,Medical,1937,4,Female,58.0,2.0,2.0,Research Scientist,2,Divorced,2133.0,18115.0,1,Yes,16.0,3.0,3.0,1.0,20,3.0,3,20,11.0,0.0,7.0
24,No,Travel_Rarely,514.0,Sales,7,2.0,Medical,2322,1,Female,87.0,4.0,2.0,Sales Executive,3,Single,6499.0,26997.0,0,No,13.0,3.0,2.0,0.0,8,5.0,2,8,7.0,0.0,7.0
45,No,Travel_Rarely,1268.0,Sales,4,2.0,Life Sciences,240,3,Female,30.0,3.0,2.0,Sales Executive,1,Divorced,5006.0,6319.0,4,Yes,11.0,3.0,1.0,1.0,9,3.0,4,5,4.0,0.0,3.0
33,No,Travel_Rarely,1439.0,Research & Development,6,3.0,Medical,2364,4,Female,49.0,2.0,3.0,Healthcare Representative,2,Single,8624.0,17654.0,1,No,13.0,3.0,2.0,0.0,8,3.0,4,8,7.0,7.0,7.0
29,No,Travel_Rarely,1247.0,Sales,20,2.0,Marketing,349,4,Male,45.0,3.0,2.0,Sales Executive,4,Divorced,6931.0,10732.0,2,No,14.0,3.0,4.0,1.0,10,2.0,3,3,2.0,0.0,2.0
35,No,Non-Travel,208.0,Research & Development,8,4.0,Life Sciences,1630,3,Female,52.0,3.0,2.0,Healthcare Representative,3,Married,4148.0,12250.0,1,No,12.0,3.0,4.0,1.0,15,5.0,3,14,11.0,2.0,9.0
30,Yes,Travel_Frequently,464.0,Research & Development,4,3.0,Technical Degree,514,3,Male,40.0,3.0,1.0,Research Scientist,4,Single,2285.0,3427.0,9,Yes,23.0,4.0,3.0,0.0,3,4.0,3,1,0.0,0.0,0.0
48,No,Travel_Rarely,163.0,Sales,2,5.0,Marketing,595,2,Female,37.0,3.0,2.0,Sales Executive,4,Married,4051.0,19658.0,2,No,14.0,3.0,1.0,1.0,14,2.0,3,9,7.0,6.0,7.0
32,No,Travel_Rarely,824.0,Research & Development,5,2.0,Life Sciences,1555,4,Female,67.0,2.0,2.0,Research Scientist,2,Married,5878.0,15624.0,2,No,12.0,3.0,1.0,1.0,12,2.0,3,7,1.0,2.0,5.0
39,No,Travel_Rarely,310.0,Sales,7,4.0,Life Sciences,2644,4,Female,91.0,2.0,2.0,Sales Executive,4,Divorced,6691.0,24226.0,2,Yes,11.0,3.0,3.0,3.0,7,5.0,3,1,0.0,0.0,0.0
29,Yes,Travel_Rarely,906.0,Research & Development,10,3.0,Life Sciences,994,4,Female,92.0,2.0,1.0,Research Scientist,1,Single,2404.0,11479.0,6,Yes,20.0,4.0,3.0,0.0,3,5.0,3,0,0.0,0.0,0.0
40,No,Travel_Frequently,593.0,Research & Development,9,4.0,Medical,1166,2,Female,88.0,3.0,3.0,Research Director,3,Single,13499.0,13782.0,9,No,17.0,3.0,3.0,0.0,20,3.0,2,18,7.0,2.0,13.0
22,No,Travel_Rarely,1473.0,Sales,3,1.0,Medical,2386,4,Female,41.0,3.0,2.0,Sales Executive,3,Married,4165.0,15209.0,1,Yes,12.0,3.0,3.0,2.0,8,3.0,3,6,4.0,0.0,3.0
26,No,Travel_Rarely,583.0,Research & Development,4,2.0,Life Sciences,1275,3,Male,53.0,3.0,1.0,Research Scientist,4,Single,4967.0,9973.0,1,Yes,20.0,4.0,2.0,0.0,8,2.0,2,8,5.0,2.0,2.0
46,Yes,Travel_Rarely,669.0,Sales,9,2.0,Medical,118,3,Male,64.0,2.0,3.0,Sales Executive,3,Single,9619.0,13596.0,1,No,16.0,3.0,4.0,0.0,9,3.0,3,9,8.0,4.0,7.0
50,No,Travel_Rarely,796.0,Research & Development,7,1.0,Life Sciences,2181,1,Male,99.0,3.0,5.0,Research Director,2,Divorced,16679.875,15815.0,3,No,12.0,3.0,1.0,2.0,29,4.0,2,10,4.0,1.0,6.0
50,No,Travel_Rarely,1467.0,Research & Development,5,4.0,Life Sciences,2433,2,Male,79.0,2.0,3.0,Research Director,2,Married,12492.0,15734.0,5,No,17.0,3.0,4.0,2.0,18,5.0,1,8,9.0,4.0,7.0
54,No,Travel_Rarely,431.0,Research & Development,7,4.0,Medical,1830,4,Female,68.0,3.0,2.0,Research Scientist,4,Married,6854.0,15696.0,4,No,15.0,3.0,2.0,1.0,14,2.0,2,7,1.0,1.0,7.0
46,No,Travel_Frequently,1034.0,Research & Development,18,1.0,Medical,624,1,Female,86.0,3.0,3.0,Healthcare Representative,3,Married,10527.0,8984.0,5,No,11.0,3.0,4.0,0.0,28,3.0,3,2,2.0,1.0,2.0
41,Yes,Travel_Rarely,1102.0,Sales,1,2.0,Life Sciences,1,2,Female,94.0,3.0,2.0,Sales Executive,4,Single,5993.0,19479.0,2,Yes,11.0,3.0,1.0,0.0,8,0.0,1,6,4.0,0.0,5.0
29,No,Travel_Frequently,411.0,Research & Development,0,1.0,Life Sciences,2259,4,Female,94.0,3.0,1.0,Laboratory Technician,2,Married,3177.0,4670.0,0,No,16.0,3.0,3.0,3.0,6,3.0,3,1,2.0,0.0,2.0
34,No,Travel_Frequently,1003.0,Research & Development,2,2.0,Life Sciences,1140,4,Male,95.0,3.0,2.0,Manufacturing Director,3,Single,4033.0,15834.0,2,No,11.0,3.0,4.0,0.0,5,3.0,2,3,2.0,0.0,2.0
34,No,Travel_Rarely,829.0,Human Resources,3,2.0,Human Resources,847,3,Male,88.0,3.0,1.0,Human Resources,4,Married,3737.0,2243.0,0,No,19.0,3.0,3.0,1.0,4,1.0,1,3,2.0,0.0,2.0
40,No,Non-Travel,663.0,Research & Development,9,4.0,Other,1449,3,Male,81.0,3.0,2.0,Laboratory Technician,3,Divorced,4967.0,23099.0,3,No,11.0,3.0,3.0,2.0,11,2.0,4,8,7.0,0.0,7.0
29,No,Travel_Rarely,352.0,Human Resources,6,1.0,Medical,1865,4,Male,87.0,2.0,1.0,Human Resources,2,Married,2804.0,15434.0,2,No,11.0,3.0,4.0,0.0,1,3.0,3,1,0.0,0.0,0.0
29,No,Travel_Frequently,995.0,Research & Development,2,1.0,Life Sciences,1590,1,Male,87.0,3.0,2.0,Healthcare Representative,4,Divorced,8853.0,24483.0,1,No,19.0,3.0,4.0,1.0,6,0.0,4,6,4.0,1.0,3.0
31,No,Non-Travel,976.0,Research & Development,3,2.0,Medical,1948,3,Male,48.0,3.0,1.0,Research Scientist,1,Divorced,3065.0,3995.0,1,Yes,13.0,3.0,4.0,1.0,4,3.0,4,4,2.0,2.0,3.0
33,No,Travel_Frequently,1141.0,Sales,1,3.0,Life Sciences,52,3,Female,42.0,4.0,2.0,Sales Executive,1,Married,5376.0,3193.0,2,No,19.0,3.0,1.0,2.0,10,3.0,3,5,3.0,1.0,3.0
51,No,Travel_Rarely,1285.0,Research & Development,2,3.0,Other,2130,3,Female,57.0,3.0,5.0,Manager,3,Divorced,16679.875,10737.0,4,No,8.0,3.0,4.0,1.0,10,3.0,2,13,13.0,4.0,8.0
31,Yes,Travel_Frequently,667.0,Sales,1,4.0,Life Sciences,1427,2,Female,50.0,1.0,1.0,Sales Representative,3,Single,1359.0,16154.0,1,No,12.0,3.0,2.0,0.0,1,3.0,3,1,0.0,0.0,0.0
46,No,Travel_Rarely,991.0,Human Resources,1,2.0,Life Sciences,1314,4,Female,44.0,3.0,1.0,Human Resources,3,Single,3423.0,22957.0,6,No,12.0,3.0,3.0,0.0,10,3.0,4,5,6.0,5.0,7.0
47,No,Travel_Rarely,1454.0,Sales,2,4.0,Life Sciences,925,4,Female,65.0,2.0,1.0,Sales Representative,4,Single,3294.0,13137.0,1,Yes,18.0,3.0,1.0,0.0,3,3.0,2,3,2.0,1.0,2.0
45,No,Travel_Rarely,561.0,Sales,2,3.0,Other,606,4,Male,61.0,3.0,2.0,Sales Executive,2,Married,4805.0,16177.0,0,No,19.0,3.0,2.0,1.0,9,3.0,4,8,7.0,3.0,7.0
28,Yes,Non-Travel,1366.0,Research & Development,24,2.0,Technical Degree,1082,2,Male,72.0,2.0,3.0,Healthcare Representative,1,Single,8722.0,12355.0,1,No,12.0,3.0,1.0,0.0,10,2.0,2,10,7.0,1.0,9.0
39,No,Travel_Rarely,1387.0,Research & Development,10,5.0,Medical,1618,2,Male,76.0,3.0,2.0,Manufacturing Director,1,Married,5377.0,3835.0,2,No,13.0,3.0,4.0,3.0,10,3.0,3,7,7.0,7.0,7.0
19,Yes,Travel_Rarely,303.0,Research & Development,2,3.0,Life Sciences,243,3,Male,47.0,2.0,1.0,Laboratory Technician,4,Single,1102.0,9241.0,1,No,22.0,4.0,3.0,0.0,1,3.0,2,1,0.0,1.0,0.0
51,Yes,Travel_Frequently,1150.0,Research & Development,8,4.0,Life Sciences,179,1,Male,53.0,1.0,3.0,Manufacturing Director,4,Single,10650.0,25150.0,2,No,15.0,3.0,4.0,0.0,18,2.0,3,4,2.0,0.0,3.0
29,Yes,Travel_Rarely,318.0,Research & Development,8,4.0,Other,454,2,Male,77.0,1.0,1.0,Laboratory Technician,1,Married,2119.0,4759.0,1,Yes,11.0,3.0,4.0,0.0,7,4.0,2,7,7.0,0.0,7.0
36,No,Travel_Rarely,922.0,Research & Development,3,2.0,Life Sciences,155,1,Female,39.0,3.0,1.0,Laboratory Technician,4,Divorced,2835.0,2561.0,5,No,22.0,4.0,1.0,1.0,7,2.0,3,1,0.0,0.0,0.0
36,No,Travel_Frequently,200.0,Research & Development,18,2.0,Life Sciences,1412,3,Male,60.0,3.0,3.0,Manufacturing Director,4,Single,9362.0,19944.0,2,No,11.0,3.0,3.0,0.0,10,2.0,3,2,2.0,2.0,2.0
36,No,Travel_Rarely,692.0,Research & Development,0,3.0,Life Sciences,2072,4,Female,88.0,2.0,4.0,Research Director,3,Divorced,16121.0,3422.0,3,No,15.0,3.0,2.0,2.0,6,2.0,2,7,7.0,1.0,7.0
32,No,Travel_Rarely,1062.0,Research & Development,2,3.0,Medical,471,3,Female,75.0,3.0,1.0,Laboratory Technician,2,Married,2370.0,3956.0,1,No,13.0,3.0,3.0,1.0,8,4.0,3,8,0.0,0.0,7.0
53,No,Travel_Rarely,661.0,Sales,7,2.0,Marketing,862,1,Female,78.0,2.0,3.0,Sales Executive,4,Married,10934.0,20715.0,7,Yes,18.0,3.0,4.0,1.0,35,3.0,3,5,2.0,0.0,4.0
35,Yes,Travel_Rarely,556.0,Research & Development,23,2.0,Life Sciences,261,2,Male,50.0,2.0,2.0,Manufacturing Director,3,Married,5916.0,15497.0,3,Yes,13.0,3.0,1.0,0.0,8,1.0,3,1,0.0,0.0,1.0
38,No,Travel_Frequently,837.0,Research & Development,12,3.0,Medical,2615,1,Male,67.0,3.0,5.0,Research Director,3,Divorced,16679.875,3736.0,2,No,19.0,3.0,2.0,1.0,18,2.0,4,18,16.0,0.0,11.0
35,No,Travel_Rarely,532.0,Research & Development,4,3.0,Technical Degree,2443,4,Male,80.0,3.0,1.0,Research Scientist,1,Single,2436.0,11287.0,1,No,14.0,3.0,4.0,0.0,3,4.0,3,4,2.0,1.0,2.0
36,No,Travel_Rarely,216.0,Research & Development,6,2.0,Medical,178,2,Male,84.0,3.0,2.0,Manufacturing Director,2,Divorced,4941.0,2819.0,6,No,20.0,4.0,4.0,2.0,7,0.0,3,3,2.0,0.0,1.0
39,Yes,Travel_Rarely,1353.0,Sales,20,2.0,Marketing,2329,2,Female,70.0,3.0,1.0,Sales Representative,2,Single,3142.0,21731.0,1,Yes,23.0,4.0,4.0,0.0,7,5.0,2,4,3.0,0.0,2.0
26,No,Travel_Rarely,775.0,Sales,29,2.0,Medical,618,1,Male,45.0,3.0,2.0,Sales Executive,3,Divorced,4306.0,4267.0,5,No,12.0,3.0,1.0,2.0,8,5.0,3,0,0.0,0.0,0.0
27,No,Travel_Rarely,1240.0,Research & Development,2,4.0,Life Sciences,54,4,Female,33.0,3.0,1.0,Laboratory Technician,1,Divorced,2341.0,19715.0,1,No,13.0,3.0,4.0,1.0,1,6.0,3,1,0.0,0.0,0.0
46,No,Travel_Rarely,566.0,Research & Development,7,2.0,Medical,1007,4,Male,75.0,3.0,3.0,Manufacturing Director,3,Divorced,10845.0,24208.0,6,No,13.0,3.0,2.0,1.0,13,3.0,3,8,7.0,0.0,7.0
35,No,Travel_Rarely,1219.0,Sales,18,3.0,Medical,975,3,Female,86.0,3.0,2.0,Sales Executive,3,Married,4601.0,6179.0,1,No,16.0,3.0,2.0,0.0,5,3.0,3,5,2.0,1.0,0.0
35,Yes,Travel_Frequently,130.0,Research & Development,25,4.0,Life Sciences,881,4,Female,96.0,3.0,1.0,Research Scientist,2,Divorced,2022.0,16612.0,1,Yes,19.0,3.0,1.0,1.0,10,3.0,2,10,2.0,7.0,8.0
36,No,Non-Travel,845.0,Sales,1,5.0,Medical,479,4,Female,45.0,3.0,2.0,Sales Executive,4,Single,6653.0,15276.0,4,No,15.0,3.0,2.0,0.0,7,6.0,3,1,0.0,0.0,0.0
47,No,Travel_Rarely,207.0,Research & Development,9,4.0,Life Sciences,1856,2,Female,64.0,3.0,1.0,Laboratory Technician,3,Single,2105.0,5411.0,4,No,12.0,3.0,3.0,0.0,7,2.0,3,2,2.0,2.0,0.0
27,Yes,Travel_Rarely,382.0,Sales,6,2.0,Life Sciences,2645,1,Male,70.0,2.0,1.0,Sales Representative,3,Married,4399.0,15184.0,3,No,10.0,3.0,1.0,0.0,5,2.0,3,3,2.0,2.0,2.0
32,No,Travel_Frequently,430.0,Research & Development,24,4.0,Life Sciences,772,1,Male,80.0,3.0,2.0,Laboratory Technician,4,Married,4967.0,21146.0,1,No,15.0,3.0,4.0,2.0,10,2.0,3,10,8.0,4.0,7.0
39,Yes,Travel_Frequently,203.0,Research & Development,2,3.0,Life Sciences,1127,1,Male,84.0,3.0,4.0,Healthcare Representative,4,Divorced,12169.0,13547.0,7,No,11.0,3.0,4.0,3.0,21,4.0,3,18,7.0,11.0,5.0
25,No,Travel_Rarely,180.0,Research & Development,2,1.0,Medical,854,1,Male,65.0,4.0,1.0,Research Scientist,1,Single,3424.0,21632.0,7,No,13.0,3.0,3.0,0.0,6,3.0,2,4,3.0,0.0,1.0
37,Yes,Travel_Rarely,625.0,Research & Development,1,4.0,Life Sciences,970,1,Male,46.0,2.0,3.0,Sales Executive,3,Married,10609.0,14922.0,5,No,11.0,3.0,3.0,0.0,17,2.0,1,14,1.0,11.0,7.0
51,No,Travel_Rarely,315.0,Sales,9,4.0,Marketing,2573,4,Male,51.0,3.0,1.0,Sales Representative,2,Married,3878.0,9980.0,7,No,18.0,3.0,4.0,1.0,7,2.0,3,3,2.0,2.0,2.0
35,Yes,Travel_Rarely,1219.0,Sales,9,4.0,Life Sciences,2236,3,Male,85.0,2.0,1.0,Sales Representative,1,Single,3408.0,6984.0,7,No,24.0,4.0,2.0,0.0,10,4.0,3,7,3.0,0.0,3.0
46,No,Travel_Rarely,945.0,Human Resources,5,2.0,Medical,103,2,Male,80.0,3.0,2.0,Human Resources,2,Divorced,5021.0,10425.0,2,Yes,22.0,4.0,4.0,1.0,16,2.0,3,4,2.0,0.0,2.0
38,No,Travel_Rarely,328.0,Research & Development,2,4.0,Life Sciences,2665,3,Male,85.0,3.0,1.0,Laboratory Technician,2,Married,2386.0,6765.0,3,No,20.0,4.0,3.0,1.0,10,3.0,3,6,2.0,0.0,3.0
43,No,Travel_Frequently,1001.0,Research & Development,9,5.0,Medical,663,4,Male,72.0,3.0,2.0,Laboratory Technician,3,Divorced,5679.0,19627.0,3,Yes,13.0,3.0,2.0,1.0,10,3.0,3,8,7.0,4.0,7.0
32,No,Travel_Rarely,929.0,Sales,10,3.0,Marketing,722,4,Male,55.0,3.0,2.0,Sales Executive,4,Single,5396.0,21703.0,1,No,12.0,3.0,4.0,0.0,10,2.0,2,10,7.0,0.0,8.0
42,No,Travel_Frequently,748.0,Research & Development,9,2.0,Medical,1480,1,Female,74.0,3.0,1.0,Laboratory Technician,4,Single,3673.0,16458.0,1,No,13.0,3.0,3.0,0.0,12,3.0,3,12,9.0,5.0,8.0
26,No,Non-Travel,1093.0,Research & Development,7,3.0,Life Sciences,2152,3,Male,62.0,2.0,1.0,Laboratory Technician,2,Divorced,2696.0,26549.0,1,No,10.0,3.0,3.0,3.0,0,4.0,3,2,0.0,0.0,0.0
42,No,Travel_Rarely,171.0,Research & Development,5,2.0,Medical,2345,3,Male,76.0,2.0,2.0,Laboratory Technician,3,Divorced,4967.0,10304.0,0,No,14.0,3.0,4.0,1.0,11,3.0,3,8,8.0,0.0,7.0
43,No,Travel_Rarely,448.0,Research & Development,5,3.0,Life Sciences,2342,2,Male,85.0,4.0,2.0,Healthcare Representative,2,Single,6868.0,15532.0,3,No,11.0,3.0,1.0,0.0,8,3.0,1,0,2.0,1.0,2.0
44,No,Travel_Frequently,602.0,Human Resources,1,5.0,Human Resources,1642,1,Male,37.0,3.0,2.0,Human Resources,4,Married,5743.0,10503.0,4,Yes,11.0,3.0,3.0,0.0,14,3.0,3,10,7.0,0.0,2.0
26,No,Travel_Rarely,1349.0,Research & Development,23,3.0,Life Sciences,560,1,Female,90.0,3.0,1.0,Research Scientist,4,Divorced,2886.0,3032.0,1,No,22.0,4.0,2.0,2.0,3,3.0,1,3,2.0,0.0,2.0
34,No,Non-Travel,1354.0,Research & Development,10,4.0,Life Sciences,2591,1,Male,66.0,4.0,1.0,Laboratory Technician,2,Married,2813.0,9235.0,1,No,23.0,4.0,2.0,0.0,6,3.0,3,2,4.0,0.0,2.0
46,No,Travel_Rarely,563.0,Sales,1,4.0,Life Sciences,1602,4,Male,56.0,4.0,4.0,Manager,3,Single,16679.875,3156.0,1,No,15.0,3.0,2.0,0.0,27,5.0,1,26,0.0,0.0,12.0
24,Yes,Travel_Frequently,1287.0,Research & Development,7,3.0,Life Sciences,647,1,Female,55.0,3.0,1.0,Laboratory Technician,3,Married,2886.0,14168.0,1,Yes,16.0,3.0,4.0,1.0,6,4.0,3,6,3.0,1.0,2.0
31,Yes,Travel_Rarely,105.0,Research & Development,22,3.0,Life Sciences,2667,3,Male,47.0,2.0,1.0,Laboratory Technician,3,Single,2029.0,12946.0,5,Yes,17.0,3.0,2.0,0.0,6,4.0,3,7,2.0,0.0,3.0
35,No,Travel_Frequently,828.0,Research & Development,3,4.0,Other,2166,3,Female,82.0,4.0,2.0,Healthcare Representative,2,Married,5488.0,20159.0,1,Yes,11.0,3.0,1.0,1.0,8,2.0,3,5,5.0,1.0,2.0
20,Yes,Travel_Frequently,871.0,Research & Development,6,3.0,Life Sciences,137,4,Female,66.0,2.0,1.0,Laboratory Technician,4,Single,2926.0,19783.0,1,Yes,18.0,3.0,2.0,0.0,10,5.0,3,1,0.0,1.0,0.0
32,Yes,Travel_Rarely,414.0,Research & Development,2,4.0,Marketing,1862,3,Male,82.0,2.0,2.0,Sales Executive,2,Single,9907.0,26186.0,7,Yes,12.0,3.0,3.0,0.0,7,3.0,2,2,2.0,2.0,2.0
21,Yes,Travel_Rarely,1427.0,Research & Development,18,1.0,Other,923,4,Female,65.0,3.0,1.0,Research Scientist,3,Single,2693.0,8870.0,1,No,19.0,3.0,1.0,0.0,1,3.0,2,1,0.0,0.0,0.0
34,No,Non-Travel,865.0,Sales,4,1.0,Life Sciences,2419,3,Female,79.0,3.0,1.0,Sales Representative,1,Divorced,2824.0,14947.0,1,No,14.0,3.0,3.0,3.0,1,3.0,3,1,0.0,0.0,0.0
50,No,Travel_Rarely,804.0,Research & Development,9,3.0,Life Sciences,1030,1,Male,64.0,3.0,1.0,Laboratory Technician,4,Married,2380.0,20165.0,4,No,18.0,3.0,2.0,0.0,8,5.0,3,1,0.0,0.0,0.0
27,Yes,Travel_Rarely,985.0,Research & Development,16,2.0,Life Sciences,2392,4,Female,97.0,3.0,1.0,Laboratory Technician,2,Married,2207.0,3370.0,1,No,16.0,3.0,1.0,1.0,0,3.0,1,3,0.0,0.0,0.0
32,No,Non-Travel,1111.0,Research & Development,32,4.0,Medical,2418,4,Female,68.0,3.0,1.0,Laboratory Technician,3,Single,4023.0,11134.0,2,No,11.0,3.0,2.0,0.0,8,2.0,3,8,7.0,7.0,7.0
35,No,Non-Travel,1097.0,Research & Development,11,2.0,Medical,70,3,Male,79.0,2.0,3.0,Healthcare Representative,1,Married,9884.0,8302.0,2,Yes,13.0,3.0,3.0,1.0,10,3.0,3,4,0.0,2.0,3.0
51,No,Travel_Frequently,541.0,Sales,2,3.0,Marketing,1391,2,Male,52.0,3.0,3.0,Sales Executive,2,Married,10596.0,15395.0,2,No,11.0,3.0,2.0,0.0,14,5.0,3,4,2.0,3.0,2.0
42,No,Travel_Rarely,1209.0,Research & Development,2,3.0,Medical,2128,3,Male,66.0,2.0,1.0,Laboratory Technician,2,Married,4844.0,24053.0,4,No,11.0,3.0,2.0,1.0,3,3.0,3,0,0.0,0.0,0.0
57,No,Travel_Rarely,593.0,Research & Development,1,4.0,Medical,2496,4,Male,91.0,3.0,2.0,Healthcare Representative,3,Married,6752.0,2965.0,2,No,11.0,3.0,3.0,0.0,16,2.0,3,4,2.0,1.0,2.0
35,No,Travel_Frequently,664.0,Research & Development,7,3.0,Medical,88,2,Male,79.0,3.0,1.0,Research Scientist,1,Married,2194.0,5868.0,4,No,13.0,3.0,4.0,1.0,5,2.0,2,3,2.0,1.0,2.0
40,No,Travel_Rarely,463.0,Research & Development,0,1.0,Life Sciences,2635,4,Female,62.0,2.0,4.0,Manufacturing Director,4,Married,12740.0,7063.0,2,No,16.0,3.0,3.0,1.0,18,3.0,3,23,6.0,11.0,8.0
27,No,Travel_Rarely,1134.0,Research & Development,16,4.0,Technical Degree,1001,3,Female,37.0,3.0,1.0,Laboratory Technician,2,Married,2811.0,12086.0,9,No,14.0,3.0,2.0,1.0,4,2.0,3,2,2.0,2.0,2.0
35,No,Travel_Rarely,1402.0,Sales,28,4.0,Life Sciences,1554,2,Female,98.0,2.0,1.0,Sales Representative,3,Married,2430.0,26204.0,0,No,23.0,4.0,1.0,2.0,6,5.0,3,5,3.0,4.0,2.0
31,No,Travel_Frequently,853.0,Research & Development,1,1.0,Life Sciences,1011,3,Female,96.0,3.0,2.0,Manufacturing Director,1,Married,4148.0,11275.0,1,No,12.0,3.0,3.0,1.0,4,1.0,3,4,3.0,0.0,3.0
43,No,Travel_Rarely,1001.0,Research & Development,7,3.0,Life Sciences,451,3,Female,43.0,3.0,3.0,Healthcare Representative,3,Married,9985.0,9262.0,8,No,16.0,3.0,1.0,1.0,10,1.0,2,1,0.0,0.0,0.0
36,No,Travel_Rarely,1432.0,Sales,24,3.0,Life Sciences,2253,1,Female,96.0,3.0,3.0,Sales Executive,1,Single,7637.0,2353.0,7,No,11.0,3.0,4.0,0.0,28,3.0,2,23,16.0,7.0,9.0
28,No,Travel_Frequently,1126.0,Sales,10,4.0,Marketing,2132,1,Female,69.0,3.0,3.0,Sales Executive,1,Married,9635.0,8277.0,2,No,17.0,3.0,4.0,2.0,8,3.0,3,5,2.0,2.0,2.0
41,No,Travel_Rarely,491.0,Research & Development,12,3.0,Medical,2156,4,Male,66.0,3.0,2.0,Manufacturing Director,2,Married,5296.0,7696.0,4,No,21.0,4.0,3.0,0.0,4,3.0,3,4,4.0,1.0,0.0
27,No,Non-Travel,1277.0,Research & Development,8,5.0,Life Sciences,1094,3,Male,87.0,1.0,1.0,Laboratory Technician,3,Married,4621.0,5869.0,1,No,19.0,3.0,4.0,3.0,3,4.0,3,3,2.0,1.0,2.0
34,No,Travel_Rarely,1405.0,Research & Development,3,3.0,Life Sciences,2715,4,Male,47.0,3.0,1.0,Laboratory Technician,4,Married,3209.0,20253.0,0,No,11.0,3.0,3.0,1.0,14,4.0,3,18,13.0,10.0,11.0
34,No,Travel_Rarely,1404.0,Research & Development,4,3.0,Life Sciences,2179,4,Male,50.0,3.0,1.0,Laboratory Technician,4,Married,3211.0,20254.0,0,No,11.0,3.0,3.0,1.0,15,4.0,3,17,13.0,10.0,11.0
38,No,Travel_Rarely,330.0,Research & Development,17,1.0,Life Sciences,1088,3,Female,65.0,2.0,3.0,Healthcare Representative,3,Married,8823.0,24608.0,0,No,18.0,3.0,1.0,1.0,20,4.0,3,19,9.0,1.0,9.0
18,No,Non-Travel,1430.0,Research & Development,17,3.0,Medical,2265,2,Male,32.0,3.0,1.0,Research Scientist,3,Single,1513.0,8018.0,1,No,19.0,3.0,3.0,0.0,3,4.0,1,3,0.0,0.0,0.0
37,No,Travel_Rarely,671.0,Research & Development,19,3.0,Life Sciences,1631,3,Male,85.0,3.0,2.0,Manufacturing Director,3,Married,5768.0,26493.0,3,No,17.0,3.0,1.0,3.0,9,2.0,2,4,3.0,0.0,2.0
36,No,Travel_Rarely,430.0,Research & Development,2,4.0,Other,1847,4,Female,73.0,3.0,2.0,Research Scientist,2,Married,6962.0,19573.0,4,Yes,22.0,4.0,4.0,1.0,15,2.0,3,1,0.0,0.0,0.0
42,No,Non-Travel,495.0,Research & Development,2,1.0,Life Sciences,1334,3,Male,37.0,3.0,4.0,Manager,3,Married,16679.875,26582.0,0,Yes,13.0,3.0,4.0,0.0,21,3.0,2,20,8.0,2.0,10.0
22,No,Non-Travel,457.0,Research & Development,26,2.0,Other,1605,2,Female,85.0,2.0,1.0,Research Scientist,3,Married,2814.0,10293.0,1,Yes,14.0,3.0,2.0,0.0,4,2.0,2,4,2.0,1.0,3.0
44,No,Travel_Rarely,661.0,Research & Development,9,2.0,Life Sciences,913,2,Male,61.0,3.0,1.0,Research Scientist,1,Married,2559.0,7508.0,1,Yes,13.0,3.0,4.0,0.0,8,0.0,3,8,7.0,7.0,1.0
19,Yes,Travel_Rarely,528.0,Sales,7,1.0,Marketing,167,4,Male,50.0,3.0,1.0,Sales Representative,3,Single,1675.0,26820.0,1,Yes,19.0,3.0,4.0,0.0,0,2.0,2,0,0.0,0.0,0.0
41,No,Travel_Rarely,1197.0,Research & Development,3,3.0,Life Sciences,2333,3,Female,55.0,3.0,2.0,Healthcare Representative,4,Divorced,6513.0,9061.0,4,No,20.0,3.0,4.0,1.0,11,3.0,3,5,3.0,0.0,3.0
53,No,Travel_Rarely,693.0,Research & Development,0,3.0,Medical,2702,3,Male,62.0,3.0,4.0,Research Director,3,Married,16679.875,6882.0,5,No,15.0,3.0,4.0,0.0,32,3.0,3,7,3.0,0.0,3.0
47,No,Travel_Rarely,1469.0,Research & Development,20,3.0,Life Sciences,2626,4,Male,50.0,3.0,1.0,Research Scientist,2,Single,3417.0,21156.0,1,No,10.0,3.0,3.0,0.0,6,3.0,2,2,2.0,1.0,3.0
38,No,Travel_Rarely,833.0,Research & Development,18,3.0,Medical,1766,2,Male,60.0,1.0,2.0,Healthcare Representative,4,Married,5811.0,24539.0,3,Yes,16.0,3.0,3.0,1.0,15,2.0,3,1,0.0,1.0,0.0
26,No,Travel_Rarely,723.0,Research & Development,26,1.0,Life Sciences,2327,4,Male,93.0,1.0,2.0,Healthcare Representative,3,Divorced,6382.0,21140.0,8,No,20.0,3.0,4.0,2.0,8,3.0,3,10,0.0,1.0,6.0
41,No,Non-Travel,509.0,Research & Development,2,4.0,Other,616,1,Male,62.0,2.0,2.0,Healthcare Representative,3,Single,6811.0,2112.0,2,Yes,17.0,3.0,1.0,0.0,10,3.0,3,8,7.0,0.0,7.0
30,Yes,Travel_Rarely,740.0,Sales,7,3.0,Life Sciences,1562,2,Male,64.0,2.0,2.0,Sales Executive,1,Married,9714.0,5323.0,1,No,11.0,3.0,4.0,1.0,10,4.0,3,10,8.0,6.0,7.0
31,No,Non-Travel,587.0,Sales,2,4.0,Life Sciences,1324,4,Female,57.0,3.0,3.0,Sales Executive,3,Divorced,9852.0,8935.0,1,Yes,19.0,3.0,1.0,1.0,10,5.0,2,10,8.0,9.0,6.0
39,No,Travel_Rarely,1089.0,Research & Development,6,3.0,Life Sciences,1525,2,Female,32.0,3.0,3.0,Manufacturing Director,2,Single,8376.0,9150.0,4,No,18.0,3.0,4.0,0.0,9,3.0,3,2,0.0,2.0,2.0
26,No,Travel_Frequently,921.0,Research & Development,1,1.0,Medical,1068,1,Female,66.0,2.0,1.0,Research Scientist,3,Divorced,2007.0,25265.0,1,No,13.0,3.0,3.0,2.0,5,5.0,3,5,3.0,1.0,3.0
36,No,Travel_Rarely,132.0,Research & Development,6,3.0,Life Sciences,97,2,Female,55.0,4.0,1.0,Laboratory Technician,4,Married,3038.0,22002.0,3,No,12.0,3.0,2.0,0.0,5,3.0,3,1,0.0,0.0,0.0
42,No,Travel_Rarely,1059.0,Research & Development,9,2.0,Other,1595,4,Male,93.0,2.0,5.0,Manager,4,Single,16679.875,26362.0,8,No,22.0,4.0,4.0,0.0,24,2.0,3,1,0.0,0.0,1.0
38,No,Travel_Frequently,1189.0,Research & Development,1,3.0,Life Sciences,1668,4,Male,90.0,3.0,2.0,Research Scientist,4,Married,4735.0,9867.0,7,No,15.0,3.0,4.0,2.0,19,4.0,4,13,11.0,2.0,9.0
23,No,Travel_Rarely,959.0,Sales,28,3.0,Life Sciences,2338,1,Male,43.0,2.0,2.0,Sales Executive,3,Married,8642.0,24836.0,2,No,20.0,3.0,4.0,0.0,10,3.0,3,0,2.0,2.0,2.0
35,No,Travel_Rarely,195.0,Sales,1,3.0,Medical,620,1,Female,80.0,3.0,2.0,Sales Executive,3,Single,4859.0,6698.0,1,No,16.0,3.0,4.0,0.0,5,3.0,3,5,4.0,0.0,3.0
46,No,Travel_Rarely,1277.0,Sales,7,3.0,Life Sciences,2277,3,Male,74.0,3.0,3.0,Sales Executive,4,Divorced,10365.0,5595.0,4,Yes,11.0,3.0,2.0,1.0,14,5.0,2,13,6.0,0.0,3.0
49,No,Travel_Rarely,1418.0,Research & Development,1,3.0,Technical Degree,887,3,Female,36.0,3.0,1.0,Research Scientist,1,Married,3580.0,10554.0,2,No,16.0,3.0,2.0,1.0,7,2.0,3,4,2.0,0.0,2.0
27,No,Travel_Frequently,770.0,Research & Development,2,1.0,Life Sciences,2619,4,Male,74.0,4.0,2.0,Manufacturing Director,3,Divorced,5205.0,4970.0,1,No,15.0,3.0,3.0,2.0,8,6.0,3,10,7.0,0.0,7.0
34,No,Travel_Rarely,131.0,Sales,2,3.0,Marketing,1281,3,Female,86.0,3.0,2.0,Sales Executive,1,Single,4538.0,6039.0,0,Yes,12.0,3.0,4.0,0.0,4,3.0,3,3,2.0,0.0,2.0
29,No,Travel_Rarely,1283.0,Research & Development,24,3.0,Life Sciences,2654,4,Male,53.0,3.0,1.0,Research Scientist,3,Single,2198.0,18165.0,9,No,15.0,3.0,4.0,0.0,8,4.0,3,6,2.0,1.0,2.0
38,No,Travel_Rarely,243.0,Sales,7,4.0,Marketing,709,4,Female,46.0,2.0,2.0,Sales Executive,4,Single,4028.0,7791.0,0,No,20.0,4.0,1.0,0.0,8,2.0,3,7,7.0,0.0,5.0
40,No,Travel_Frequently,722.0,Research & Development,17,4.0,Medical,2383,1,Male,48.0,2.0,2.0,Laboratory Technician,3,Single,5096.0,11981.0,6,No,13.0,3.0,4.0,0.0,8,6.0,3,0,0.0,0.0,0.0
52,No,Travel_Rarely,1323.0,Research & Development,7,3.0,Life Sciences,316,3,Female,89.0,2.0,1.0,Laboratory Technician,4,Single,3212.0,3300.0,7,No,15.0,3.0,2.0,0.0,6,3.0,2,2,2.0,2.0,2.0
46,No,Travel_Rarely,1485.0,Research & Development,18,3.0,Medical,550,3,Female,87.0,3.0,2.0,Manufacturing Director,3,Divorced,4810.0,26314.0,2,No,14.0,3.0,3.0,1.0,19,5.0,2,10,7.0,0.0,8.0
32,No,Travel_Frequently,1318.0,Sales,10,4.0,Marketing,1853,3,Male,79.0,3.0,2.0,Sales Executive,4,Single,4648.0,26075.0,8,No,13.0,3.0,3.0,0.0,4,2.0,4,0,0.0,0.0,0.0
29,No,Travel_Rarely,1090.0,Sales,10,3.0,Marketing,766,4,Male,83.0,3.0,1.0,Sales Representative,2,Divorced,2297.0,17967.0,1,No,14.0,3.0,4.0,2.0,2,2.0,3,2,2.0,2.0,2.0
44,No,Non-Travel,381.0,Research & Development,7,3.0,Medical,744,1,Male,49.0,1.0,1.0,Laboratory Technician,3,Single,3708.0,2104.0,2,No,14.0,3.0,3.0,0.0,9,5.0,3,5,2.0,1.0,4.0
48,No,Non-Travel,808.0,Research & Development,6,2.0,Life Sciences,2226,3,Male,55.0,3.0,2.0,Laboratory Technician,2,Married,4446.0,23163.0,1,No,11.0,3.0,2.0,0.0,6,5.0,2,6,7.0,0.0,8.0
36,Yes,Travel_Rarely,804.0,Human Resources,3,4.0,Human Resources,2473,3,Male,64.0,3.0,1.0,Human Resources,1,Divorced,2075.0,23651.0,4,Yes,23.0,4.0,4.0,0.0,5,3.0,3,0,2.0,0.0,2.0
35,Yes,Travel_Rarely,1458.0,Sales,10,5.0,Marketing,2224,2,Male,96.0,2.0,2.0,Sales Executive,1,Divorced,6133.0,8658.0,5,Yes,14.0,3.0,2.0,3.0,13,3.0,3,1,2.0,2.0,2.0
29,No,Travel_Rarely,592.0,Research & Development,2,3.0,Technical Degree,2470,4,Female,93.0,2.0,1.0,Research Scientist,1,Divorced,2107.0,10010.0,1,No,12.0,3.0,3.0,1.0,1,2.0,3,2,0.0,0.0,0.0
38,No,Travel_Rarely,201.0,Research & Development,10,3.0,Medical,2015,2,Female,99.0,1.0,3.0,Research Director,3,Married,13206.0,3376.0,3,No,12.0,3.0,1.0,1.0,20,3.0,3,18,16.0,1.0,11.0
29,No,Travel_Frequently,461.0,Research & Development,1,3.0,Life Sciences,1753,4,Male,70.0,4.0,2.0,Healthcare Representative,3,Single,6294.0,23060.0,8,Yes,12.0,3.0,4.0,0.0,10,5.0,4,3,2.0,0.0,2.0
31,No,Travel_Rarely,1222.0,Research & Development,11,4.0,Life Sciences,895,4,Male,48.0,3.0,1.0,Research Scientist,4,Married,2356.0,14871.0,3,Yes,19.0,3.0,2.0,1.0,8,2.0,3,6,4.0,0.0,2.0
50,No,Travel_Rarely,1310.0,Sales,13,4.0,Marketing,2323,4,Female,83.0,3.0,2.0,Sales Executive,4,Single,4506.0,8191.0,3,No,11.0,3.0,3.0,0.0,8,1.0,4,3,1.0,0.0,4.0
31,No,Travel_Rarely,212.0,Research & Development,8,3.0,Medical,2518,3,Male,49.0,3.0,3.0,Research Director,3,Married,11691.0,25993.0,0,No,10.0,3.0,4.0,0.0,11,3.0,3,10,9.0,3.0,7.0
34,No,Travel_Rarely,943.0,Research & Development,9,3.0,Life Sciences,1344,4,Male,86.0,3.0,3.0,Healthcare Representative,4,Divorced,8500.0,5494.0,0,No,11.0,3.0,4.0,1.0,10,0.0,2,9,7.0,1.0,6.0
27,No,Non-Travel,827.0,Sales,15,2.0,Life Sciences,2069,4,Female,75.0,3.0,1.0,Sales Representative,2,Married,2036.0,7101.0,1,No,13.0,3.0,3.0,1.0,2,2.0,3,0,0.0,0.0,0.0
36,No,Travel_Rarely,1425.0,Research & Development,14,1.0,Life Sciences,924,3,Male,68.0,3.0,2.0,Healthcare Representative,4,Married,6586.0,4821.0,0,Yes,17.0,3.0,1.0,1.0,17,2.0,2,16,8.0,4.0,11.0
48,No,Travel_Rarely,194.0,Research & Development,7,4.0,Other,2238,4,Male,51.0,3.0,3.0,Research Director,1,Married,13242.0,15065.0,4,Yes,16.0,3.0,2.0,0.0,19,3.0,4,1,0.0,0.0,0.0
22,No,Travel_Rarely,1231.0,Research & Development,3,2.0,Life Sciences,2208,4,Male,31.0,2.0,2.0,Manufacturing Director,4,Married,4772.0,19143.0,6,No,20.0,4.0,1.0,2.0,10,2.0,3,2,2.0,2.0,2.0
54,No,Travel_Rarely,1082.0,Sales,2,4.0,Life Sciences,1070,3,Female,41.0,2.0,3.0,Sales Executive,3,Married,10686.0,8392.0,6,No,11.0,3.0,2.0,1.0,13,4.0,3,9,4.0,7.0,0.0
41,No,Travel_Rarely,329.0,Research & Development,18,1.0,Life Sciences,2332,3,Female,66.0,2.0,3.0,Healthcare Representative,3,Married,8823.0,24609.0,0,No,15.0,3.0,1.0,1.0,21,4.0,2,5,9.0,1.0,9.0
57,No,Travel_Rarely,329.0,Sales,2,3.0,Life Sciences,2671,3,Female,46.0,2.0,2.0,Sales Executive,4,Single,5171.0,16488.0,5,No,19.0,3.0,4.0,0.0,11,2.0,3,8,1.0,0.0,5.0
38,No,Non-Travel,1327.0,Sales,2,2.0,Life Sciences,361,4,Male,39.0,2.0,2.0,Sales Executive,4,Married,5249.0,19682.0,3,No,18.0,3.0,4.0,1.0,13,0.0,3,8,7.0,7.0,5.0
37,No,Travel_Frequently,889.0,Research & Development,9,3.0,Medical,403,2,Male,53.0,3.0,1.0,Research Scientist,4,Married,2326.0,11411.0,1,Yes,12.0,3.0,3.0,3.0,4,3.0,2,4,2.0,1.0,2.0
50,No,Travel_Rarely,939.0,Research & Development,24,3.0,Life Sciences,1005,4,Male,95.0,3.0,4.0,Manufacturing Director,3,Married,13973.0,4161.0,3,Yes,18.0,3.0,4.0,1.0,22,2.0,3,12,11.0,1.0,5.0
23,No,Travel_Rarely,592.0,Research & Development,0,1.0,Technical Degree,2480,3,Male,98.0,3.0,1.0,Laboratory Technician,4,Married,2523.0,19300.0,0,No,14.0,3.0,3.0,1.0,3,2.0,3,0,1.0,2.0,1.0
42,No,Travel_Rarely,1316.0,Research & Development,28,3.0,Medical,2223,3,Male,83.0,3.0,1.0,Research Scientist,4,Single,3450.0,9751.0,5,No,10.0,3.0,2.0,0.0,6,2.0,2,5,5.0,0.0,3.0
33,No,Travel_Rarely,193.0,Sales,3,3.0,Medical,2162,1,Female,79.0,3.0,2.0,Sales Executive,3,Single,4859.0,6701.0,1,No,15.0,3.0,4.0,0.0,6,3.0,3,5,4.0,0.0,3.0
34,No,Non-Travel,1351.0,Research & Development,10,4.0,Life Sciences,2604,1,Male,64.0,4.0,1.0,Laboratory Technician,2,Married,2811.0,9235.0,1,No,24.0,4.0,2.0,0.0,3,3.0,3,5,4.0,0.0,2.0
34,No,Travel_Frequently,303.0,Sales,2,4.0,Marketing,216,3,Female,75.0,3.0,1.0,Sales Representative,3,Married,2231.0,11314.0,6,No,18.0,3.0,4.0,1.0,6,3.0,3,4,3.0,1.0,2.0
40,Yes,Non-Travel,1482.0,Sales,21,3.0,Life Sciences,2200,2,Female,101.0,4.0,4.0,Sales Executive,2,Single,13197.0,17071.0,4,Yes,13.0,3.0,4.0,0.0,22,2.0,2,1,0.0,0.0,0.0
43,No,Travel_Frequently,422.0,Research & Development,7,3.0,Life Sciences,902,4,Female,33.0,3.0,2.0,Healthcare Representative,4,Married,5562.0,21782.0,4,No,13.0,3.0,2.0,1.0,12,2.0,2,5,2.0,2.0,2.0
33,No,Travel_Rarely,1358.0,Research & Development,26,1.0,Life Sciences,2569,4,Male,68.0,3.0,1.0,Laboratory Technician,3,Divorced,2691.0,13333.0,1,No,22.0,4.0,2.0,1.0,1,2.0,3,4,0.0,0.0,0.0
42,No,Travel_Rarely,1396.0,Research & Development,6,3.0,Medical,1911,3,Male,83.0,3.0,3.0,Research Director,1,Married,13348.0,14842.0,9,No,13.0,3.0,2.0,1.0,18,3.0,4,13,7.0,5.0,7.0
33,No,Travel_Rarely,1069.0,Research & Development,1,3.0,Life Sciences,969,2,Female,42.0,2.0,2.0,Healthcare Representative,4,Single,6949.0,12291.0,0,No,14.0,3.0,1.0,0.0,6,3.0,3,5,0.0,1.0,4.0
19,No,Travel_Rarely,265.0,Research & Development,25,3.0,Life Sciences,1269,2,Female,57.0,4.0,1.0,Research Scientist,4,Single,2994.0,21221.0,1,Yes,12.0,3.0,4.0,0.0,1,2.0,3,1,0.0,0.0,1.0
47,No,Travel_Rarely,1001.0,Research & Development,7,3.0,Life Sciences,1827,3,Female,92.0,2.0,3.0,Manufacturing Director,2,Divorced,10333.0,19271.0,8,Yes,12.0,3.0,3.0,1.0,28,4.0,3,22,11.0,14.0,10.0
28,Yes,Travel_Rarely,992.0,Research & Development,1,3.0,Technical Degree,300,3,Male,85.0,3.0,1.0,Research Scientist,3,Single,2058.0,19757.0,0,No,14.0,3.0,4.0,0.0,7,1.0,2,6,2.0,1.0,5.0
35,No,Non-Travel,1326.0,Sales,1,2.0,Life Sciences,2620,4,Male,42.0,2.0,2.0,Sales Executive,4,Married,5248.0,19681.0,2,No,16.0,3.0,4.0,1.0,12,0.0,3,10,7.0,7.0,5.0
28,Yes,Travel_Rarely,103.0,Research & Development,24,3.0,Life Sciences,19,3,Male,50.0,2.0,1.0,Laboratory Technician,3,Single,2028.0,12947.0,5,Yes,14.0,3.0,2.0,0.0,6,4.0,3,4,2.0,0.0,3.0
55,Yes,Travel_Rarely,267.0,Sales,13,4.0,Marketing,1372,1,Male,85.0,4.0,4.0,Sales Executive,3,Single,13695.0,9277.0,6,Yes,17.0,3.0,3.0,0.0,24,2.0,3,19,7.0,3.0,8.0
41,No,Travel_Rarely,445.0,Research & Development,18,3.0,Life Sciences,2186,3,Female,85.0,3.0,3.0,Manufacturing Director,4,Single,7947.0,19950.0,6,Yes,12.0,3.0,4.0,0.0,21,2.0,2,5,2.0,3.0,3.0
38,No,Travel_Rarely,1321.0,Sales,1,4.0,Life Sciences,1995,4,Male,86.0,3.0,2.0,Sales Executive,2,Married,4440.0,7636.0,0,No,15.0,3.0,1.0,2.0,16,3.0,3,15,13.0,5.0,8.0
34,No,Travel_Rarely,704.0,Sales,28,3.0,Marketing,2035,4,Female,95.0,2.0,2.0,Sales Executive,3,Married,6712.0,8978.0,1,No,21.0,4.0,4.0,2.0,8,2.0,3,8,7.0,1.0,7.0
40,No,Travel_Rarely,543.0,Research & Development,1,4.0,Life Sciences,2012,1,Male,83.0,3.0,1.0,Laboratory Technician,4,Married,2406.0,4060.0,8,No,19.0,3.0,3.0,2.0,8,3.0,2,1,0.0,0.0,0.0
34,No,Travel_Rarely,258.0,Sales,21,4.0,Life Sciences,621,4,Male,74.0,4.0,2.0,Sales Executive,3,Single,5337.0,19921.0,1,No,12.0,3.0,4.0,0.0,10,3.0,3,10,7.0,5.0,7.0
45,No,Travel_Rarely,1315.0,Research & Development,6,3.0,Medical,2624,2,Female,32.0,3.0,5.0,Research Director,3,Divorced,16679.875,3549.0,0,Yes,17.0,3.0,4.0,1.0,22,4.0,2,19,7.0,1.0,10.0
18,Yes,Travel_Rarely,130.0,Research & Development,6,3.0,Technical Degree,2240,1,Male,82.0,3.0,1.0,Laboratory Technician,1,Single,2976.0,13010.0,1,No,16.0,3.0,2.0,0.0,0,2.0,3,0,0.0,0.0,0.0
33,No,Travel_Rarely,586.0,Sales,1,3.0,Medical,855,1,Male,48.0,4.0,2.0,Sales Executive,1,Divorced,4037.0,21816.0,1,No,22.0,4.0,1.0,1.0,10,5.0,3,9,8.0,0.0,8.0
25,No,Travel_Rarely,890.0,Sales,7,2.0,Life Sciences,2442,2,Female,102.0,2.0,2.0,Sales Executive,4,Single,4488.0,12088.0,1,Yes,13.0,3.0,2.0,0.0,8,3.0,3,5,4.0,1.0,3.0
31,No,Travel_Rarely,498.0,Research & Development,7,3.0,Medical,2336,3,Male,67.0,3.0,3.0,Manager,4,Single,11245.0,21073.0,2,No,28.0,4.0,2.0,0.0,8,5.0,4,2,2.0,0.0,0.0
32,No,Non-Travel,953.0,Research & Development,5,4.0,Technical Degree,1764,2,Male,65.0,3.0,1.0,Research Scientist,3,Single,2718.0,17674.0,2,No,14.0,3.0,2.0,0.0,12,3.0,3,7,7.0,0.0,7.0
36,No,Travel_Rarely,917.0,Research & Development,6,4.0,Life Sciences,1221,3,Male,60.0,1.0,1.0,Laboratory Technician,3,Divorced,2741.0,6865.0,1,No,14.0,3.0,3.0,1.0,7,4.0,3,7,7.0,1.0,7.0
41,No,Travel_Rarely,1276.0,Sales,2,5.0,Life Sciences,625,2,Female,91.0,3.0,4.0,Manager,1,Married,16595.0,5626.0,7,No,16.0,3.0,2.0,1.0,22,2.0,3,18,16.0,11.0,8.0
39,No,Travel_Frequently,945.0,Research & Development,22,3.0,Medical,1043,4,Female,82.0,3.0,3.0,Manufacturing Director,1,Single,10880.0,5083.0,1,Yes,13.0,3.0,3.0,0.0,21,2.0,3,21,6.0,2.0,8.0
36,No,Travel_Frequently,705.0,Research & Development,17,4.0,Life Sciences,2389,3,Female,102.0,2.0,1.0,Research Scientist,4,Single,2552.0,8304.0,1,No,15.0,3.0,3.0,0.0,5,3.0,3,7,2.0,1.0,3.0
30,No,Travel_Rarely,1138.0,Research & Development,6,3.0,Technical Degree,1311,1,Female,48.0,2.0,2.0,Laboratory Technician,4,Married,4627.0,23631.0,0,No,12.0,3.0,1.0,1.0,10,6.0,3,9,2.0,6.0,7.0
36,No,Travel_Rarely,363.0,Research & Development,1,3.0,Technical Degree,1237,3,Female,77.0,1.0,3.0,Manufacturing Director,1,Divorced,10252.0,4235.0,2,Yes,21.0,4.0,3.0,1.0,17,2.0,3,7,7.0,7.0,7.0
36,No,Travel_Rarely,506.0,Research & Development,3,3.0,Technical Degree,397,3,Male,30.0,3.0,2.0,Research Scientist,2,Single,4485.0,26285.0,4,No,12.0,3.0,4.0,0.0,10,2.0,3,8,0.0,7.0,7.0
50,No,Travel_Rarely,854.0,Sales,1,4.0,Medical,323,4,Female,68.0,3.0,5.0,Manager,4,Divorced,16679.875,24118.0,3,No,11.0,3.0,3.0,1.0,32,3.0,2,7,0.0,0.0,6.0
42,No,Travel_Rarely,265.0,Sales,5,2.0,Marketing,1029,4,Male,90.0,3.0,5.0,Manager,3,Married,16679.875,7770.0,6,No,13.0,3.0,2.0,0.0,21,3.0,4,1,0.0,0.0,0.0
31,No,Travel_Frequently,1125.0,Research & Development,1,3.0,Life Sciences,1956,4,Male,48.0,1.0,2.0,Research Scientist,1,Married,5003.0,5771.0,1,No,21.0,4.0,2.0,0.0,10,6.0,3,10,8.0,8.0,7.0
25,No,Travel_Rarely,1382.0,Sales,8,2.0,Other,2018,1,Female,85.0,3.0,2.0,Sales Executive,3,Divorced,4907.0,13684.0,0,Yes,22.0,4.0,2.0,1.0,6,3.0,2,5,3.0,0.0,4.0
35,No,Travel_Frequently,1490.0,Research & Development,0,2.0,Life Sciences,2185,4,Male,40.0,3.0,1.0,Laboratory Technician,4,Married,1699.0,12105.0,2,Yes,21.0,4.0,3.0,1.0,4,3.0,3,0,0.0,0.0,0.0
40,No,Travel_Rarely,750.0,Research & Development,12,3.0,Life Sciences,1829,2,Female,47.0,3.0,2.0,Healthcare Representative,1,Divorced,4448.0,10748.0,2,No,12.0,3.0,2.0,1.0,15,3.0,3,7,4.0,7.0,7.0
29,No,Travel_Rarely,592.0,Research & Development,7,3.0,Life Sciences,1883,3,Male,59.0,3.0,1.0,Laboratory Technician,1,Single,2062.0,19384.0,3,No,14.0,3.0,2.0,0.0,11,2.0,3,3,2.0,1.0,2.0
32,No,Non-Travel,727.0,Research & Development,4,3.0,Life Sciences,2117,3,Male,42.0,2.0,1.0,Laboratory Technician,3,Married,1283.0,16897.0,1,No,19.0,3.0,3.0,2.0,0,3.0,3,0,0.0,0.0,0.0
52,No,Travel_Rarely,529.0,Research & Development,6,2.0,Other,2586,1,Female,51.0,3.0,3.0,Laboratory Technician,2,Married,7401.0,22480.0,4,No,10.0,3.0,3.0,1.0,28,3.0,2,5,9.0,1.0,7.0
53,No,Travel_Rarely,663.0,Sales,10,2.0,Marketing,2374,1,Female,75.0,2.0,3.0,Sales Executive,4,Married,10935.0,20712.0,7,Yes,18.0,3.0,4.0,1.0,37,3.0,3,6,2.0,0.0,4.0
35,No,Travel_Rarely,1229.0,Research & Development,8,1.0,Life Sciences,63,4,Male,36.0,4.0,1.0,Laboratory Technician,4,Married,2269.0,4892.0,1,No,19.0,3.0,4.0,0.0,1,2.0,3,1,0.0,0.0,1.0
40,No,Travel_Rarely,1492.0,Research & Development,20,4.0,Technical Degree,1092,1,Male,61.0,3.0,3.0,Healthcare Representative,4,Married,10322.0,26542.0,4,No,20.0,4.0,4.0,1.0,14,6.0,3,11,10.0,11.0,1.0
40,Yes,Travel_Rarely,676.0,Research & Development,9,4.0,Life Sciences,1534,4,Male,86.0,3.0,1.0,Laboratory Technician,1,Single,2018.0,21831.0,3,No,14.0,3.0,2.0,0.0,15,3.0,1,5,4.0,1.0,0.0
39,No,Travel_Rarely,1401.0,Sales,0,4.0,Life Sciences,2509,3,Female,82.0,3.0,5.0,Manager,3,Married,16679.875,13023.0,0,No,15.0,3.0,4.0,0.0,24,2.0,3,23,15.0,1.0,12.0
48,No,Travel_Rarely,539.0,Research & Development,0,4.0,Technical Degree,2170,3,Male,66.0,3.0,3.0,Healthcare Representative,2,Divorced,7444.0,20933.0,1,No,9.0,3.0,1.0,3.0,10,4.0,3,7,8.0,7.0,7.0
35,No,Travel_Rarely,1381.0,Research & Development,12,3.0,Life Sciences,2084,4,Male,93.0,3.0,3.0,Healthcare Representative,1,Married,8320.0,25948.0,7,Yes,12.0,3.0,4.0,1.0,14,1.0,3,15,8.0,5.0,7.0
32,No,Travel_Rarely,371.0,Sales,19,3.0,Life Sciences,1739,4,Male,80.0,1.0,3.0,Sales Executive,3,Married,9610.0,3840.0,3,No,13.0,3.0,3.0,1.0,10,2.0,3,4,3.0,0.0,2.0
53,No,Travel_Rarely,970.0,Research & Development,7,3.0,Life Sciences,730,3,Male,59.0,4.0,4.0,Research Director,3,Married,14814.0,13514.0,3,No,19.0,3.0,3.0,0.0,32,3.0,3,5,1.0,1.0,3.0
37,No,Travel_Rarely,342.0,Sales,16,4.0,Marketing,868,4,Male,66.0,2.0,2.0,Sales Executive,3,Divorced,6334.0,24558.0,4,No,19.0,3.0,4.0,2.0,9,2.0,3,1,0.0,0.0,0.0
44,Yes,Travel_Rarely,621.0,Research & Development,15,3.0,Medical,1295,1,Female,73.0,3.0,3.0,Healthcare Representative,4,Married,7978.0,14075.0,1,No,11.0,3.0,4.0,1.0,10,2.0,3,10,7.0,0.0,5.0
35,No,Travel_Rarely,915.0,Research & Development,7,4.0,Life Sciences,2571,3,Male,57.0,1.0,1.0,Laboratory Technician,3,Divorced,2743.0,6867.0,1,No,17.0,3.0,3.0,1.0,8,4.0,3,10,7.0,1.0,7.0
24,Yes,Travel_Rarely,693.0,Sales,3,2.0,Life Sciences,720,1,Female,65.0,3.0,2.0,Sales Executive,3,Single,4577.0,24785.0,9,No,14.0,3.0,1.0,0.0,4,3.0,3,2,2.0,2.0,0.0
38,No,Travel_Rarely,1404.0,Sales,1,3.0,Life Sciences,1961,1,Male,59.0,2.0,1.0,Sales Representative,1,Single,2858.0,11473.0,4,No,14.0,3.0,1.0,0.0,20,3.0,2,1,0.0,0.0,0.0
33,No,Travel_Rarely,501.0,Research & Development,7,2.0,Medical,2009,2,Female,95.0,3.0,2.0,Healthcare Representative,4,Married,4878.0,21653.0,0,Yes,13.0,3.0,1.0,1.0,10,6.0,3,9,7.0,8.0,1.0
46,No,Travel_Rarely,228.0,Sales,3,3.0,Life Sciences,1527,3,Female,51.0,3.0,4.0,Manager,2,Married,16606.0,11380.0,8,No,12.0,3.0,4.0,1.0,23,2.0,4,13,12.0,5.0,1.0
31,Yes,Travel_Frequently,754.0,Sales,26,4.0,Marketing,1967,1,Male,63.0,3.0,2.0,Sales Executive,3,Married,5617.0,21075.0,1,Yes,11.0,3.0,3.0,0.0,10,4.0,3,10,7.0,0.0,8.0
31,No,Travel_Rarely,329.0,Research & Development,1,2.0,Life Sciences,530,4,Male,98.0,2.0,1.0,Laboratory Technician,1,Married,2218.0,16193.0,1,No,12.0,3.0,3.0,1.0,4,3.0,3,4,2.0,3.0,2.0
42,No,Travel_Rarely,626.0,Research & Development,7,3.0,Medical,2328,4,Male,48.0,3.0,2.0,Healthcare Representative,2,Single,5932.0,5197.0,9,No,10.0,3.0,4.0,0.0,10,2.0,2,6,2.0,2.0,3.0
36,No,Travel_Rarely,718.0,Research & Development,1,3.0,Life Sciences,2492,3,Female,71.0,2.0,4.0,Manufacturing Director,4,Single,13724.0,21826.0,3,Yes,14.0,3.0,1.0,0.0,28,4.0,3,2,3.0,4.0,3.0
40,No,Travel_Rarely,1441.0,Research & Development,4,1.0,Life Sciences,2588,3,Male,53.0,3.0,1.0,Research Scientist,3,Married,2997.0,5182.0,7,Yes,17.0,3.0,4.0,0.0,10,2.0,3,8,4.0,1.0,3.0
20,No,Travel_Rarely,1133.0,Research & Development,3,3.0,Life Sciences,2315,4,Male,58.0,4.0,1.0,Research Scientist,2,Divorced,2327.0,12395.0,2,Yes,15.0,3.0,1.0,1.0,6,2.0,2,2,2.0,2.0,2.0
24,No,Non-Travel,830.0,Sales,13,2.0,Life Sciences,1495,4,Female,78.0,3.0,1.0,Sales Representative,2,Married,2033.0,7103.0,1,No,13.0,3.0,3.0,1.0,1,2.0,3,1,0.0,0.0,0.0
36,Yes,Travel_Rarely,805.0,Research & Development,7,2.0,Life Sciences,816,2,Female,36.0,2.0,1.0,Laboratory Technician,1,Married,4967.0,6689.0,1,Yes,11.0,3.0,4.0,1.0,1,1.0,3,1,0.0,0.0,0.0
33,No,Travel_Rarely,1198.0,Research & Development,1,4.0,Other,939,3,Male,100.0,2.0,1.0,Research Scientist,1,Single,2799.0,3339.0,3,Yes,11.0,3.0,2.0,0.0,10,1.0,3,3,2.0,0.0,2.0
43,No,Non-Travel,180.0,Human Resources,1,5.0,Medical,2294,4,Male,82.0,4.0,2.0,Human Resources,1,Married,6275.0,12858.0,7,No,14.0,3.0,1.0,1.0,12,3.0,4,3,3.0,0.0,3.0
50,No,Travel_Frequently,1115.0,Research & Development,1,3.0,Life Sciences,141,1,Female,73.0,3.0,5.0,Research Director,2,Married,16679.875,9755.0,3,Yes,19.0,3.0,1.0,0.0,28,1.0,2,8,3.0,0.0,7.0
45,No,Travel_Rarely,556.0,Research & Development,25,2.0,Life Sciences,1888,2,Female,93.0,2.0,2.0,Manufacturing Director,4,Married,5906.0,23888.0,0,No,13.0,3.0,4.0,2.0,10,2.0,2,9,8.0,3.0,8.0
32,Yes,Travel_Frequently,238.0,Research & Development,5,2.0,Life Sciences,1939,1,Female,47.0,4.0,1.0,Research Scientist,3,Single,2432.0,15318.0,3,Yes,14.0,3.0,1.0,0.0,8,2.0,3,4,1.0,0.0,3.0
35,No,Travel_Rarely,682.0,Sales,18,4.0,Medical,1945,2,Male,71.0,3.0,2.0,Sales Executive,1,Married,5561.0,15975.0,0,No,16.0,3.0,4.0,1.0,6,2.0,1,5,3.0,0.0,4.0
35,No,Travel_Rarely,528.0,Human Resources,8,4.0,Technical Degree,1164,3,Male,100.0,3.0,1.0,Human Resources,3,Single,4323.0,7108.0,1,No,17.0,3.0,2.0,0.0,10,2.0,1,5,4.0,1.0,4.0
39,No,Travel_Frequently,505.0,Research & Development,2,4.0,Technical Degree,343,3,Female,64.0,3.0,3.0,Healthcare Representative,3,Single,10938.0,6420.0,0,No,25.0,4.0,4.0,0.0,20,1.0,3,19,6.0,11.0,8.0
35,No,Travel_Rarely,1393.0,Research & Development,11,4.0,Medical,2466,2,Male,48.0,3.0,2.0,Research Scientist,3,Single,5097.0,18697.0,1,No,20.0,3.0,2.0,0.0,10,5.0,3,9,7.0,0.0,8.0
26,Yes,Travel_Rarely,225.0,Research & Development,0,4.0,Technical Degree,2292,1,Male,102.0,2.0,1.0,Research Scientist,1,Single,2359.0,7568.0,2,No,10.0,3.0,3.0,0.0,11,2.0,3,11,7.0,0.0,7.0
43,No,Travel_Rarely,982.0,Research & Development,7,3.0,Life Sciences,520,1,Male,59.0,2.0,4.0,Research Director,2,Divorced,14336.0,4345.0,1,No,11.0,3.0,3.0,1.0,25,3.0,3,25,10.0,3.0,9.0
27,No,Travel_Rarely,155.0,Research & Development,4,3.0,Life Sciences,2064,2,Male,87.0,4.0,2.0,Manufacturing Director,2,Married,6142.0,5174.0,1,Yes,20.0,4.0,2.0,1.0,6,0.0,3,6,2.0,0.0,3.0
31,No,Travel_Frequently,163.0,Research & Development,24,1.0,Technical Degree,1736,4,Female,30.0,3.0,2.0,Manufacturing Director,4,Single,5238.0,6670.0,2,No,20.0,4.0,4.0,0.0,9,3.0,2,5,4.0,1.0,4.0
45,No,Travel_Frequently,1297.0,Research & Development,1,4.0,Medical,1922,2,Male,44.0,3.0,2.0,Healthcare Representative,3,Single,5399.0,14511.0,4,No,12.0,3.0,3.0,0.0,12,3.0,3,4,2.0,0.0,3.0
34,No,Travel_Frequently,618.0,Research & Development,3,1.0,Life Sciences,1103,1,Male,45.0,3.0,2.0,Healthcare Representative,4,Single,7756.0,22266.0,0,No,17.0,3.0,3.0,0.0,7,1.0,2,6,2.0,0.0,4.0
35,No,Travel_Frequently,853.0,Sales,18,5.0,Life Sciences,74,2,Male,71.0,3.0,3.0,Sales Executive,1,Married,4967.0,11031.0,1,No,22.0,4.0,4.0,1.0,9,3.0,2,9,8.0,1.0,8.0
28,No,Travel_Rarely,995.0,Research & Development,9,3.0,Medical,930,3,Female,77.0,3.0,1.0,Research Scientist,3,Divorced,2377.0,9834.0,5,No,18.0,3.0,2.0,1.0,6,2.0,3,2,2.0,2.0,2.0
38,No,Travel_Rarely,1333.0,Research & Development,1,3.0,Technical Degree,950,4,Female,80.0,3.0,3.0,Research Director,1,Married,13582.0,16292.0,1,No,13.0,3.0,2.0,1.0,15,3.0,3,15,12.0,5.0,11.0
34,No,Non-Travel,697.0,Research & Development,3,4.0,Life Sciences,1115,3,Male,40.0,2.0,1.0,Research Scientist,4,Married,2979.0,22478.0,3,No,17.0,3.0,4.0,3.0,6,2.0,3,0,0.0,0.0,0.0
32,Yes,Travel_Rarely,1259.0,Research & Development,2,4.0,Life Sciences,1692,4,Male,95.0,3.0,1.0,Laboratory Technician,2,Single,1393.0,24852.0,1,No,12.0,3.0,1.0,0.0,1,2.0,3,1,0.0,0.0,0.0
29,Yes,Travel_Rarely,224.0,Research & Development,1,4.0,Technical Degree,1522,1,Male,100.0,2.0,1.0,Research Scientist,1,Single,2362.0,7568.0,6,No,13.0,3.0,3.0,0.0,11,2.0,1,9,7.0,0.0,7.0
49,No,Travel_Rarely,733.0,Research & Development,3,4.0,Medical,2375,3,Male,49.0,3.0,5.0,Research Director,4,Divorced,16679.875,14219.0,7,Yes,18.0,3.0,3.0,1.0,27,3.0,3,2,1.0,2.0,2.0
30,No,Travel_Frequently,1312.0,Research & Development,23,3.0,Life Sciences,159,1,Male,96.0,1.0,1.0,Research Scientist,3,Divorced,2613.0,22310.0,1,No,25.0,4.0,3.0,3.0,10,2.0,2,10,7.0,0.0,9.0
41,No,Travel_Rarely,483.0,Research & Development,6,3.0,Medical,466,4,Male,95.0,2.0,2.0,Manufacturing Director,2,Single,6032.0,10110.0,6,Yes,15.0,3.0,4.0,0.0,8,3.0,3,5,4.0,1.0,2.0
33,Yes,Travel_Rarely,211.0,Sales,16,3.0,Life Sciences,1758,1,Female,74.0,3.0,3.0,Sales Executive,1,Single,8564.0,10092.0,2,Yes,20.0,4.0,3.0,0.0,11,2.0,2,0,0.0,0.0,0.0
35,No,Travel_Rarely,662.0,Sales,1,5.0,Marketing,204,3,Male,94.0,3.0,3.0,Sales Executive,2,Married,7295.0,11439.0,1,No,13.0,3.0,1.0,2.0,10,3.0,3,10,8.0,0.0,6.0
44,No,Travel_Rarely,645.0,Research & Development,0,3.0,Life Sciences,2607,4,Male,73.0,3.0,1.0,Research Scientist,4,Married,2784.0,21412.0,3,No,24.0,4.0,1.0,1.0,15,3.0,3,3,3.0,1.0,0.0
36,No,Travel_Rarely,1485.0,Sales,4,5.0,Marketing,2632,2,Female,72.0,3.0,2.0,Sales Executive,1,Divorced,5454.0,4007.0,2,Yes,22.0,4.0,3.0,1.0,10,2.0,3,2,3.0,1.0,3.0
28,No,Travel_Frequently,773.0,Research & Development,6,3.0,Life Sciences,1154,3,Male,39.0,2.0,1.0,Research Scientist,3,Divorced,2703.0,22088.0,1,Yes,14.0,3.0,4.0,1.0,3,2.0,3,3,1.0,0.0,2.0
49,No,Travel_Rarely,1313.0,Sales,11,4.0,Marketing,1757,4,Female,80.0,3.0,2.0,Sales Executive,4,Single,4507.0,8191.0,3,No,12.0,3.0,3.0,0.0,8,1.0,4,5,1.0,0.0,4.0
34,No,Travel_Rarely,1442.0,Research & Development,9,3.0,Medical,717,4,Female,46.0,2.0,3.0,Healthcare Representative,2,Single,8621.0,17654.0,1,No,14.0,3.0,2.0,0.0,9,3.0,4,8,7.0,7.0,7.0
33,No,Non-Travel,775.0,Research & Development,4,3.0,Technical Degree,1771,4,Male,90.0,3.0,2.0,Research Scientist,2,Divorced,3055.0,6194.0,5,No,15.0,3.0,4.0,2.0,11,2.0,2,9,8.0,1.0,7.0
36,Yes,Travel_Rarely,1218.0,Sales,7,4.0,Life Sciences,27,3,Male,82.0,2.0,1.0,Sales Representative,1,Single,3407.0,6986.0,7,No,23.0,4.0,2.0,0.0,10,4.0,3,5,3.0,0.0,3.0
25,Yes,Travel_Rarely,688.0,Research & Development,3,3.0,Medical,538,1,Male,91.0,3.0,1.0,Laboratory Technician,1,Married,4031.0,9396.0,5,No,13.0,3.0,3.0,1.0,6,5.0,3,2,2.0,0.0,2.0
40,No,Travel_Rarely,1416.0,Research & Development,2,2.0,Medical,352,1,Male,49.0,3.0,5.0,Research Director,3,Divorced,16679.875,5949.0,0,No,19.0,3.0,4.0,1.0,22,5.0,3,21,7.0,3.0,9.0
58,Yes,Travel_Rarely,289.0,Research & Development,2,3.0,Technical Degree,977,4,Male,51.0,3.0,1.0,Research Scientist,3,Single,2479.0,26227.0,4,No,24.0,4.0,1.0,0.0,7,4.0,3,1,0.0,0.0,0.0
42,No,Travel_Rarely,201.0,Research & Development,1,4.0,Life Sciences,517,2,Female,95.0,3.0,1.0,Laboratory Technician,1,Divorced,2576.0,20490.0,3,No,16.0,3.0,2.0,1.0,8,5.0,3,5,2.0,1.0,2.0
48,No,Non-Travel,148.0,Sales,3,3.0,Life Sciences,2148,4,Female,96.0,3.0,2.0,Sales Executive,3,Married,6349.0,24923.0,0,No,14.0,3.0,1.0,1.0,18,3.0,3,21,7.0,0.0,13.0
33,No,Travel_Rarely,931.0,Research & Development,14,3.0,Medical,252,4,Female,72.0,3.0,1.0,Research Scientist,2,Married,2756.0,4673.0,1,No,13.0,3.0,4.0,1.0,8,5.0,3,8,7.0,1.0,6.0
27,No,Travel_Frequently,994.0,Sales,8,3.0,Life Sciences,56,3,Male,37.0,3.0,3.0,Sales Executive,3,Single,8726.0,2975.0,2,No,15.0,3.0,4.0,0.0,9,0.0,3,9,8.0,1.0,7.0
49,No,Travel_Rarely,1245.0,Research & Development,18,4.0,Life Sciences,638,4,Male,58.0,2.0,5.0,Research Director,3,Divorced,16679.875,2125.0,2,Yes,17.0,3.0,3.0,1.0,31,5.0,3,31,9.0,0.0,9.0
29,No,Travel_Rarely,1401.0,Research & Development,6,1.0,Medical,1192,2,Female,54.0,3.0,1.0,Laboratory Technician,4,Married,3131.0,26342.0,1,No,13.0,3.0,1.0,1.0,10,5.0,3,10,8.0,0.0,8.0
58,Yes,Travel_Rarely,268.0,Sales,14,4.0,Marketing,2349,1,Male,88.0,4.0,4.0,Sales Executive,3,Single,13694.0,9274.0,6,Yes,18.0,3.0,3.0,0.0,25,2.0,2,18,7.0,3.0,8.0
37,No,Travel_Rarely,1192.0,Research & Development,5,2.0,Medical,460,4,Male,61.0,3.0,2.0,Manufacturing Director,4,Divorced,6347.0,23177.0,7,No,16.0,3.0,3.0,2.0,8,2.0,2,6,2.0,0.0,4.0
36,No,Travel_Frequently,365.0,Research & Development,4,5.0,Medical,1644,3,Male,89.0,2.0,4.0,Manager,4,Married,15202.0,5602.0,2,No,25.0,4.0,2.0,1.0,23,3.0,3,2,2.0,2.0,2.0
35,No,Travel_Frequently,888.0,Human Resources,8,4.0,Human Resources,2400,3,Male,73.0,3.0,2.0,Human Resources,3,Married,6076.0,14816.0,3,No,9.0,3.0,3.0,0.0,10,2.0,3,7,3.0,1.0,2.0
28,No,Travel_Rarely,866.0,Sales,5,3.0,Medical,1469,3,Male,84.0,3.0,2.0,Sales Executive,3,Single,8463.0,23490.0,0,No,18.0,3.0,4.0,0.0,6,4.0,3,5,4.0,1.0,3.0
41,No,Travel_Frequently,1018.0,Sales,1,3.0,Marketing,1349,3,Female,66.0,3.0,2.0,Sales Executive,1,Divorced,4967.0,4297.0,0,No,17.0,3.0,4.0,1.0,10,2.0,3,9,3.0,1.0,7.0
41,No,Non-Travel,492.0,Research & Development,2,1.0,Life Sciences,2356,3,Male,34.0,3.0,4.0,Manager,3,Married,16679.875,26579.0,0,Yes,12.0,3.0,4.0,0.0,18,3.0,2,19,8.0,2.0,10.0
31,Yes,Travel_Rarely,895.0,Research & Development,19,1.0,Medical,2301,3,Male,87.0,2.0,1.0,Research Scientist,4,Single,2387.0,14960.0,1,Yes,12.0,3.0,3.0,0.0,4,3.0,2,3,3.0,0.0,1.0
27,No,Travel_Rarely,511.0,Sales,7,2.0,Medical,1898,1,Female,89.0,4.0,2.0,Sales Executive,3,Single,4967.0,26997.0,0,No,14.0,3.0,2.0,0.0,9,5.0,2,8,7.0,0.0,7.0
43,No,Travel_Frequently,185.0,Research & Development,10,4.0,Life Sciences,430,3,Female,33.0,3.0,1.0,Laboratory Technician,4,Single,2455.0,10675.0,0,No,19.0,3.0,1.0,0.0,9,5.0,3,8,7.0,1.0,7.0
47,No,Travel_Rarely,1482.0,Research & Development,5,5.0,Life Sciences,447,4,Male,42.0,3.0,5.0,Research Director,3,Married,16679.875,16375.0,4,No,11.0,3.0,2.0,1.0,21,2.0,3,3,2.0,1.0,1.0
27,No,Travel_Rarely,1115.0,Research & Development,3,4.0,Medical,700,1,Male,54.0,2.0,1.0,Research Scientist,4,Single,2045.0,15174.0,0,No,13.0,3.0,4.0,0.0,5,0.0,3,4,2.0,1.0,1.0
20,Yes,Travel_Rarely,500.0,Sales,2,3.0,Medical,922,3,Female,49.0,2.0,1.0,Sales Representative,3,Single,2044.0,22052.0,1,No,13.0,3.0,4.0,0.0,2,3.0,2,2,2.0,0.0,2.0
23,No,Travel_Rarely,1309.0,Research & Development,26,1.0,Life Sciences,465,3,Male,83.0,3.0,1.0,Research Scientist,4,Divorced,2904.0,16092.0,1,No,12.0,3.0,3.0,2.0,4,2.0,2,4,2.0,0.0,2.0
32,No,Travel_Rarely,132.0,Research & Development,2,3.0,Life Sciences,2202,3,Male,92.0,3.0,1.0,Research Scientist,4,Single,2503.0,10513.0,0,No,11.0,3.0,1.0,0.0,2,2.0,4,6,1.0,0.0,2.0
37,No,Travel_Rarely,367.0,Research & Development,25,2.0,Medical,1161,3,Female,52.0,2.0,2.0,Healthcare Representative,4,Divorced,5731.0,17171.0,7,No,13.0,3.0,3.0,2.0,9,2.0,3,6,2.0,1.0,3.0
58,No,Travel_Frequently,1216.0,Research & Development,15,4.0,Life Sciences,1837,1,Male,87.0,3.0,4.0,Research Director,3,Married,15787.0,21624.0,2,Yes,14.0,3.0,2.0,0.0,23,3.0,3,2,2.0,2.0,2.0
25,Yes,Travel_Rarely,867.0,Sales,19,2.0,Marketing,952,3,Male,36.0,2.0,1.0,Sales Representative,2,Married,2413.0,18798.0,1,Yes,18.0,3.0,3.0,3.0,1,2.0,3,1,0.0,0.0,0.0
30,No,Travel_Rarely,195.0,Research & Development,1,4.0,Life Sciences,2517,3,Male,35.0,3.0,1.0,Research Scientist,4,Divorced,2696.0,7746.0,0,Yes,21.0,3.0,2.0,1.0,5,2.0,1,1,2.0,2.0,2.0
36,Yes,Travel_Rarely,1456.0,Sales,13,5.0,Marketing,1733,2,Male,96.0,2.0,2.0,Sales Executive,1,Divorced,6134.0,8658.0,2,Yes,13.0,3.0,2.0,3.0,16,3.0,3,2,2.0,2.0,2.0
56,No,Travel_Frequently,1240.0,Research & Development,9,3.0,Medical,1071,1,Female,63.0,3.0,1.0,Research Scientist,3,Married,2942.0,12154.0,2,No,19.0,3.0,2.0,1.0,18,4.0,3,5,4.0,0.0,3.0
54,No,Travel_Frequently,890.0,Research & Development,28,4.0,Medical,2109,3,Female,79.0,2.0,4.0,Manufacturing Director,4,Married,13828.0,19026.0,3,No,21.0,4.0,3.0,0.0,29,3.0,3,11,8.0,0.0,0.0
36,No,Travel_Frequently,1195.0,Research & Development,11,3.0,Life Sciences,85,2,Male,95.0,2.0,2.0,Manufacturing Director,2,Single,6499.0,22656.0,1,No,13.0,3.0,3.0,0.0,6,3.0,3,6,5.0,0.0,3.0
41,No,Travel_Rarely,328.0,Research & Development,14,1.0,Life Sciences,2526,3,Female,63.0,2.0,3.0,Healthcare Representative,3,Married,8826.0,24606.0,0,No,20.0,3.0,1.0,1.0,23,4.0,2,19,9.0,1.0,9.0
29,Yes,Travel_Rarely,806.0,Research & Development,7,3.0,Technical Degree,1299,2,Female,39.0,3.0,1.0,Laboratory Technician,3,Divorced,3339.0,17285.0,3,Yes,13.0,3.0,1.0,2.0,10,2.0,3,7,7.0,7.0,7.0
20,Yes,Travel_Rarely,1097.0,Research & Development,11,3.0,Medical,1016,4,Female,98.0,2.0,1.0,Research Scientist,1,Single,2600.0,18275.0,1,Yes,15.0,3.0,1.0,0.0,1,2.0,3,1,0.0,0.0,0.0
43,No,Travel_Rarely,416.0,Sales,27,3.0,Medical,2692,3,Male,81.0,2.0,3.0,Sales Executive,4,Divorced,10800.0,5266.0,5,No,16.0,3.0,3.0,1.0,18,5.0,3,1,0.0,0.0,0.0
42,No,Travel_Rarely,1265.0,Research & Development,3,3.0,Life Sciences,894,3,Female,95.0,4.0,2.0,Laboratory Technician,4,Married,5231.0,23726.0,2,Yes,13.0,3.0,2.0,1.0,17,1.0,2,5,3.0,1.0,3.0
33,Yes,Travel_Rarely,813.0,Research & Development,14,3.0,Medical,325,3,Male,58.0,3.0,1.0,Laboratory Technician,4,Married,2436.0,22149.0,5,Yes,13.0,3.0,3.0,1.0,8,2.0,1,5,4.0,0.0,4.0
29,No,Travel_Rarely,1107.0,Research & Development,28,4.0,Life Sciences,1120,3,Female,93.0,3.0,1.0,Research Scientist,4,Divorced,2514.0,26968.0,4,No,22.0,4.0,1.0,1.0,11,1.0,3,7,5.0,1.0,7.0
28,No,Travel_Rarely,1217.0,Research & Development,1,3.0,Medical,1834,3,Female,67.0,3.0,1.0,Research Scientist,3,Married,3591.0,12719.0,1,No,25.0,4.0,3.0,1.0,3,3.0,3,3,2.0,1.0,2.0
29,Yes,Travel_Rarely,341.0,Sales,7,3.0,Medical,896,2,Female,48.0,2.0,1.0,Sales Representative,3,Divorced,2800.0,23522.0,6,Yes,19.0,3.0,3.0,3.0,5,3.0,3,3,2.0,0.0,2.0
40,No,Travel_Rarely,1398.0,Sales,2,4.0,Life Sciences,558,3,Female,79.0,3.0,5.0,Manager,3,Married,16679.875,13022.0,0,No,14.0,3.0,4.0,0.0,21,2.0,3,20,15.0,1.0,12.0
39,No,Non-Travel,1092.0,Sales,25,3.0,Other,2321,3,Male,57.0,1.0,3.0,Sales Executive,1,Divorced,10933.0,11375.0,3,No,15.0,3.0,3.0,1.0,18,2.0,3,4,0.0,0.0,1.0
50,No,Travel_Frequently,1234.0,Research & Development,20,5.0,Medical,1606,2,Male,41.0,3.0,4.0,Healthcare Representative,3,Married,11245.0,20689.0,2,Yes,15.0,3.0,3.0,1.0,32,3.0,3,30,8.0,12.0,13.0
36,No,Non-Travel,427.0,Research & Development,8,3.0,Life Sciences,742,3,Female,63.0,4.0,3.0,Research Director,1,Married,11713.0,20335.0,9,No,14.0,3.0,1.0,1.0,10,2.0,3,8,7.0,0.0,5.0
29,Yes,Travel_Rarely,350.0,Human Resources,13,3.0,Human Resources,1844,1,Male,56.0,2.0,1.0,Human Resources,1,Divorced,2335.0,3157.0,4,Yes,15.0,3.0,4.0,3.0,4,3.0,3,2,2.0,2.0,0.0
27,No,Travel_Frequently,472.0,Research & Development,1,1.0,Technical Degree,274,3,Male,60.0,2.0,2.0,Manufacturing Director,1,Married,4298.0,9679.0,5,No,19.0,3.0,3.0,1.0,6,1.0,3,2,2.0,2.0,0.0
41,No,Travel_Rarely,796.0,Sales,4,1.0,Marketing,1815,3,Female,81.0,3.0,3.0,Sales Executive,3,Divorced,10447.0,26458.0,2,Yes,13.0,3.0,4.0,1.0,23,3.0,4,22,14.0,13.0,5.0
27,No,Travel_Rarely,1171.0,Sales,4,3.0,Medical,2103,2,Female,76.0,3.0,1.0,Sales Representative,2,Married,2857.0,3692.0,2,No,20.0,3.0,4.0,1.0,1,3.0,3,3,0.0,0.0,0.0
36,No,Travel_Frequently,553.0,Research & Development,5,4.0,Life Sciences,428,4,Female,74.0,3.0,3.0,Manager,2,Married,11878.0,23364.0,6,No,11.0,3.0,2.0,2.0,12,2.0,3,10,6.0,8.0,8.0
32,No,Travel_Rarely,906.0,Sales,7,3.0,Life Sciences,420,4,Male,91.0,2.0,2.0,Sales Executive,3,Married,5484.0,16985.0,1,No,14.0,3.0,3.0,1.0,13,3.0,2,13,8.0,4.0,8.0
36,Yes,Travel_Rarely,360.0,Research & Development,7,3.0,Medical,1310,3,Male,93.0,3.0,1.0,Research Scientist,1,Single,3904.0,22154.0,0,No,13.0,3.0,1.0,0.0,6,2.0,3,5,2.0,0.0,3.0
36,No,Travel_Rarely,723.0,Sales,2,4.0,Marketing,1835,2,Female,77.0,1.0,2.0,Sales Representative,4,Married,5405.0,4244.0,2,Yes,20.0,4.0,1.0,2.0,20,4.0,2,4,2.0,0.0,3.0
49,No,Travel_Rarely,470.0,Research & Development,20,4.0,Medical,170,3,Female,96.0,3.0,2.0,Manufacturing Director,1,Married,6567.0,5549.0,1,No,14.0,3.0,3.0,0.0,16,2.0,2,15,11.0,5.0,11.0
43,No,Travel_Frequently,313.0,Research & Development,21,3.0,Medical,525,4,Male,61.0,3.0,1.0,Laboratory Technician,4,Married,2258.0,15238.0,7,No,20.0,4.0,1.0,1.0,8,1.0,3,3,2.0,1.0,2.0
39,No,Travel_Rarely,1206.0,Research & Development,9,2.0,Life Sciences,2705,2,Male,68.0,3.0,1.0,Research Scientist,4,Divorced,4967.0,14290.0,2,No,21.0,3.0,4.0,2.0,10,0.0,4,5,2.0,0.0,3.0
39,No,Travel_Frequently,672.0,Research & Development,7,2.0,Medical,444,3,Male,54.0,2.0,5.0,Manager,4,Married,16679.875,21141.0,1,No,15.0,3.0,1.0,1.0,21,2.0,3,21,9.0,13.0,3.0
27,No,Travel_Rarely,894.0,Research & Development,9,3.0,Medical,260,4,Female,99.0,3.0,1.0,Research Scientist,2,Single,2279.0,11781.0,1,No,16.0,3.0,4.0,0.0,7,2.0,2,7,7.0,0.0,3.0
38,No,Travel_Frequently,1391.0,Research & Development,10,1.0,Medical,1006,3,Male,66.0,3.0,1.0,Research Scientist,3,Married,2684.0,12127.0,0,No,17.0,3.0,2.0,1.0,3,0.0,2,2,1.0,0.0,2.0
36,No,Travel_Rarely,711.0,Research & Development,5,4.0,Life Sciences,1651,2,Female,42.0,3.0,3.0,Healthcare Representative,1,Married,8008.0,22792.0,4,No,12.0,3.0,3.0,2.0,9,6.0,3,3,2.0,0.0,2.0
18,No,Non-Travel,290.0,Research & Development,8,2.0,Life Sciences,2368,2,Male,75.0,3.0,1.0,Research Scientist,4,Single,1052.0,13491.0,1,No,17.0,3.0,4.0,0.0,0,2.0,3,0,0.0,0.0,0.0
30,No,Travel_Rarely,330.0,Human Resources,1,3.0,Life Sciences,1499,3,Male,46.0,3.0,1.0,Human Resources,3,Divorced,2064.0,15428.0,0,No,21.0,4.0,1.0,1.0,6,3.0,4,5,3.0,1.0,3.0
43,No,Travel_Rarely,823.0,Research & Development,6,3.0,Medical,1866,1,Female,81.0,2.0,5.0,Manager,3,Married,16679.875,22539.0,7,No,13.0,3.0,4.0,0.0,21,2.0,3,16,12.0,6.0,14.0
54,No,Travel_Rarely,155.0,Research & Development,9,2.0,Life Sciences,1969,1,Female,67.0,3.0,2.0,Research Scientist,3,Married,2897.0,22474.0,3,No,11.0,3.0,3.0,2.0,9,6.0,2,4,3.0,2.0,3.0
25,No,Travel_Rarely,1372.0,Sales,18,1.0,Life Sciences,1399,1,Male,93.0,4.0,2.0,Sales Executive,3,Married,6232.0,12477.0,2,No,11.0,3.0,2.0,0.0,6,3.0,2,3,2.0,1.0,2.0
34,No,Travel_Frequently,135.0,Research & Development,19,3.0,Medical,1285,3,Female,46.0,3.0,2.0,Laboratory Technician,2,Divorced,4444.0,22534.0,4,No,13.0,3.0,3.0,2.0,15,2.0,4,11,8.0,5.0,10.0
30,No,Travel_Rarely,995.0,Research & Development,12,3.0,Medical,2090,3,Female,74.0,3.0,1.0,Research Scientist,3,Divorced,2380.0,9831.0,5,No,18.0,3.0,2.0,1.0,7,2.0,3,5,2.0,2.0,2.0
27,Yes,Travel_Rarely,1420.0,Sales,2,1.0,Marketing,667,3,Male,85.0,3.0,1.0,Sales Representative,1,Divorced,3041.0,16346.0,0,No,11.0,3.0,2.0,1.0,5,3.0,3,4,3.0,0.0,2.0
30,No,Travel_Rarely,1092.0,Research & Development,10,3.0,Medical,1816,1,Female,64.0,3.0,3.0,Manufacturing Director,3,Single,9667.0,2739.0,9,No,14.0,3.0,2.0,0.0,9,3.0,3,7,7.0,0.0,2.0
39,Yes,Non-Travel,592.0,Research & Development,2,3.0,Life Sciences,1458,1,Female,54.0,2.0,1.0,Laboratory Technician,1,Single,3646.0,17181.0,2,Yes,23.0,4.0,2.0,0.0,11,2.0,4,1,0.0,0.0,0.0
50,No,Travel_Frequently,1421.0,Research & Development,2,3.0,Medical,1215,4,Female,30.0,3.0,4.0,Manager,1,Married,16679.875,9490.0,2,No,22.0,4.0,3.0,1.0,32,3.0,3,2,2.0,2.0,2.0
36,No,Travel_Rarely,164.0,Sales,2,2.0,Medical,513,2,Male,61.0,2.0,3.0,Sales Executive,3,Married,7596.0,3809.0,1,No,13.0,3.0,2.0,2.0,10,2.0,3,10,9.0,9.0,0.0
29,No,Travel_Rarely,1326.0,Research & Development,10,3.0,Life Sciences,2610,3,Male,80.0,3.0,2.0,Healthcare Representative,4,Divorced,6622.0,4201.0,1,Yes,9.0,3.0,2.0,2.0,9,2.0,3,4,0.0,1.0,0.0
37,No,Non-Travel,1252.0,Research & Development,19,2.0,Medical,904,1,Male,32.0,3.0,3.0,Sales Executive,2,Single,7642.0,4814.0,2,Yes,13.0,3.0,4.0,0.0,10,2.0,3,10,0.0,0.0,9.0
56,No,Non-Travel,180.0,Research & Development,7,1.0,Medical,2540,4,Male,38.0,2.0,4.0,Healthcare Representative,2,Divorced,13575.0,25589.0,1,Yes,12.0,3.0,4.0,1.0,31,3.0,3,33,9.0,15.0,0.0
25,No,Travel_Rarely,891.0,Sales,4,2.0,Life Sciences,527,2,Female,99.0,2.0,2.0,Sales Executive,4,Single,4487.0,12090.0,1,Yes,11.0,3.0,2.0,0.0,5,3.0,3,5,4.0,1.0,3.0
36,No,Travel_Frequently,1005.0,Research & Development,2,2.0,Life Sciences,2582,4,Male,97.0,3.0,2.0,Manufacturing Director,3,Single,4032.0,15834.0,2,No,8.0,3.0,4.0,0.0,2,3.0,2,3,2.0,0.0,2.0
40,Yes,Travel_Rarely,299.0,Sales,25,4.0,Marketing,1318,3,Male,57.0,2.0,3.0,Sales Executive,2,Single,9094.0,17235.0,2,Yes,12.0,3.0,3.0,0.0,9,2.0,3,5,4.0,1.0,0.0
33,Yes,Travel_Rarely,118.0,Sales,17,3.0,Marketing,2274,1,Female,69.0,3.0,2.0,Sales Executive,1,Single,5326.0,26506.0,5,No,15.0,3.0,3.0,0.0,10,3.0,3,4,2.0,0.0,2.0
33,Yes,Travel_Frequently,991.0,Human Resources,26,3.0,Human Resources,2346,2,Female,42.0,3.0,3.0,Human Resources,1,Divorced,9951.0,11532.0,9,Yes,16.0,3.0,3.0,3.0,12,2.0,3,2,2.0,0.0,2.0
29,No,Travel_Frequently,806.0,Research & Development,1,4.0,Life Sciences,710,2,Male,76.0,1.0,1.0,Research Scientist,4,Divorced,2720.0,18959.0,1,No,18.0,3.0,4.0,1.0,10,5.0,3,10,7.0,2.0,8.0
24,No,Travel_Rarely,1206.0,Research & Development,17,1.0,Medical,1009,4,Female,41.0,2.0,2.0,Manufacturing Director,3,Divorced,4377.0,24117.0,1,No,15.0,3.0,2.0,2.0,5,6.0,3,4,2.0,3.0,2.0
26,Yes,Travel_Frequently,342.0,Research & Development,2,3.0,Life Sciences,1053,1,Male,57.0,3.0,1.0,Research Scientist,1,Married,2042.0,15346.0,6,Yes,14.0,3.0,2.0,1.0,6,2.0,3,3,2.0,1.0,2.0
35,No,Travel_Rarely,326.0,Sales,18,4.0,Marketing,2228,3,Female,96.0,2.0,2.0,Sales Executive,1,Married,5647.0,13495.0,4,No,16.0,3.0,1.0,2.0,14,3.0,2,5,2.0,0.0,2.0
27,No,Non-Travel,691.0,Research & Development,9,3.0,Life Sciences,218,4,Male,57.0,3.0,1.0,Research Scientist,3,Divorced,2024.0,5970.0,6,No,18.0,3.0,4.0,1.0,6,1.0,1,2,2.0,2.0,2.0
27,No,Travel_Frequently,1131.0,Research & Development,7,3.0,Life Sciences,1870,4,Female,77.0,2.0,1.0,Research Scientist,1,Married,4774.0,23844.0,0,No,19.0,3.0,4.0,1.0,8,2.0,2,7,6.0,7.0,3.0
24,Yes,Travel_Rarely,1357.0,Research & Development,24,3.0,Life Sciences,2557,1,Male,51.0,1.0,1.0,Laboratory Technician,3,Single,2291.0,10558.0,1,No,15.0,3.0,3.0,0.0,10,2.0,2,2,0.0,0.0,1.0
33,No,Travel_Rarely,588.0,Research & Development,29,4.0,Life Sciences,2114,2,Male,77.0,3.0,2.0,Laboratory Technician,3,Married,5205.0,22949.0,1,Yes,13.0,3.0,2.0,1.0,16,3.0,3,15,14.0,5.0,7.0
48,No,Travel_Rarely,492.0,Sales,16,4.0,Life Sciences,1557,3,Female,96.0,3.0,2.0,Sales Executive,3,Divorced,6439.0,13693.0,8,No,14.0,3.0,3.0,1.0,18,2.0,3,8,7.0,7.0,7.0
45,No,Travel_Frequently,364.0,Research & Development,25,3.0,Medical,1306,2,Female,83.0,3.0,5.0,Manager,2,Single,16679.875,13035.0,3,No,22.0,4.0,3.0,0.0,22,4.0,3,0,0.0,0.0,0.0
34,Yes,Travel_Rarely,1107.0,Human Resources,9,4.0,Technical Degree,1467,1,Female,52.0,3.0,1.0,Human Resources,3,Married,2742.0,3072.0,1,No,15.0,3.0,4.0,0.0,2,0.0,3,2,2.0,2.0,2.0
39,No,Non-Travel,1251.0,Sales,21,4.0,Life Sciences,1929,1,Female,32.0,1.0,2.0,Sales Executive,3,Married,5736.0,3987.0,6,No,19.0,3.0,3.0,1.0,10,1.0,3,3,2.0,1.0,2.0
39,No,Non-Travel,105.0,Research & Development,9,3.0,Life Sciences,2022,4,Male,87.0,3.0,5.0,Manager,4,Single,16679.875,15302.0,2,No,13.0,3.0,3.0,0.0,21,3.0,2,5,0.0,1.0,3.0
28,No,Travel_Rarely,1083.0,Research & Development,29,1.0,Life Sciences,1514,3,Male,96.0,1.0,2.0,Manufacturing Director,2,Married,6549.0,3173.0,1,No,14.0,3.0,2.0,2.0,8,2.0,2,8,6.0,1.0,7.0
31,No,Travel_Rarely,196.0,Sales,29,4.0,Marketing,1784,1,Female,91.0,2.0,2.0,Sales Executive,4,Married,5468.0,13402.0,1,No,14.0,3.0,1.0,2.0,13,3.0,3,12,7.0,5.0,7.0
47,No,Travel_Rarely,664.0,Research & Development,7,2.0,Life Sciences,2597,2,Male,62.0,3.0,1.0,Research Scientist,1,Married,2559.0,7508.0,1,Yes,16.0,3.0,4.0,0.0,9,0.0,3,9,7.0,7.0,1.0
24,No,Non-Travel,673.0,Research & Development,11,2.0,Other,26,1,Female,96.0,4.0,2.0,Manufacturing Director,3,Divorced,4011.0,8232.0,0,No,18.0,3.0,4.0,1.0,5,5.0,2,4,2.0,1.0,3.0
36,No,Non-Travel,1434.0,Sales,8,4.0,Life Sciences,789,1,Male,76.0,2.0,3.0,Sales Executive,1,Single,7587.0,14229.0,1,No,15.0,3.0,2.0,0.0,10,1.0,3,10,7.0,0.0,9.0
45,No,Travel_Rarely,374.0,Sales,20,3.0,Life Sciences,2046,4,Female,50.0,3.0,2.0,Sales Executive,3,Single,4850.0,23333.0,8,No,15.0,3.0,3.0,0.0,8,3.0,3,5,3.0,0.0,1.0
39,No,Travel_Frequently,711.0,Research & Development,4,3.0,Medical,1633,1,Female,81.0,3.0,2.0,Manufacturing Director,3,Single,5042.0,3140.0,0,No,13.0,3.0,4.0,0.0,10,2.0,1,9,2.0,3.0,8.0
25,No,Travel_Rarely,957.0,Sales,7,3.0,Marketing,2159,4,Male,45.0,3.0,2.0,Sales Executive,4,Single,4102.0,5098.0,1,No,16.0,3.0,1.0,0.0,9,5.0,3,10,7.0,0.0,7.0
50,No,Non-Travel,881.0,Research & Development,2,4.0,Life Sciences,905,1,Male,98.0,3.0,4.0,Manager,1,Divorced,16679.875,4544.0,1,No,11.0,3.0,4.0,1.0,31,3.0,3,31,6.0,14.0,7.0
45,No,Non-Travel,805.0,Research & Development,7,2.0,Life Sciences,972,3,Male,57.0,3.0,2.0,Laboratory Technician,2,Married,4447.0,23163.0,1,No,12.0,3.0,2.0,0.0,9,5.0,2,9,7.0,0.0,8.0
27,No,Travel_Rarely,584.0,Research & Development,8,3.0,Medical,2187,3,Male,60.0,4.0,1.0,Research Scientist,3,Married,4402.0,17619.0,1,No,13.0,3.0,4.0,1.0,5,1.0,3,3,3.0,0.0,4.0
34,No,Travel_Rarely,254.0,Research & Development,1,2.0,Life Sciences,649,2,Male,83.0,2.0,1.0,Research Scientist,4,Married,3622.0,22794.0,1,Yes,13.0,3.0,4.0,1.0,10,3.0,3,6,5.0,1.0,3.0
39,Yes,Travel_Rarely,895.0,Research & Development,5,3.0,Technical Degree,42,4,Male,56.0,3.0,2.0,Sales Representative,4,Married,2086.0,3335.0,3,No,14.0,3.0,3.0,1.0,19,6.0,4,1,0.0,0.0,0.0
35,No,Travel_Rarely,1349.0,Research & Development,7,2.0,Life Sciences,1601,3,Male,63.0,2.0,1.0,Laboratory Technician,4,Married,2690.0,7713.0,1,No,18.0,3.0,4.0,1.0,1,5.0,2,1,0.0,0.0,1.0
36,No,Travel_Rarely,157.0,Research & Development,10,3.0,Medical,1980,3,Female,77.0,3.0,2.0,Manufacturing Director,1,Single,4440.0,25198.0,6,Yes,19.0,3.0,4.0,0.0,9,3.0,3,5,2.0,1.0,4.0
30,No,Travel_Rarely,1358.0,Sales,16,1.0,Life Sciences,1479,4,Male,96.0,3.0,2.0,Sales Executive,3,Married,5301.0,2939.0,8,No,15.0,3.0,3.0,2.0,4,2.0,2,2,1.0,2.0,2.0
37,No,Travel_Rarely,408.0,Research & Development,19,2.0,Life Sciences,61,2,Male,73.0,3.0,1.0,Research Scientist,2,Married,3022.0,10227.0,4,No,21.0,4.0,1.0,0.0,8,1.0,3,1,0.0,0.0,0.0
29,No,Travel_Rarely,468.0,Research & Development,28,4.0,Medical,2054,4,Female,73.0,2.0,1.0,Research Scientist,1,Single,3785.0,8489.0,1,No,14.0,3.0,2.0,0.0,5,3.0,1,5,4.0,0.0,4.0
33,No,Non-Travel,530.0,Sales,16,3.0,Life Sciences,1681,3,Female,36.0,3.0,2.0,Sales Executive,4,Divorced,5368.0,16130.0,2,Yes,25.0,4.0,3.0,1.0,7,2.0,3,6,5.0,1.0,2.0
46,No,Travel_Rarely,705.0,Sales,2,4.0,Marketing,38,3,Female,83.0,3.0,5.0,Manager,1,Single,16679.875,22822.0,3,No,12.0,3.0,4.0,0.0,22,2.0,2,2,2.0,2.0,1.0
43,No,Travel_Frequently,957.0,Research & Development,29,3.0,Medical,2194,2,Female,69.0,4.0,1.0,Research Scientist,3,Single,4736.0,16093.0,4,No,13.0,3.0,4.0,0.0,21,2.0,3,0,2.0,1.0,2.0
29,No,Travel_Rarely,332.0,Human Resources,17,3.0,Other,1419,2,Male,51.0,2.0,3.0,Human Resources,1,Single,7988.0,9769.0,1,No,13.0,3.0,1.0,0.0,10,3.0,2,10,9.0,0.0,9.0
50,No,Travel_Rarely,813.0,Research & Development,17,5.0,Life Sciences,1656,4,Female,50.0,2.0,3.0,Research Director,1,Divorced,13269.0,21981.0,5,No,15.0,3.0,3.0,3.0,19,3.0,3,14,11.0,1.0,11.0
43,No,Travel_Frequently,856.0,Research & Development,13,3.0,Life Sciences,2646,4,Male,91.0,2.0,4.0,Manager,1,Divorced,16679.875,12889.0,4,No,15.0,3.0,2.0,1.0,19,2.0,2,9,6.0,7.0,7.0
40,No,Travel_Frequently,592.0,Research & Development,7,4.0,Medical,2376,2,Female,86.0,3.0,3.0,Research Director,3,Single,13498.0,13784.0,9,No,20.0,3.0,3.0,0.0,19,3.0,3,18,7.0,2.0,13.0
26,No,Travel_Rarely,1330.0,Research & Development,1,3.0,Life Sciences,2609,3,Male,74.0,3.0,1.0,Research Scientist,2,Married,2706.0,4957.0,0,No,23.0,4.0,4.0,1.0,3,3.0,3,4,4.0,0.0,4.0
43,No,Travel_Rarely,1291.0,Research & Development,15,2.0,Life Sciences,1666,3,Male,65.0,2.0,4.0,Research Director,3,Married,16679.875,3525.0,1,No,24.0,4.0,1.0,1.0,14,3.0,3,14,10.0,6.0,11.0
53,No,Non-Travel,661.0,Research & Development,1,4.0,Medical,1775,1,Female,60.0,2.0,4.0,Manufacturing Director,3,Married,12965.0,22308.0,4,Yes,20.0,4.0,4.0,3.0,27,2.0,2,3,2.0,0.0,2.0
54,No,Travel_Rarely,397.0,Human Resources,19,4.0,Life Sciences,698,3,Male,88.0,3.0,3.0,Human Resources,3,Married,10725.0,6729.0,2,No,15.0,3.0,3.0,1.0,16,1.0,4,9,7.0,7.0,1.0
36,No,Non-Travel,894.0,Research & Development,1,4.0,Medical,1662,4,Female,33.0,2.0,2.0,Manufacturing Director,3,Married,4374.0,15411.0,0,No,15.0,3.0,3.0,0.0,4,6.0,3,3,2.0,1.0,2.0
27,No,Travel_Rarely,608.0,Research & Development,1,2.0,Life Sciences,725,3,Female,68.0,3.0,3.0,Manufacturing Director,3,Married,7412.0,6009.0,1,No,11.0,3.0,4.0,0.0,9,3.0,3,9,7.0,0.0,7.0
44,No,Travel_Rarely,1199.0,Research & Development,4,2.0,Life Sciences,1288,3,Male,92.0,4.0,5.0,Manager,1,Divorced,16679.875,17477.0,1,No,14.0,3.0,4.0,2.0,26,4.0,2,25,9.0,14.0,13.0
30,No,Travel_Frequently,160.0,Research & Development,3,3.0,Medical,680,3,Female,71.0,3.0,1.0,Research Scientist,3,Divorced,2083.0,22653.0,1,No,20.0,4.0,3.0,1.0,10,2.0,3,1,0.0,0.0,0.0
34,No,Travel_Rarely,1303.0,Research & Development,2,4.0,Life Sciences,579,4,Male,62.0,2.0,1.0,Research Scientist,3,Divorced,2768.0,8416.0,3,No,12.0,3.0,3.0,1.0,14,3.0,3,7,3.0,5.0,7.0
42,No,Travel_Rarely,916.0,Research & Development,17,2.0,Life Sciences,347,4,Female,82.0,4.0,2.0,Research Scientist,1,Single,6545.0,23016.0,3,Yes,13.0,3.0,3.0,0.0,10,1.0,3,3,2.0,0.0,2.0
27,No,Travel_Rarely,205.0,Sales,10,3.0,Marketing,1403,4,Female,98.0,2.0,2.0,Sales Executive,4,Married,5769.0,7100.0,2,Yes,11.0,3.0,4.0,0.0,6,3.0,3,6,2.0,4.0,4.0
37,No,Travel_Rarely,923.0,Research & Development,5,2.0,Life Sciences,2699,1,Female,37.0,3.0,1.0,Laboratory Technician,4,Divorced,2832.0,2558.0,5,No,23.0,4.0,1.0,1.0,9,2.0,3,3,0.0,0.0,0.0
50,Yes,Non-Travel,664.0,Research & Development,30,4.0,Life Sciences,2653,1,Male,88.0,3.0,3.0,Manager,2,Married,11850.0,10269.0,1,Yes,11.0,3.0,4.0,1.0,12,2.0,2,11,7.0,9.0,9.0
31,No,Travel_Rarely,1084.0,Research & Development,10,1.0,Medical,2507,1,Female,64.0,2.0,1.0,Laboratory Technician,4,Divorced,2530.0,6052.0,6,No,15.0,3.0,3.0,3.0,9,5.0,3,1,3.0,0.0,3.0
51,Yes,Travel_Rarely,1323.0,Research & Development,4,4.0,Life Sciences,1081,1,Male,34.0,3.0,1.0,Research Scientist,3,Married,2461.0,10332.0,9,Yes,12.0,3.0,3.0,3.0,18,2.0,4,10,0.0,2.0,7.0
41,Yes,Travel_Frequently,143.0,Sales,4,3.0,Marketing,488,1,Male,56.0,3.0,2.0,Sales Executive,2,Single,9355.0,9558.0,1,No,18.0,3.0,3.0,0.0,8,5.0,3,8,7.0,7.0,7.0
54,No,Travel_Frequently,1050.0,Research & Development,11,4.0,Medical,1520,2,Female,87.0,3.0,4.0,Manager,4,Divorced,4967.0,24456.0,3,No,20.0,4.0,1.0,1.0,26,2.0,3,14,9.0,1.0,12.0
44,No,Travel_Rarely,136.0,Research & Development,28,3.0,Life Sciences,1523,4,Male,32.0,3.0,4.0,Research Director,1,Married,16328.0,22074.0,3,No,13.0,3.0,3.0,1.0,24,1.0,4,20,6.0,14.0,17.0
21,No,Non-Travel,672.0,Research & Development,12,2.0,Other,2207,1,Female,93.0,4.0,2.0,Manufacturing Director,3,Divorced,4011.0,8234.0,0,No,15.0,3.0,4.0,1.0,3,5.0,2,7,2.0,1.0,3.0
36,No,Travel_Rarely,188.0,Research & Development,7,4.0,Other,949,2,Male,65.0,3.0,1.0,Research Scientist,4,Single,4678.0,23293.0,2,No,18.0,3.0,3.0,0.0,8,6.0,3,6,2.0,0.0,1.0
31,No,Travel_Frequently,808.0,Research & Development,7,4.0,Life Sciences,2490,3,Male,73.0,1.0,1.0,Research Scientist,4,Divorced,2718.0,18956.0,1,No,19.0,3.0,4.0,1.0,7,5.0,3,11,7.0,2.0,8.0
43,No,Travel_Frequently,1082.0,Research & Development,27,3.0,Life Sciences,1126,3,Female,83.0,3.0,3.0,Manufacturing Director,1,Married,10820.0,11535.0,8,No,11.0,3.0,3.0,1.0,18,1.0,3,8,7.0,0.0,1.0
48,No,Travel_Rarely,277.0,Research & Development,6,3.0,Life Sciences,1022,1,Male,97.0,2.0,2.0,Healthcare Representative,3,Single,4240.0,13119.0,2,No,13.0,3.0,4.0,0.0,19,0.0,3,2,2.0,2.0,2.0
34,No,Travel_Rarely,1326.0,Sales,3,3.0,Other,1478,4,Male,81.0,1.0,2.0,Sales Executive,1,Single,4759.0,15891.0,3,No,18.0,3.0,4.0,0.0,15,2.0,3,13,9.0,3.0,12.0
36,No,Travel_Frequently,566.0,Research & Development,18,4.0,Life Sciences,407,3,Male,81.0,4.0,1.0,Laboratory Technician,4,Married,4967.0,7122.0,2,No,18.0,3.0,4.0,2.0,4,2.0,3,1,0.0,0.0,0.0
53,No,Travel_Rarely,346.0,Research & Development,6,3.0,Life Sciences,769,4,Male,86.0,3.0,2.0,Laboratory Technician,4,Single,2450.0,10919.0,2,No,17.0,3.0,4.0,0.0,19,4.0,3,2,2.0,2.0,2.0
54,No,Travel_Rarely,376.0,Research & Development,19,4.0,Medical,799,3,Female,95.0,3.0,2.0,Manufacturing Director,1,Divorced,5485.0,22670.0,9,Yes,11.0,3.0,2.0,2.0,9,4.0,3,5,3.0,1.0,4.0
53,No,Travel_Rarely,1219.0,Sales,2,4.0,Life Sciences,23,1,Female,78.0,2.0,4.0,Manager,4,Married,15427.0,22021.0,2,No,16.0,3.0,3.0,0.0,31,3.0,3,25,8.0,3.0,7.0
29,No,Travel_Rarely,657.0,Research & Development,27,3.0,Medical,793,2,Female,66.0,3.0,2.0,Healthcare Representative,3,Married,4335.0,25549.0,4,No,12.0,3.0,1.0,1.0,11,3.0,2,8,7.0,1.0,1.0
36,No,Travel_Rarely,1383.0,Research & Development,10,3.0,Life Sciences,1790,4,Male,90.0,3.0,3.0,Healthcare Representative,1,Married,4967.0,25949.0,7,Yes,13.0,3.0,4.0,1.0,15,1.0,3,12,8.0,5.0,7.0
59,No,Travel_Rarely,142.0,Research & Development,3,3.0,Life Sciences,309,3,Male,70.0,2.0,1.0,Research Scientist,4,Married,2177.0,8456.0,3,No,17.0,3.0,1.0,1.0,7,6.0,3,1,0.0,0.0,0.0
36,No,Travel_Rarely,1041.0,Human Resources,13,3.0,Human Resources,829,3,Male,36.0,3.0,1.0,Human Resources,2,Married,2143.0,25527.0,4,No,13.0,3.0,2.0,1.0,8,2.0,3,5,2.0,0.0,4.0
32,No,Travel_Frequently,795.0,Sales,17,3.0,Life Sciences,2488,3,Male,65.0,4.0,1.0,Sales Representative,4,Married,2792.0,21981.0,0,No,12.0,3.0,1.0,1.0,5,4.0,3,1,2.0,2.0,2.0
30,No,Non-Travel,1400.0,Research & Development,3,3.0,Life Sciences,562,3,Male,53.0,3.0,1.0,Laboratory Technician,4,Married,2097.0,16734.0,4,No,15.0,3.0,3.0,1.0,9,3.0,1,5,3.0,1.0,4.0
29,Yes,Travel_Rarely,415.0,Sales,1,4.0,Marketing,2437,3,Male,79.0,2.0,2.0,Sales Executive,2,Single,9908.0,26186.0,7,Yes,10.0,3.0,3.0,0.0,9,3.0,2,4,2.0,2.0,2.0
35,No,Travel_Rarely,185.0,Research & Development,23,4.0,Medical,1826,2,Male,91.0,1.0,1.0,Laboratory Technician,3,Married,2705.0,9696.0,0,No,16.0,3.0,2.0,1.0,6,2.0,4,5,4.0,0.0,3.0
30,Yes,Travel_Frequently,600.0,Human Resources,8,3.0,Human Resources,1747,3,Female,66.0,2.0,1.0,Human Resources,4,Divorced,2180.0,9732.0,6,No,11.0,3.0,3.0,1.0,6,0.0,2,4,2.0,1.0,2.0
38,Yes,Travel_Rarely,298.0,Sales,24,4.0,Marketing,2530,4,Male,60.0,2.0,3.0,Sales Executive,2,Single,9096.0,17237.0,2,Yes,15.0,3.0,3.0,0.0,12,2.0,3,4,4.0,1.0,0.0
41,No,Travel_Rarely,930.0,Sales,3,3.0,Life Sciences,2037,3,Male,57.0,2.0,2.0,Sales Executive,2,Divorced,8938.0,12227.0,2,No,11.0,3.0,3.0,1.0,14,5.0,3,5,4.0,0.0,4.0
45,No,Non-Travel,1052.0,Sales,6,3.0,Medical,302,4,Female,57.0,2.0,3.0,Sales Executive,4,Single,8865.0,16840.0,6,No,12.0,3.0,4.0,0.0,23,2.0,3,19,7.0,12.0,8.0
38,No,Travel_Rarely,849.0,Research & Development,25,2.0,Life Sciences,421,1,Female,81.0,2.0,3.0,Research Director,2,Married,12061.0,26707.0,3,No,17.0,3.0,3.0,1.0,19,2.0,3,10,8.0,0.0,1.0
51,No,Travel_Rarely,1169.0,Research & Development,7,4.0,Medical,211,2,Male,34.0,2.0,2.0,Manufacturing Director,3,Married,6132.0,13983.0,2,No,17.0,3.0,3.0,0.0,10,2.0,3,1,0.0,0.0,0.0
19,Yes,Travel_Frequently,602.0,Sales,7,1.0,Technical Degree,235,3,Female,100.0,1.0,1.0,Sales Representative,1,Single,2325.0,20989.0,0,No,21.0,4.0,1.0,0.0,1,5.0,4,0,0.0,0.0,0.0
39,No,Travel_Rarely,613.0,Research & Development,6,1.0,Medical,2062,4,Male,42.0,2.0,3.0,Healthcare Representative,1,Married,9991.0,21457.0,4,No,15.0,3.0,1.0,1.0,9,5.0,3,7,7.0,1.0,7.0
28,No,Travel_Rarely,144.0,Sales,13,1.0,Marketing,2474,4,Female,39.0,2.0,2.0,Sales Executive,2,Divorced,8270.0,11866.0,1,Yes,13.0,3.0,1.0,2.0,10,2.0,3,8,7.0,1.0,7.0
39,No,Travel_Rarely,903.0,Sales,2,5.0,Life Sciences,985,1,Male,41.0,4.0,3.0,Sales Executive,3,Single,7880.0,2560.0,0,No,18.0,3.0,4.0,0.0,9,3.0,3,8,7.0,0.0,7.0
44,Yes,Travel_Frequently,920.0,Research & Development,24,3.0,Life Sciences,392,4,Male,43.0,3.0,1.0,Laboratory Technician,3,Divorced,3161.0,19920.0,3,Yes,22.0,4.0,4.0,1.0,19,0.0,1,1,0.0,0.0,0.0
29,No,Travel_Rarely,441.0,Research & Development,8,1.0,Other,1544,3,Female,39.0,1.0,2.0,Healthcare Representative,1,Married,9715.0,7288.0,3,No,13.0,3.0,3.0,1.0,9,3.0,3,7,7.0,0.0,7.0
26,Yes,Travel_Frequently,426.0,Human Resources,17,4.0,Life Sciences,608,2,Female,58.0,3.0,1.0,Human Resources,3,Divorced,2741.0,22808.0,0,Yes,11.0,3.0,2.0,1.0,8,2.0,2,7,7.0,1.0,0.0
24,No,Travel_Rarely,1127.0,Research & Development,7,1.0,Life Sciences,150,2,Male,52.0,3.0,1.0,Laboratory Technician,3,Married,2774.0,13257.0,0,No,12.0,3.0,3.0,1.0,6,2.0,3,5,3.0,1.0,2.0
29,No,Travel_Rarely,1328.0,Research & Development,2,3.0,Life Sciences,94,3,Male,76.0,3.0,1.0,Research Scientist,2,Married,2703.0,4956.0,0,No,23.0,4.0,4.0,1.0,6,3.0,3,5,4.0,0.0,4.0
21,No,Travel_Rarely,501.0,Sales,5,1.0,Medical,2021,3,Male,58.0,3.0,1.0,Sales Representative,1,Single,2380.0,25479.0,1,Yes,11.0,3.0,4.0,0.0,2,6.0,3,2,2.0,1.0,2.0
55,No,Travel_Rarely,111.0,Sales,1,2.0,Life Sciences,106,1,Male,70.0,3.0,3.0,Sales Executive,4,Married,10239.0,18092.0,3,No,14.0,3.0,4.0,1.0,24,4.0,3,1,0.0,1.0,0.0
26,No,Travel_Rarely,177.0,Research & Development,0,1.0,Medical,2427,1,Male,64.0,4.0,1.0,Research Scientist,1,Single,4967.0,21635.0,7,No,12.0,3.0,3.0,0.0,8,3.0,2,6,3.0,0.0,1.0
29,No,Travel_Rarely,1389.0,Research & Development,21,4.0,Life Sciences,20,2,Female,51.0,4.0,3.0,Manufacturing Director,1,Divorced,9980.0,10195.0,1,No,11.0,3.0,3.0,1.0,10,1.0,3,10,9.0,8.0,8.0
38,No,Travel_Rarely,327.0,Research & Development,2,3.0,Life Sciences,2636,4,Female,97.0,3.0,1.0,Research Scientist,3,Married,2545.0,11871.0,4,No,10.0,3.0,2.0,1.0,5,3.0,3,3,2.0,2.0,2.0
41,No,Travel_Rarely,427.0,Human Resources,10,4.0,Human Resources,731,2,Male,73.0,2.0,5.0,Manager,4,Divorced,16679.875,8861.0,3,No,15.0,3.0,2.0,3.0,23,2.0,2,21,6.0,12.0,6.0
51,No,Travel_Rarely,1083.0,Research & Development,7,2.0,Medical,2613,4,Female,57.0,4.0,2.0,Manufacturing Director,1,Divorced,4452.0,26252.0,1,No,13.0,3.0,3.0,2.0,2,3.0,3,7,2.0,1.0,3.0
51,No,Travel_Frequently,237.0,Sales,9,3.0,Life Sciences,1282,4,Male,83.0,3.0,5.0,Manager,2,Divorced,16679.875,19196.0,2,Yes,24.0,4.0,1.0,1.0,31,5.0,2,29,10.0,11.0,10.0
42,No,Travel_Rarely,319.0,Research & Development,24,3.0,Medical,605,4,Male,56.0,3.0,3.0,Manufacturing Director,1,Married,7406.0,6950.0,1,Yes,21.0,4.0,4.0,1.0,10,5.0,2,10,9.0,5.0,8.0
28,No,Travel_Rarely,320.0,Research & Development,0,3.0,Life Sciences,2390,3,Female,46.0,1.0,2.0,Manufacturing Director,4,Single,6088.0,24796.0,2,No,19.0,4.0,3.0,0.0,13,2.0,3,6,4.0,0.0,2.0
50,No,Travel_Rarely,1003.0,Research & Development,7,3.0,Life Sciences,2406,3,Female,95.0,2.0,3.0,Manufacturing Director,2,Divorced,10334.0,19268.0,8,Yes,12.0,3.0,3.0,1.0,26,4.0,3,23,11.0,14.0,10.0
28,No,Travel_Rarely,1300.0,Research & Development,7,2.0,Medical,536,3,Male,79.0,3.0,2.0,Laboratory Technician,1,Divorced,4558.0,13535.0,1,No,12.0,3.0,4.0,1.0,10,2.0,3,10,0.0,1.0,8.0
50,No,Travel_Rarely,1472.0,Research & Development,11,4.0,Life Sciences,2718,2,Male,80.0,2.0,3.0,Research Director,2,Married,12488.0,15737.0,5,No,18.0,3.0,4.0,2.0,18,5.0,1,13,9.0,4.0,7.0
37,No,Travel_Rarely,167.0,Research & Development,1,3.0,Life Sciences,2113,3,Female,82.0,3.0,3.0,Manufacturing Director,3,Single,7860.0,15398.0,4,Yes,17.0,3.0,4.0,0.0,9,4.0,4,2,0.0,0.0,0.0
44,No,Travel_Rarely,1179.0,Sales,1,3.0,Medical,2688,4,Male,73.0,3.0,2.0,Sales Executive,4,Married,7849.0,6066.0,2,Yes,19.0,3.0,1.0,1.0,13,3.0,3,8,9.0,8.0,8.0
34,Yes,Non-Travel,1474.0,Sales,8,4.0,Other,2164,4,Male,60.0,4.0,2.0,Sales Executive,3,Married,4707.0,23912.0,8,No,12.0,3.0,4.0,0.0,6,2.0,3,4,2.0,1.0,2.0
55,No,Travel_Rarely,831.0,Research & Development,6,3.0,Medical,2690,3,Male,80.0,3.0,4.0,Healthcare Representative,4,Married,11102.0,20422.0,7,No,14.0,3.0,3.0,0.0,30,1.0,2,7,7.0,1.0,1.0
27,No,Travel_Rarely,1055.0,Research & Development,2,4.0,Life Sciences,1027,1,Female,47.0,3.0,2.0,Manufacturing Director,4,Married,4227.0,4658.0,0,No,18.0,3.0,2.0,1.0,4,2.0,3,3,2.0,2.0,2.0
37,No,Travel_Rarely,921.0,Research & Development,10,3.0,Medical,486,3,Female,98.0,3.0,1.0,Laboratory Technician,1,Married,3452.0,17663.0,6,No,20.0,4.0,2.0,1.0,17,3.0,3,5,4.0,0.0,3.0
43,No,Travel_Frequently,1371.0,Research & Development,31,4.0,Technical Degree,2252,4,Female,86.0,2.0,2.0,Healthcare Representative,4,Married,4520.0,4387.0,0,No,14.0,3.0,4.0,3.0,7,4.0,4,6,5.0,0.0,4.0
37,No,Non-Travel,1040.0,Research & Development,2,2.0,Life Sciences,139,3,Male,100.0,2.0,2.0,Healthcare Representative,4,Divorced,5163.0,15850.0,5,No,14.0,3.0,4.0,1.0,17,2.0,4,1,0.0,0.0,0.0
36,No,Travel_Frequently,766.0,Sales,20,3.0,Life Sciences,1812,3,Male,83.0,3.0,2.0,Sales Executive,4,Divorced,4127.0,19188.0,2,No,18.0,3.0,4.0,1.0,7,6.0,3,2,1.0,2.0,2.0
43,No,Travel_Frequently,580.0,Sales,3,4.0,Life Sciences,2676,4,Male,48.0,2.0,3.0,Sales Executive,1,Married,10474.0,23772.0,5,Yes,22.0,4.0,3.0,1.0,23,2.0,3,17,13.0,1.0,12.0
34,Yes,Travel_Rarely,246.0,Sales,6,4.0,Life Sciences,2553,2,Male,77.0,1.0,2.0,Sales Executive,3,Married,6175.0,20740.0,4,Yes,17.0,3.0,2.0,0.0,12,3.0,2,8,7.0,7.0,7.0
43,No,Travel_Rarely,177.0,Research & Development,8,3.0,Life Sciences,920,1,Female,55.0,3.0,2.0,Manufacturing Director,2,Divorced,4765.0,23814.0,4,No,21.0,4.0,3.0,1.0,4,2.0,4,1,0.0,0.0,0.0
32,No,Non-Travel,976.0,Sales,26,4.0,Marketing,333,3,Male,100.0,3.0,2.0,Sales Executive,4,Married,4465.0,12069.0,0,No,18.0,3.0,1.0,0.0,4,2.0,3,3,2.0,2.0,2.0
35,No,Travel_Rarely,144.0,Research & Development,22,3.0,Life Sciences,577,4,Male,46.0,1.0,1.0,Laboratory Technician,3,Single,4230.0,19225.0,0,No,15.0,3.0,3.0,0.0,6,2.0,3,5,4.0,4.0,3.0
40,No,Travel_Rarely,1308.0,Research & Development,14,3.0,Medical,1128,3,Male,44.0,2.0,5.0,Research Director,3,Single,16679.875,17544.0,1,No,14.0,3.0,1.0,0.0,21,2.0,4,20,7.0,4.0,9.0
31,No,Travel_Rarely,1003.0,Sales,5,3.0,Technical Degree,1749,1,Male,51.0,3.0,2.0,Sales Executive,3,Married,8346.0,20943.0,1,No,19.0,3.0,3.0,1.0,6,3.0,3,5,2.0,0.0,2.0
31,No,Travel_Rarely,741.0,Research & Development,2,4.0,Life Sciences,1721,2,Male,69.0,3.0,1.0,Laboratory Technician,3,Married,3477.0,18103.0,1,No,14.0,3.0,4.0,1.0,10,2.0,4,5,2.0,0.0,3.0
48,No,Travel_Rarely,196.0,Research & Development,4,4.0,Other,2168,4,Male,49.0,3.0,3.0,Research Director,1,Married,13246.0,15068.0,4,Yes,17.0,3.0,2.0,0.0,18,3.0,4,1,0.0,0.0,0.0
32,Yes,Travel_Rarely,208.0,Sales,14,3.0,Life Sciences,2218,1,Female,73.0,3.0,3.0,Sales Executive,1,Single,8566.0,10095.0,2,Yes,17.0,4.0,3.0,0.0,8,2.0,2,2,0.0,0.0,0.0
22,No,Travel_Rarely,1230.0,Research & Development,1,2.0,Life Sciences,872,3,Male,33.0,2.0,2.0,Manufacturing Director,4,Married,4775.0,19146.0,6,No,22.0,4.0,1.0,2.0,4,2.0,1,2,2.0,2.0,2.0
24,No,Travel_Rarely,1353.0,Sales,3,2.0,Other,128,1,Female,33.0,3.0,2.0,Sales Executive,3,Married,4999.0,17519.0,0,No,21.0,4.0,1.0,1.0,4,2.0,2,5,2.0,0.0,2.0
37,No,Non-Travel,142.0,Sales,9,4.0,Medical,626,1,Male,69.0,3.0,3.0,Sales Executive,2,Divorced,8834.0,24666.0,1,No,13.0,3.0,4.0,1.0,9,6.0,3,9,5.0,7.0,7.0
36,No,Travel_Rarely,816.0,Human Resources,6,2.0,Medical,2464,3,Male,53.0,3.0,1.0,Human Resources,3,Married,4967.0,25655.0,8,No,18.0,3.0,4.0,0.0,6,2.0,2,5,2.0,2.0,2.0
28,No,Travel_Rarely,306.0,Human Resources,7,3.0,Human Resources,2115,3,Female,79.0,3.0,1.0,Human Resources,2,Married,2184.0,19656.0,4,No,15.0,3.0,3.0,0.0,5,3.0,3,1,0.0,1.0,2.0
32,No,Travel_Rarely,977.0,Research & Development,2,3.0,Medical,1671,4,Male,45.0,3.0,2.0,Research Scientist,2,Divorced,4967.0,25518.0,0,No,13.0,3.0,3.0,2.0,10,4.0,2,9,5.0,1.0,6.0
34,No,Travel_Rarely,1153.0,Research & Development,1,2.0,Medical,110,1,Male,94.0,3.0,2.0,Manufacturing Director,2,Married,4325.0,17736.0,1,No,15.0,3.0,3.0,0.0,5,2.0,3,5,2.0,1.0,3.0
53,No,Travel_Rarely,1376.0,Sales,2,2.0,Medical,981,3,Male,45.0,3.0,4.0,Manager,3,Divorced,14852.0,13938.0,6,No,13.0,3.0,3.0,1.0,22,3.0,4,17,13.0,15.0,2.0
31,No,Travel_Rarely,1115.0,Sales,2,4.0,Life Sciences,2317,1,Female,67.0,3.0,2.0,Sales Executive,4,Married,5477.0,22591.0,1,No,9.0,3.0,1.0,2.0,8,2.0,3,10,0.0,0.0,2.0
36,No,Travel_Rarely,1299.0,Research & Development,27,3.0,Medical,13,3,Male,94.0,3.0,2.0,Healthcare Representative,3,Married,5237.0,16577.0,6,No,13.0,3.0,2.0,2.0,17,3.0,2,7,7.0,7.0,7.0
42,No,Travel_Rarely,933.0,Research & Development,7,3.0,Life Sciences,836,2,Male,98.0,3.0,2.0,Manufacturing Director,2,Married,4434.0,11806.0,1,No,13.0,3.0,4.0,1.0,10,3.0,2,9,8.0,7.0,8.0
42,No,Non-Travel,179.0,Human Resources,7,5.0,Medical,1231,4,Male,79.0,4.0,2.0,Human Resources,1,Married,6272.0,12858.0,7,No,16.0,3.0,1.0,1.0,10,3.0,4,4,3.0,0.0,3.0
22,Yes,Travel_Rarely,391.0,Research & Development,7,1.0,Life Sciences,1878,4,Male,75.0,3.0,1.0,Research Scientist,2,Single,2472.0,26092.0,1,Yes,23.0,4.0,1.0,0.0,1,2.0,3,1,0.0,0.0,0.0
36,No,Travel_Rarely,796.0,Research & Development,12,5.0,Medical,1073,4,Female,51.0,2.0,3.0,Manufacturing Director,4,Single,8858.0,15669.0,0,No,11.0,3.0,2.0,0.0,15,2.0,2,14,8.0,7.0,8.0
34,No,Travel_Rarely,1239.0,Sales,13,4.0,Medical,1951,4,Male,39.0,3.0,3.0,Sales Executive,3,Divorced,8628.0,22914.0,1,No,18.0,3.0,3.0,1.0,9,2.0,2,8,7.0,1.0,1.0
35,Yes,Travel_Rarely,737.0,Sales,10,3.0,Medical,1639,4,Male,55.0,2.0,3.0,Sales Executive,1,Married,10306.0,21530.0,9,No,17.0,3.0,3.0,0.0,15,3.0,3,13,12.0,6.0,0.0
35,No,Travel_Rarely,1315.0,Research & Development,22,3.0,Life Sciences,381,2,Female,71.0,4.0,3.0,Manager,3,Divorced,11996.0,19100.0,7,No,18.0,3.0,2.0,1.0,10,6.0,2,7,7.0,6.0,2.0
23,No,Travel_Rarely,571.0,Research & Development,12,2.0,Other,1982,4,Male,78.0,3.0,1.0,Laboratory Technician,4,Single,2647.0,13672.0,1,No,13.0,3.0,3.0,0.0,5,6.0,4,5,2.0,1.0,4.0
48,No,Travel_Frequently,1297.0,Research & Development,2,4.0,Medical,2191,2,Male,46.0,3.0,2.0,Healthcare Representative,3,Single,5399.0,14514.0,2,No,11.0,3.0,3.0,0.0,14,3.0,3,7,2.0,0.0,3.0
39,No,Travel_Rarely,867.0,Research & Development,9,2.0,Medical,1936,1,Male,87.0,3.0,2.0,Manufacturing Director,1,Married,5151.0,12315.0,1,No,25.0,4.0,4.0,1.0,10,3.0,3,10,0.0,7.0,9.0
24,No,Travel_Rarely,267.0,Research & Development,5,1.0,Technical Degree,2395,3,Male,44.0,2.0,3.0,Research Director,4,Divorced,12805.0,8839.0,1,Yes,15.0,3.0,2.0,1.0,11,3.0,3,11,8.0,0.0,8.0
30,No,Travel_Rarely,288.0,Research & Development,7,3.0,Life Sciences,117,3,Male,99.0,2.0,2.0,Healthcare Representative,4,Married,4152.0,15830.0,1,No,19.0,3.0,1.0,3.0,11,3.0,3,11,10.0,10.0,8.0
40,No,Travel_Frequently,530.0,Research & Development,1,4.0,Life Sciences,119,3,Male,78.0,2.0,4.0,Healthcare Representative,2,Married,13503.0,14115.0,1,No,22.0,4.0,4.0,1.0,22,3.0,2,22,3.0,11.0,11.0
38,No,Travel_Frequently,1186.0,Research & Development,3,4.0,Other,1060,3,Male,44.0,3.0,1.0,Research Scientist,3,Married,2821.0,2997.0,3,No,16.0,3.0,1.0,1.0,8,2.0,3,2,2.0,2.0,2.0
53,No,Travel_Rarely,1070.0,Research & Development,3,4.0,Medical,386,3,Male,45.0,3.0,4.0,Research Director,3,Married,16679.875,21016.0,3,Yes,16.0,3.0,4.0,3.0,21,5.0,2,5,3.0,1.0,3.0
29,Yes,Travel_Frequently,337.0,Research & Development,14,1.0,Other,1421,3,Female,84.0,3.0,3.0,Healthcare Representative,4,Single,4967.0,22930.0,0,Yes,12.0,3.0,1.0,0.0,9,1.0,3,8,7.0,7.0,7.0
47,No,Travel_Rarely,249.0,Sales,2,2.0,Marketing,903,3,Female,35.0,3.0,2.0,Sales Executive,4,Married,4537.0,17783.0,0,Yes,22.0,4.0,1.0,1.0,8,2.0,3,7,6.0,7.0,7.0
34,No,Travel_Rarely,810.0,Sales,7,2.0,Technical Degree,2083,2,Male,90.0,4.0,2.0,Sales Executive,3,Married,6801.0,22126.0,1,No,22.0,4.0,3.0,2.0,11,5.0,3,10,8.0,4.0,8.0
49,Yes,Travel_Rarely,866.0,Sales,1,2.0,Marketing,2422,1,Male,83.0,2.0,1.0,Sales Representative,3,Married,2685.0,3808.0,1,Yes,13.0,3.0,3.0,0.0,6,2.0,3,3,2.0,0.0,2.0
29,No,Travel_Rarely,726.0,Research & Development,29,1.0,Life Sciences,1859,4,Male,93.0,1.0,2.0,Healthcare Representative,3,Divorced,6384.0,21143.0,8,No,17.0,3.0,4.0,2.0,11,3.0,3,7,0.0,1.0,6.0
31,Yes,Travel_Rarely,991.0,Research & Development,0,3.0,Technical Degree,2454,3,Male,82.0,3.0,1.0,Research Scientist,3,Single,2055.0,19755.0,0,No,11.0,3.0,4.0,0.0,4,1.0,2,4,2.0,1.0,5.0
32,No,Travel_Frequently,585.0,Research & Development,10,3.0,Life Sciences,1720,1,Male,56.0,3.0,1.0,Research Scientist,3,Married,3433.0,17360.0,6,No,13.0,3.0,1.0,1.0,10,3.0,2,5,2.0,1.0,3.0
32,No,Travel_Rarely,267.0,Research & Development,29,4.0,Life Sciences,2010,3,Female,49.0,2.0,1.0,Laboratory Technician,2,Single,2837.0,15919.0,1,No,13.0,3.0,3.0,0.0,6,3.0,3,6,2.0,4.0,1.0
28,No,Travel_Frequently,783.0,Sales,1,2.0,Life Sciences,1927,3,Male,42.0,2.0,2.0,Sales Executive,4,Married,6834.0,19255.0,1,Yes,12.0,3.0,3.0,1.0,7,2.0,3,7,7.0,0.0,7.0
39,No,Non-Travel,1485.0,Research & Development,25,2.0,Life Sciences,1397,3,Male,71.0,3.0,3.0,Healthcare Representative,3,Married,10920.0,3449.0,3,No,21.0,4.0,2.0,1.0,13,2.0,3,6,4.0,0.0,5.0
46,No,Non-Travel,1144.0,Research & Development,7,4.0,Medical,487,3,Female,30.0,3.0,2.0,Manufacturing Director,3,Married,5258.0,16044.0,2,No,14.0,3.0,3.0,0.0,7,2.0,3,1,0.0,0.0,0.0
21,No,Travel_Rarely,391.0,Research & Development,15,2.0,Life Sciences,30,3,Male,96.0,3.0,1.0,Research Scientist,4,Single,1232.0,19281.0,1,No,14.0,3.0,4.0,0.0,0,6.0,3,0,0.0,0.0,0.0
28,Yes,Travel_Rarely,1475.0,Sales,13,2.0,Marketing,1933,4,Female,84.0,3.0,2.0,Sales Executive,3,Single,9854.0,23352.0,3,Yes,11.0,3.0,4.0,0.0,6,0.0,3,5,0.0,2.0,2.0
35,No,Travel_Rarely,1137.0,Research & Development,21,1.0,Life Sciences,942,4,Female,51.0,3.0,2.0,Healthcare Representative,4,Married,4014.0,19170.0,1,Yes,25.0,4.0,4.0,1.0,10,2.0,1,10,6.0,0.0,7.0
26,No,Travel_Rarely,683.0,Research & Development,2,1.0,Medical,1407,1,Male,36.0,2.0,1.0,Research Scientist,4,Single,3904.0,4050.0,0,No,12.0,3.0,4.0,0.0,10,2.0,3,4,3.0,1.0,1.0
31,No,Travel_Rarely,1079.0,Sales,10,2.0,Medical,1912,3,Female,86.0,3.0,2.0,Sales Executive,3,Divorced,6583.0,20115.0,2,Yes,11.0,3.0,4.0,1.0,8,2.0,3,5,2.0,1.0,4.0
31,No,Travel_Rarely,106.0,Human Resources,2,3.0,Human Resources,424,1,Male,62.0,2.0,2.0,Human Resources,1,Married,6410.0,17822.0,3,No,12.0,3.0,4.0,0.0,9,1.0,3,2,2.0,1.0,0.0
24,Yes,Travel_Frequently,381.0,Research & Development,9,3.0,Medical,1494,2,Male,89.0,3.0,1.0,Laboratory Technician,3,Single,3172.0,16998.0,2,Yes,11.0,3.0,3.0,0.0,4,2.0,2,0,0.0,0.0,0.0
24,No,Non-Travel,1269.0,Research & Development,4,1.0,Life Sciences,888,1,Male,46.0,2.0,1.0,Laboratory Technician,4,Married,3162.0,10778.0,0,No,17.0,3.0,4.0,0.0,6,2.0,2,5,2.0,3.0,4.0
49,No,Travel_Frequently,1064.0,Research & Development,2,1.0,Life Sciences,1941,2,Male,42.0,3.0,5.0,Research Director,4,Married,16679.875,13738.0,3,No,15.0,3.0,4.0,0.0,28,3.0,3,5,4.0,4.0,3.0
29,No,Travel_Rarely,635.0,Research & Development,6,2.0,Medical,2358,3,Female,93.0,4.0,2.0,Research Scientist,3,Married,5175.0,22162.0,5,No,12.0,3.0,3.0,1.0,10,3.0,3,2,3.0,1.0,3.0
39,No,Travel_Rarely,1431.0,Research & Development,1,4.0,Medical,332,3,Female,96.0,3.0,1.0,Laboratory Technician,3,Divorced,2232.0,15417.0,7,No,14.0,3.0,3.0,3.0,7,1.0,3,3,2.0,1.0,2.0
22,Yes,Travel_Rarely,617.0,Research & Development,3,1.0,Life Sciences,926,2,Female,34.0,3.0,2.0,Manufacturing Director,3,Married,4171.0,10022.0,0,Yes,19.0,3.0,1.0,1.0,4,3.0,4,3,2.0,0.0,2.0
34,No,Travel_Rarely,1480.0,Research & Development,4,3.0,Life Sciences,1882,3,Male,64.0,3.0,3.0,Sales Executive,4,Married,9713.0,24444.0,2,Yes,13.0,3.0,4.0,3.0,9,3.0,3,5,3.0,1.0,0.0
32,No,Travel_Rarely,1093.0,Sales,6,4.0,Medical,125,2,Male,87.0,3.0,2.0,Sales Executive,3,Single,5010.0,24301.0,1,No,16.0,3.0,1.0,0.0,12,0.0,3,11,8.0,5.0,7.0
40,No,Travel_Rarely,616.0,Research & Development,2,2.0,Life Sciences,1802,3,Female,99.0,3.0,1.0,Laboratory Technician,1,Married,3377.0,25605.0,4,No,17.0,3.0,4.0,1.0,7,5.0,2,4,3.0,0.0,2.0
58,No,Travel_Rarely,682.0,Sales,10,4.0,Medical,131,4,Male,37.0,3.0,4.0,Sales Executive,3,Single,13872.0,24409.0,0,No,13.0,3.0,3.0,0.0,38,1.0,2,37,10.0,1.0,8.0
30,No,Travel_Rarely,1339.0,Sales,5,3.0,Life Sciences,228,2,Female,41.0,3.0,3.0,Sales Executive,4,Married,9419.0,8053.0,2,No,12.0,3.0,3.0,1.0,12,2.0,3,10,9.0,7.0,4.0
21,No,Travel_Rarely,1343.0,Sales,22,1.0,Technical Degree,669,3,Male,49.0,3.0,1.0,Sales Representative,3,Single,3447.0,24444.0,1,No,11.0,3.0,3.0,0.0,3,2.0,3,3,2.0,1.0,2.0
44,Yes,Travel_Rarely,720.0,Sales,24,2.0,Life Sciences,2348,2,Female,78.0,4.0,2.0,Sales Executive,3,Single,6398.0,10336.0,4,Yes,9.0,3.0,4.0,0.0,5,2.0,3,4,4.0,1.0,3.0
37,No,Non-Travel,728.0,Research & Development,1,4.0,Medical,380,1,Female,80.0,3.0,3.0,Research Director,4,Divorced,13603.0,11677.0,2,Yes,18.0,3.0,1.0,2.0,15,2.0,3,5,2.0,0.0,2.0
32,No,Non-Travel,1200.0,Research & Development,1,4.0,Technical Degree,1574,4,Male,62.0,3.0,2.0,Research Scientist,1,Married,4087.0,25174.0,4,No,14.0,3.0,2.0,1.0,9,3.0,2,6,5.0,1.0,2.0
50,No,Travel_Rarely,1126.0,Research & Development,1,2.0,Medical,997,4,Male,66.0,3.0,4.0,Research Director,4,Divorced,16679.875,6615.0,9,No,22.0,4.0,3.0,1.0,32,1.0,2,5,4.0,1.0,3.0
38,No,Travel_Rarely,683.0,Sales,17,4.0,Medical,2138,3,Male,72.0,3.0,2.0,Sales Executive,1,Married,5561.0,15974.0,0,No,19.0,3.0,4.0,1.0,6,2.0,1,8,3.0,0.0,4.0
29,No,Travel_Rarely,235.0,Research & Development,17,3.0,Technical Degree,2592,4,Male,35.0,3.0,2.0,Manufacturing Director,4,Divorced,4265.0,22645.0,4,No,13.0,3.0,2.0,2.0,11,2.0,4,2,2.0,1.0,2.0
27,No,Non-Travel,210.0,Sales,7,1.0,Marketing,449,3,Male,73.0,3.0,2.0,Sales Executive,2,Married,6349.0,22107.0,0,Yes,13.0,3.0,4.0,1.0,6,0.0,3,5,4.0,1.0,4.0
54,No,Travel_Rarely,1147.0,Sales,3,3.0,Marketing,303,4,Female,52.0,3.0,2.0,Sales Executive,1,Married,5940.0,17011.0,2,No,14.0,3.0,4.0,1.0,16,4.0,3,6,2.0,0.0,5.0
46,No,Travel_Rarely,1125.0,Sales,10,3.0,Marketing,580,3,Female,94.0,2.0,3.0,Sales Executive,4,Married,9071.0,11563.0,2,Yes,19.0,3.0,3.0,1.0,15,3.0,3,3,2.0,1.0,2.0
50,No,Travel_Rarely,328.0,Research & Development,1,3.0,Medical,249,3,Male,86.0,2.0,1.0,Laboratory Technician,3,Married,3690.0,3425.0,2,No,15.0,3.0,4.0,1.0,5,2.0,2,3,2.0,0.0,2.0
54,Yes,Travel_Rarely,441.0,Research & Development,17,4.0,Life Sciences,2633,2,Female,75.0,3.0,1.0,Research Scientist,3,Married,4966.0,4511.0,9,Yes,19.0,3.0,1.0,3.0,4,2.0,3,8,4.0,4.0,3.0
37,No,Travel_Rarely,558.0,Sales,2,3.0,Marketing,656,3,Male,75.0,3.0,2.0,Sales Executive,3,Married,9602.0,3010.0,4,Yes,11.0,3.0,3.0,1.0,17,3.0,2,3,0.0,1.0,0.0
26,No,Travel_Rarely,858.0,Research & Development,11,3.0,Other,2281,3,Female,62.0,3.0,2.0,Research Scientist,3,Single,3658.0,7909.0,3,No,10.0,3.0,4.0,0.0,8,4.0,4,9,7.0,1.0,7.0
47,No,Travel_Rarely,1001.0,Research & Development,4,3.0,Life Sciences,2136,3,Female,95.0,2.0,3.0,Manufacturing Director,2,Divorced,10332.0,19268.0,8,Yes,12.0,3.0,3.0,1.0,31,4.0,3,19,11.0,14.0,10.0
32,No,Travel_Rarely,1018.0,Research & Development,3,2.0,Life Sciences,727,3,Female,39.0,3.0,3.0,Research Director,4,Single,11159.0,19373.0,3,No,15.0,3.0,4.0,0.0,10,6.0,3,7,7.0,7.0,7.0
35,No,Travel_Frequently,619.0,Research & Development,5,1.0,Life Sciences,2463,1,Male,45.0,3.0,2.0,Healthcare Representative,4,Single,7755.0,22266.0,0,No,15.0,3.0,3.0,0.0,7,1.0,2,5,2.0,0.0,4.0
19,No,Travel_Rarely,1181.0,Research & Development,3,1.0,Medical,201,2,Female,79.0,3.0,1.0,Laboratory Technician,2,Single,1483.0,16102.0,1,No,14.0,3.0,4.0,0.0,1,3.0,3,1,0.0,0.0,0.0
32,No,Travel_Frequently,1311.0,Research & Development,7,3.0,Life Sciences,359,3,Male,100.0,4.0,1.0,Laboratory Technician,2,Married,2794.0,26062.0,1,No,20.0,4.0,3.0,0.0,5,3.0,1,5,1.0,0.0,3.0
46,No,Travel_Rarely,406.0,Sales,3,1.0,Marketing,1124,1,Male,52.0,3.0,4.0,Manager,3,Married,16679.875,15596.0,3,No,12.0,3.0,4.0,1.0,23,3.0,3,12,9.0,4.0,9.0
36,No,Non-Travel,1105.0,Research & Development,24,4.0,Life Sciences,419,2,Female,47.0,3.0,2.0,Laboratory Technician,2,Married,5674.0,6927.0,7,No,15.0,3.0,3.0,1.0,11,3.0,3,9,8.0,0.0,8.0
28,Yes,Travel_Rarely,1221.0,Research & Development,2,1.0,Technical Degree,2601,4,Male,29.0,3.0,1.0,Laboratory Technician,4,Married,3692.0,4603.0,1,Yes,17.0,3.0,2.0,1.0,10,3.0,4,6,7.0,5.0,6.0
26,No,Travel_Frequently,409.0,Research & Development,2,1.0,Life Sciences,2325,4,Female,97.0,3.0,1.0,Laboratory Technician,2,Married,3180.0,4665.0,0,No,16.0,3.0,3.0,3.0,5,3.0,3,1,2.0,0.0,2.0
23,No,Travel_Frequently,774.0,Research & Development,3,1.0,Life Sciences,2394,4,Male,80.0,4.0,2.0,Manufacturing Director,3,Divorced,5207.0,4973.0,1,No,19.0,3.0,3.0,2.0,8,6.0,3,9,7.0,0.0,7.0
45,No,Travel_Rarely,555.0,Research & Development,22,2.0,Life Sciences,2248,2,Female,92.0,2.0,2.0,Manufacturing Director,4,Married,5909.0,23891.0,0,No,14.0,3.0,4.0,2.0,10,2.0,2,8,8.0,3.0,8.0
35,No,Travel_Frequently,138.0,Research & Development,2,3.0,Medical,269,2,Female,37.0,3.0,2.0,Laboratory Technician,2,Single,4425.0,15986.0,5,No,11.0,3.0,4.0,0.0,10,5.0,3,6,2.0,1.0,2.0
40,No,Travel_Rarely,448.0,Research & Development,16,3.0,Life Sciences,1641,3,Female,84.0,3.0,3.0,Manufacturing Director,4,Single,7945.0,19948.0,6,Yes,15.0,3.0,4.0,0.0,18,2.0,2,4,2.0,3.0,3.0
26,Yes,Travel_Rarely,691.0,Research & Development,5,3.0,Medical,2217,1,Male,89.0,3.0,1.0,Laboratory Technician,1,Married,4030.0,9398.0,5,No,15.0,3.0,3.0,1.0,8,5.0,3,4,2.0,0.0,2.0
34,No,Travel_Frequently,426.0,Research & Development,10,4.0,Life Sciences,1615,3,Male,42.0,4.0,2.0,Manufacturing Director,4,Divorced,4724.0,17000.0,1,No,13.0,3.0,1.0,1.0,9,3.0,3,9,7.0,7.0,2.0
34,No,Travel_Rarely,204.0,Sales,14,3.0,Technical Degree,666,3,Female,31.0,3.0,1.0,Sales Representative,3,Divorced,2579.0,2912.0,1,Yes,18.0,3.0,4.0,2.0,8,3.0,3,8,2.0,0.0,6.0
26,No,Travel_Rarely,1100.0,Research & Development,14,3.0,Life Sciences,2444,1,Male,39.0,3.0,1.0,Research Scientist,3,Married,2233.0,14380.0,1,Yes,12.0,3.0,4.0,2.0,11,3.0,2,5,7.0,6.0,8.0
51,No,Travel_Frequently,1456.0,Research & Development,1,4.0,Medical,145,1,Female,30.0,2.0,3.0,Healthcare Representative,1,Single,7484.0,25796.0,3,No,20.0,4.0,3.0,0.0,23,1.0,2,13,12.0,12.0,8.0
35,No,Travel_Rarely,992.0,Research & Development,1,3.0,Medical,1564,4,Male,68.0,2.0,1.0,Laboratory Technician,1,Single,4967.0,21731.0,1,No,19.0,3.0,2.0,0.0,3,3.0,3,3,0.0,1.0,2.0
42,No,Travel_Rarely,482.0,Research & Development,5,3.0,Medical,2605,4,Male,95.0,2.0,2.0,Manufacturing Director,2,Single,6030.0,10113.0,6,Yes,13.0,3.0,4.0,0.0,5,3.0,3,3,4.0,1.0,2.0
20,Yes,Travel_Rarely,1362.0,Research & Development,10,1.0,Medical,701,4,Male,32.0,3.0,1.0,Research Scientist,3,Single,1009.0,26999.0,1,Yes,11.0,3.0,4.0,0.0,1,5.0,3,1,0.0,1.0,1.0
47,No,Travel_Rarely,1093.0,Research & Development,4,2.0,Technical Degree,2105,3,Female,87.0,2.0,4.0,Healthcare Representative,3,Single,13967.0,17812.0,7,Yes,9.0,3.0,4.0,0.0,27,2.0,3,4,1.0,0.0,7.0
31,No,Travel_Rarely,408.0,Research & Development,9,4.0,Life Sciences,493,3,Male,42.0,2.0,1.0,Research Scientist,2,Single,2657.0,7551.0,0,Yes,16.0,3.0,4.0,0.0,3,5.0,3,2,2.0,2.0,2.0
48,No,Travel_Rarely,1448.0,Research & Development,16,2.0,Life Sciences,2234,4,Male,50.0,3.0,5.0,Research Director,2,Married,16679.875,10848.0,5,No,10.0,3.0,1.0,1.0,24,2.0,3,5,2.0,0.0,3.0
28,No,Travel_Rarely,895.0,Research & Development,15,2.0,Life Sciences,1102,1,Male,50.0,3.0,1.0,Laboratory Technician,3,Divorced,2207.0,22482.0,2,No,16.0,3.0,4.0,1.0,4,5.0,2,4,2.0,2.0,2.0
40,No,Non-Travel,1142.0,Research & Development,8,2.0,Life Sciences,1552,4,Male,72.0,3.0,2.0,Healthcare Representative,4,Divorced,4069.0,8841.0,2,Yes,18.0,3.0,3.0,0.0,10,2.0,3,2,2.0,2.0,2.0
59,Yes,Travel_Rarely,283.0,Research & Development,0,4.0,Life Sciences,2142,4,Male,31.0,3.0,5.0,Research Director,2,Single,16679.875,25759.0,7,Yes,10.0,3.0,4.0,0.0,39,2.0,3,31,15.0,13.0,8.0
26,No,Travel_Rarely,439.0,Research & Development,23,3.0,Medical,2696,3,Male,42.0,3.0,1.0,Research Scientist,4,Married,2710.0,6669.0,1,No,13.0,3.0,3.0,1.0,8,2.0,1,4,2.0,0.0,2.0
43,No,Travel_Rarely,531.0,Sales,4,4.0,Marketing,1293,3,Female,56.0,2.0,3.0,Sales Executive,4,Single,4967.0,20364.0,3,No,14.0,3.0,4.0,0.0,23,3.0,4,21,7.0,15.0,17.0
37,No,Travel_Rarely,228.0,Sales,6,4.0,Medical,378,3,Male,98.0,3.0,2.0,Sales Executive,4,Married,6502.0,22825.0,4,No,14.0,3.0,2.0,1.0,7,5.0,4,5,4.0,0.0,1.0
33,No,Travel_Frequently,886.0,Research & Development,23,2.0,Medical,2414,3,Male,39.0,4.0,2.0,Laboratory Technician,4,Married,2569.0,12293.0,4,No,16.0,3.0,3.0,1.0,17,3.0,3,6,2.0,0.0,3.0
43,No,Travel_Rarely,1473.0,Research & Development,8,4.0,Other,526,3,Female,74.0,3.0,2.0,Healthcare Representative,3,Divorced,4522.0,2227.0,4,Yes,14.0,3.0,4.0,0.0,8,3.0,3,5,2.0,0.0,2.0
20,No,Travel_Rarely,1141.0,Sales,2,3.0,Medical,1657,3,Female,31.0,3.0,1.0,Sales Representative,3,Single,2783.0,13251.0,1,No,19.0,3.0,1.0,0.0,2,3.0,3,2,2.0,2.0,2.0
35,No,Travel_Frequently,146.0,Research & Development,2,4.0,Medical,1704,3,Male,79.0,2.0,1.0,Research Scientist,4,Single,4930.0,13970.0,0,Yes,14.0,3.0,3.0,0.0,6,2.0,4,5,4.0,1.0,4.0
26,Yes,Travel_Rarely,1330.0,Research & Development,21,3.0,Medical,1107,1,Male,37.0,3.0,1.0,Laboratory Technician,3,Divorced,2377.0,19373.0,1,No,20.0,4.0,3.0,1.0,1,0.0,2,1,1.0,0.0,0.0
46,Yes,Travel_Rarely,261.0,Research & Development,21,2.0,Medical,1821,4,Female,66.0,3.0,2.0,Healthcare Representative,2,Married,8926.0,10842.0,4,No,22.0,4.0,4.0,1.0,13,2.0,4,9,7.0,3.0,7.0
37,No,Travel_Frequently,1278.0,Sales,1,4.0,Medical,1700,3,Male,31.0,1.0,2.0,Sales Executive,4,Divorced,9525.0,7677.0,1,No,14.0,3.0,3.0,2.0,6,2.0,2,6,3.0,1.0,3.0
33,No,Travel_Rarely,516.0,Research & Development,8,5.0,Life Sciences,1515,4,Male,69.0,3.0,2.0,Healthcare Representative,3,Single,6388.0,22049.0,2,Yes,17.0,3.0,1.0,0.0,14,6.0,3,0,0.0,0.0,0.0
44,No,Travel_Frequently,1193.0,Research & Development,2,1.0,Medical,1496,2,Male,86.0,3.0,3.0,Manufacturing Director,3,Single,10209.0,19719.0,5,Yes,18.0,3.0,2.0,0.0,10,2.0,2,2,2.0,2.0,2.0
35,No,Travel_Frequently,482.0,Research & Development,4,4.0,Life Sciences,1350,3,Male,87.0,3.0,2.0,Research Scientist,3,Single,4249.0,2690.0,1,Yes,11.0,3.0,2.0,0.0,9,3.0,3,9,6.0,1.0,1.0
49,No,Travel_Frequently,1023.0,Sales,2,3.0,Medical,2065,4,Male,63.0,2.0,2.0,Sales Executive,2,Married,5390.0,13243.0,2,No,14.0,3.0,4.0,0.0,17,3.0,2,9,6.0,0.0,8.0
35,No,Travel_Rarely,1370.0,Research & Development,27,4.0,Life Sciences,1728,4,Male,49.0,3.0,2.0,Manufacturing Director,3,Married,6883.0,5151.0,2,No,16.0,3.0,2.0,1.0,17,3.0,3,7,7.0,0.0,7.0
49,No,Travel_Rarely,1261.0,Research & Development,7,3.0,Other,499,2,Male,31.0,2.0,3.0,Healthcare Representative,3,Single,10965.0,12066.0,8,No,24.0,4.0,3.0,0.0,26,2.0,3,5,2.0,0.0,0.0
26,Yes,Travel_Rarely,471.0,Research & Development,24,3.0,Technical Degree,622,3,Male,66.0,1.0,1.0,Laboratory Technician,4,Single,2340.0,23213.0,1,Yes,18.0,3.0,2.0,0.0,1,3.0,1,1,0.0,0.0,0.0
24,No,Travel_Frequently,535.0,Sales,24,3.0,Medical,632,4,Male,38.0,3.0,1.0,Sales Representative,4,Married,2400.0,5530.0,0,No,13.0,3.0,3.0,2.0,3,3.0,3,2,2.0,2.0,1.0
31,No,Travel_Rarely,641.0,Research & Development,7,3.0,Technical Degree,2140,4,Male,87.0,3.0,1.0,Research Scientist,1,Single,2079.0,4729.0,2,No,8.0,3.0,2.0,0.0,3,2.0,2,4,2.0,1.0,2.0
45,No,Travel_Rarely,538.0,Research & Development,1,4.0,Technical Degree,1553,1,Male,66.0,3.0,3.0,Healthcare Representative,2,Divorced,4967.0,20933.0,1,No,12.0,3.0,1.0,3.0,10,4.0,3,10,8.0,7.0,7.0
27,No,Travel_Rarely,855.0,Sales,12,3.0,Marketing,2533,3,Male,71.0,2.0,2.0,Sales Executive,3,Married,6579.0,2708.0,1,No,15.0,3.0,1.0,1.0,11,3.0,3,7,3.0,1.0,4.0
38,No,Travel_Rarely,1153.0,Research & Development,6,2.0,Other,1782,4,Female,40.0,2.0,1.0,Laboratory Technician,3,Married,4967.0,16376.0,1,No,11.0,3.0,2.0,1.0,5,3.0,3,5,4.0,0.0,4.0
38,No,Travel_Rarely,268.0,Research & Development,2,5.0,Medical,773,4,Male,92.0,3.0,1.0,Research Scientist,3,Married,3057.0,20471.0,6,Yes,13.0,3.0,2.0,1.0,6,0.0,1,1,0.0,0.0,1.0
28,No,Travel_Rarely,1476.0,Research & Development,7,2.0,Medical,412,2,Male,68.0,4.0,2.0,Healthcare Representative,1,Single,4967.0,4824.0,0,No,19.0,3.0,3.0,0.0,9,2.0,3,8,3.0,0.0,7.0
40,No,Travel_Frequently,791.0,Research & Development,2,2.0,Medical,807,3,Female,38.0,4.0,2.0,Healthcare Representative,2,Married,4244.0,9931.0,1,No,24.0,4.0,4.0,1.0,8,2.0,3,8,7.0,3.0,7.0
52,No,Travel_Frequently,1090.0,Research & Development,1,1.0,Life Sciences,2522,4,Male,65.0,3.0,3.0,Manufacturing Director,2,Married,10977.0,15811.0,3,No,20.0,3.0,2.0,1.0,26,4.0,3,5,2.0,1.0,2.0
43,No,Travel_Rarely,244.0,Human Resources,2,3.0,Life Sciences,1778,2,Male,97.0,3.0,1.0,Human Resources,4,Single,3539.0,5033.0,0,No,13.0,3.0,2.0,0.0,10,5.0,3,9,7.0,1.0,8.0
40,No,Travel_Frequently,1396.0,Research & Development,23,3.0,Medical,2360,2,Female,54.0,3.0,2.0,Research Scientist,2,Divorced,5603.0,8506.0,1,No,14.0,3.0,1.0,1.0,18,2.0,3,23,7.0,2.0,13.0
33,Yes,Travel_Rarely,1017.0,Research & Development,25,3.0,Medical,1108,3,Male,55.0,2.0,1.0,Research Scientist,3,Single,2313.0,2993.0,2,Yes,20.0,4.0,2.0,0.0,5,0.0,3,2,2.0,2.0,2.0
29,No,Travel_Rarely,153.0,Research & Development,15,2.0,Life Sciences,15,4,Female,49.0,2.0,2.0,Laboratory Technician,3,Single,4193.0,12682.0,0,Yes,12.0,3.0,4.0,0.0,10,3.0,3,9,5.0,0.0,8.0
56,No,Travel_Rarely,1441.0,Research & Development,19,3.0,Technical Degree,2603,1,Male,91.0,2.0,1.0,Research Scientist,2,Divorced,3534.0,23735.0,5,No,11.0,3.0,4.0,1.0,9,1.0,3,5,2.0,1.0,2.0
26,No,Travel_Rarely,375.0,Research & Development,3,2.0,Life Sciences,2285,4,Male,48.0,3.0,1.0,Research Scientist,3,Married,1220.0,16902.0,1,No,21.0,4.0,4.0,1.0,4,2.0,3,0,0.0,0.0,1.0
57,No,Travel_Rarely,1443.0,Research & Development,15,3.0,Technical Degree,2108,3,Female,54.0,3.0,3.0,Manufacturing Director,3,Married,4967.0,13941.0,8,No,10.0,3.0,3.0,1.0,24,2.0,3,5,7.0,0.0,8.0
23,Yes,Travel_Frequently,757.0,Sales,2,1.0,Technical Degree,2085,1,Female,102.0,2.0,1.0,Sales Representative,2,Single,2177.0,9147.0,1,Yes,8.0,3.0,3.0,0.0,0,3.0,3,6,2.0,1.0,2.0
41,No,Travel_Rarely,314.0,Human Resources,1,3.0,Human Resources,734,4,Male,59.0,2.0,5.0,Manager,3,Married,16679.875,19562.0,1,No,12.0,3.0,2.0,1.0,22,3.0,3,22,7.0,2.0,10.0
52,No,Travel_Frequently,890.0,Research & Development,7,4.0,Medical,867,3,Female,81.0,2.0,4.0,Manufacturing Director,4,Married,13826.0,19028.0,3,No,22.0,4.0,3.0,0.0,31,3.0,3,9,8.0,0.0,0.0
42,No,Travel_Rarely,635.0,Sales,1,1.0,Life Sciences,387,2,Male,99.0,3.0,2.0,Sales Executive,3,Married,4907.0,24532.0,1,No,25.0,4.0,3.0,0.0,20,3.0,3,20,16.0,11.0,6.0
46,No,Travel_Rarely,734.0,Research & Development,2,4.0,Medical,1789,3,Male,46.0,3.0,5.0,Research Director,4,Divorced,16679.875,14218.0,7,Yes,17.0,3.0,3.0,1.0,24,3.0,3,2,1.0,2.0,2.0
34,No,Travel_Rarely,404.0,Research & Development,2,4.0,Technical Degree,1383,3,Female,98.0,3.0,2.0,Healthcare Representative,4,Single,6687.0,6163.0,1,No,11.0,3.0,4.0,0.0,14,2.0,4,14,11.0,4.0,11.0
37,No,Travel_Rarely,1237.0,Human Resources,5,2.0,Other,2330,3,Male,90.0,3.0,2.0,Human Resources,2,Divorced,4073.0,12834.0,2,No,14.0,3.0,3.0,0.0,22,4.0,2,8,0.0,4.0,7.0
30,Yes,Travel_Frequently,448.0,Sales,12,4.0,Life Sciences,648,2,Male,74.0,2.0,1.0,Sales Representative,1,Married,2033.0,14470.0,1,No,18.0,3.0,3.0,1.0,1,2.0,4,1,0.0,0.0,0.0
51,Yes,Travel_Rarely,266.0,Sales,2,1.0,Marketing,2078,1,Female,54.0,1.0,5.0,Manager,4,Married,4967.0,25843.0,2,No,12.0,3.0,4.0,1.0,34,3.0,3,32,14.0,6.0,9.0
38,No,Travel_Rarely,119.0,Sales,3,3.0,Life Sciences,307,1,Male,76.0,3.0,3.0,Sales Executive,3,Divorced,10609.0,9647.0,0,No,12.0,3.0,3.0,2.0,17,6.0,2,16,10.0,5.0,13.0
42,No,Travel_Rarely,462.0,Sales,14,2.0,Medical,936,3,Female,68.0,2.0,2.0,Sales Executive,3,Single,6244.0,7824.0,7,No,17.0,3.0,1.0,0.0,10,6.0,3,5,4.0,0.0,3.0
42,No,Travel_Rarely,508.0,Research & Development,10,2.0,Technical Degree,2641,2,Female,43.0,4.0,1.0,Research Scientist,3,Married,3377.0,18863.0,1,No,11.0,3.0,3.0,0.0,13,3.0,3,12,6.0,0.0,8.0
45,No,Travel_Rarely,176.0,Human Resources,4,3.0,Life Sciences,1744,3,Female,56.0,1.0,3.0,Human Resources,3,Married,9756.0,6595.0,4,No,21.0,4.0,3.0,2.0,9,2.0,4,5,0.0,0.0,3.0
58,Yes,Travel_Rarely,601.0,Research & Development,7,4.0,Medical,1360,3,Female,53.0,2.0,3.0,Manufacturing Director,1,Married,10008.0,12023.0,7,Yes,14.0,3.0,4.0,0.0,31,0.0,2,10,9.0,5.0,9.0
32,No,Travel_Rarely,529.0,Research & Development,2,3.0,Technical Degree,2038,4,Male,78.0,3.0,1.0,Research Scientist,1,Single,2439.0,11288.0,1,No,14.0,3.0,4.0,0.0,4,4.0,3,4,2.0,1.0,2.0
27,No,Travel_Rarely,954.0,Sales,9,3.0,Marketing,1965,4,Male,44.0,3.0,2.0,Sales Executive,4,Single,4105.0,5099.0,1,No,14.0,3.0,1.0,0.0,7,5.0,3,7,7.0,0.0,7.0
27,No,Travel_Rarely,1302.0,Research & Development,19,3.0,Other,1619,4,Male,67.0,2.0,1.0,Laboratory Technician,1,Divorced,4066.0,16290.0,1,No,11.0,3.0,1.0,2.0,7,3.0,3,7,7.0,0.0,7.0
42,No,Travel_Frequently,288.0,Research & Development,2,3.0,Life Sciences,1547,4,Male,40.0,3.0,3.0,Healthcare Representative,4,Married,10124.0,18611.0,2,Yes,14.0,3.0,3.0,1.0,24,3.0,1,20,8.0,13.0,9.0
38,No,Travel_Frequently,471.0,Research & Development,12,3.0,Life Sciences,837,1,Male,45.0,2.0,2.0,Healthcare Representative,1,Divorced,6288.0,4284.0,2,No,15.0,3.0,3.0,1.0,13,3.0,2,4,3.0,1.0,2.0
35,No,Travel_Rarely,384.0,Sales,8,4.0,Life Sciences,805,1,Female,72.0,3.0,1.0,Sales Representative,4,Married,2572.0,20317.0,1,No,16.0,3.0,2.0,1.0,3,1.0,2,3,2.0,0.0,2.0
40,No,Travel_Rarely,896.0,Research & Development,2,3.0,Life Sciences,1474,3,Male,68.0,3.0,1.0,Research Scientist,3,Divorced,2345.0,8045.0,2,No,14.0,3.0,3.0,1.0,8,3.0,4,3,1.0,1.0,2.0
45,No,Travel_Rarely,193.0,Research & Development,6,4.0,Other,101,4,Male,52.0,3.0,3.0,Research Director,1,Married,13245.0,15067.0,4,Yes,14.0,3.0,2.0,0.0,17,3.0,4,0,0.0,0.0,0.0
42,Yes,Travel_Frequently,933.0,Research & Development,19,3.0,Medical,752,3,Male,57.0,4.0,1.0,Research Scientist,3,Divorced,2759.0,20366.0,6,Yes,12.0,3.0,4.0,0.0,7,2.0,3,5,2.0,2.0,2.0
42,No,Travel_Rarely,269.0,Research & Development,2,3.0,Medical,351,4,Female,56.0,2.0,1.0,Laboratory Technician,1,Divorced,2593.0,8007.0,0,Yes,11.0,3.0,3.0,1.0,10,4.0,3,9,6.0,7.0,8.0
26,Yes,Travel_Rarely,265.0,Sales,29,2.0,Medical,1037,2,Male,79.0,1.0,2.0,Sales Executive,1,Single,4969.0,21813.0,8,No,18.0,3.0,4.0,0.0,7,6.0,3,2,2.0,2.0,2.0
38,No,Travel_Rarely,433.0,Human Resources,1,3.0,Human Resources,1152,3,Male,37.0,4.0,1.0,Human Resources,3,Married,2844.0,6004.0,1,No,13.0,3.0,4.0,1.0,7,2.0,4,7,6.0,5.0,0.0
26,No,Travel_Rarely,841.0,Research & Development,6,3.0,Other,164,3,Female,46.0,2.0,1.0,Research Scientist,3,Married,2368.0,23300.0,1,No,19.0,3.0,3.0,0.0,5,3.0,2,5,4.0,4.0,3.0
34,No,Travel_Rarely,181.0,Research & Development,2,4.0,Medical,1755,4,Male,97.0,4.0,1.0,Research Scientist,4,Married,2932.0,5586.0,0,Yes,14.0,3.0,1.0,3.0,6,3.0,3,5,0.0,1.0,2.0
34,No,Travel_Rarely,216.0,Sales,1,4.0,Marketing,1047,2,Male,75.0,4.0,2.0,Sales Executive,4,Divorced,9725.0,12278.0,0,No,11.0,3.0,4.0,1.0,16,2.0,2,15,1.0,0.0,9.0
33,No,Travel_Rarely,1099.0,Research & Development,4,4.0,Medical,1502,1,Female,82.0,2.0,1.0,Laboratory Technician,2,Married,3838.0,8192.0,8,No,11.0,3.0,4.0,0.0,8,5.0,3,5,4.0,0.0,2.0
29,No,Non-Travel,1496.0,Research & Development,0,1.0,Technical Degree,2139,3,Male,41.0,3.0,2.0,Manufacturing Director,3,Married,4317.0,26284.0,1,No,16.0,3.0,1.0,1.0,13,1.0,3,8,7.0,0.0,9.0
54,No,Travel_Rarely,1406.0,Research & Development,11,2.0,Technical Degree,2512,4,Female,82.0,2.0,4.0,Manufacturing Director,2,Single,13144.0,24440.0,3,No,13.0,3.0,2.0,0.0,32,1.0,2,5,2.0,0.0,3.0
54,Yes,Travel_Rarely,1031.0,Sales,8,3.0,Life Sciences,2639,2,Male,61.0,3.0,3.0,Sales Executive,2,Single,8449.0,21532.0,9,Yes,19.0,3.0,3.0,0.0,12,2.0,2,7,7.0,7.0,7.0
52,No,Travel_Rarely,1219.0,Sales,2,4.0,Life Sciences,2631,1,Female,79.0,2.0,4.0,Manager,4,Married,15424.0,22018.0,2,No,19.0,3.0,3.0,0.0,28,3.0,3,22,8.0,3.0,7.0
30,No,Travel_Rarely,446.0,Research & Development,1,3.0,Medical,2195,4,Male,50.0,3.0,1.0,Research Scientist,4,Married,1703.0,16573.0,1,No,11.0,3.0,3.0,3.0,2,6.0,2,2,0.0,0.0,0.0
27,No,Travel_Frequently,829.0,Sales,8,1.0,Marketing,800,3,Male,84.0,3.0,2.0,Sales Executive,4,Married,4342.0,24008.0,0,No,19.0,3.0,2.0,1.0,5,3.0,3,5,2.0,1.0,1.0
25,Yes,Travel_Rarely,983.0,Research & Development,20,2.0,Life Sciences,2174,4,Female,96.0,3.0,1.0,Laboratory Technician,2,Married,2213.0,3374.0,1,No,15.0,3.0,1.0,1.0,0,3.0,1,1,0.0,0.0,0.0
36,No,Travel_Rarely,928.0,Sales,1,2.0,Life Sciences,857,2,Male,56.0,3.0,2.0,Sales Executive,4,Married,6201.0,2823.0,1,Yes,14.0,3.0,4.0,1.0,18,1.0,2,18,14.0,4.0,11.0
37,No,Travel_Rarely,124.0,Research & Development,3,3.0,Other,1062,4,Female,35.0,3.0,2.0,Healthcare Representative,2,Single,4967.0,13848.0,3,No,15.0,3.0,1.0,0.0,8,3.0,2,4,3.0,0.0,1.0
22,Yes,Travel_Rarely,389.0,Research & Development,10,1.0,Life Sciences,2366,4,Male,76.0,3.0,1.0,Research Scientist,2,Single,2472.0,26089.0,1,Yes,22.0,4.0,1.0,0.0,0,2.0,3,4,0.0,0.0,0.0
33,No,Travel_Frequently,1303.0,Research & Development,7,2.0,Life Sciences,1970,4,Male,36.0,3.0,2.0,Healthcare Representative,3,Divorced,5968.0,18079.0,1,No,20.0,4.0,3.0,3.0,9,2.0,3,9,7.0,2.0,8.0
40,No,Travel_Rarely,369.0,Research & Development,8,2.0,Life Sciences,1724,2,Female,92.0,3.0,2.0,Manufacturing Director,1,Married,6516.0,5041.0,2,Yes,16.0,3.0,2.0,1.0,18,3.0,3,1,0.0,0.0,0.0
36,No,Travel_Rarely,1266.0,Sales,10,4.0,Technical Degree,1880,2,Female,63.0,2.0,2.0,Sales Executive,3,Married,5673.0,6060.0,1,Yes,13.0,3.0,1.0,1.0,10,4.0,3,10,9.0,1.0,7.0
28,No,Travel_Rarely,821.0,Sales,5,4.0,Medical,916,1,Male,98.0,3.0,2.0,Sales Executive,4,Single,4908.0,24252.0,1,No,14.0,3.0,2.0,0.0,4,3.0,3,4,2.0,0.0,2.0
30,No,Travel_Rarely,1084.0,Sales,12,3.0,Technical Degree,2589,2,Female,80.0,3.0,2.0,Sales Executive,3,Single,6576.0,19559.0,0,No,10.0,3.0,2.0,0.0,3,6.0,3,5,4.0,4.0,4.0
31,No,Travel_Rarely,326.0,Sales,8,2.0,Life Sciences,1453,1,Male,31.0,3.0,3.0,Sales Executive,4,Divorced,10793.0,8386.0,1,No,18.0,3.0,1.0,1.0,13,5.0,3,13,7.0,9.0,9.0
30,Yes,Travel_Rarely,543.0,Sales,7,3.0,Life Sciences,2697,2,Female,69.0,1.0,2.0,Sales Executive,3,Married,4557.0,24785.0,3,Yes,12.0,3.0,3.0,1.0,3,2.0,3,3,2.0,2.0,2.0
33,No,Travel_Frequently,970.0,Sales,7,3.0,Life Sciences,1114,4,Female,30.0,3.0,2.0,Sales Executive,2,Married,4302.0,13401.0,0,No,17.0,3.0,3.0,1.0,4,3.0,3,3,2.0,0.0,2.0
55,No,Travel_Rarely,1218.0,Research & Development,4,4.0,Technical Degree,2621,1,Female,57.0,3.0,3.0,Research Director,3,Married,13552.0,24003.0,9,No,9.0,3.0,1.0,1.0,10,5.0,1,5,3.0,0.0,3.0
30,No,Travel_Rarely,852.0,Sales,10,3.0,Marketing,1179,3,Male,72.0,2.0,2.0,Sales Executive,3,Married,6578.0,2706.0,1,No,18.0,3.0,1.0,1.0,10,3.0,3,10,3.0,1.0,4.0
28,No,Travel_Rarely,1172.0,Sales,2,3.0,Medical,2116,3,Female,78.0,3.0,1.0,Sales Representative,2,Married,2858.0,3693.0,1,No,19.0,3.0,4.0,1.0,3,3.0,3,0,0.0,0.0,0.0
29,No,Travel_Frequently,687.0,Sales,12,2.0,Medical,2542,4,Male,37.0,1.0,2.0,Sales Executive,4,Divorced,4668.0,22810.0,0,No,16.0,3.0,4.0,3.0,6,2.0,4,6,7.0,0.0,7.0
42,Yes,Travel_Rarely,623.0,Research & Development,12,3.0,Medical,2614,1,Female,72.0,3.0,3.0,Healthcare Representative,4,Married,7977.0,14076.0,1,No,8.0,3.0,4.0,1.0,12,2.0,3,11,7.0,0.0,5.0
28,No,Travel_Rarely,474.0,Research & Development,3,3.0,Medical,2123,1,Female,65.0,4.0,1.0,Laboratory Technician,3,Divorced,3978.0,16029.0,8,No,9.0,3.0,2.0,1.0,5,0.0,3,2,2.0,2.0,2.0
36,No,Travel_Rarely,1298.0,Research & Development,8,4.0,Technical Degree,2648,3,Male,62.0,3.0,3.0,Manufacturing Director,3,Single,8097.0,18262.0,0,No,13.0,3.0,4.0,0.0,18,5.0,3,19,6.0,0.0,13.0
25,No,Travel_Rarely,443.0,Research & Development,24,3.0,Medical,2556,3,Male,40.0,3.0,1.0,Research Scientist,4,Married,2715.0,6672.0,2,No,14.0,3.0,3.0,1.0,3,2.0,1,5,2.0,0.0,2.0
31,Yes,Travel_Frequently,307.0,Research & Development,29,2.0,Life Sciences,355,3,Male,71.0,2.0,1.0,Laboratory Technician,2,Single,3479.0,11652.0,0,No,11.0,3.0,2.0,0.0,6,2.0,4,5,4.0,1.0,4.0
29,No,Travel_Frequently,442.0,Sales,2,2.0,Life Sciences,388,2,Male,44.0,3.0,2.0,Sales Executive,4,Single,4554.0,20260.0,1,No,18.0,3.0,1.0,0.0,10,3.0,2,10,7.0,0.0,9.0
44,No,Travel_Rarely,703.0,Sales,4,4.0,Marketing,2602,2,Female,80.0,3.0,5.0,Manager,1,Single,16679.875,22824.0,3,No,11.0,3.0,4.0,0.0,23,2.0,2,5,2.0,2.0,1.0
25,No,Travel_Rarely,141.0,Sales,3,1.0,Other,879,3,Male,98.0,3.0,2.0,Sales Executive,1,Married,4967.0,14363.0,1,Yes,18.0,3.0,4.0,0.0,5,3.0,3,5,3.0,0.0,3.0
42,No,Travel_Rarely,1036.0,Research & Development,20,3.0,Medical,2213,2,Male,92.0,1.0,3.0,Healthcare Representative,1,Divorced,4967.0,19861.0,2,Yes,20.0,3.0,2.0,1.0,26,2.0,3,7,7.0,0.0,7.0
54,No,Travel_Rarely,584.0,Research & Development,22,5.0,Medical,1665,2,Female,91.0,3.0,4.0,Manager,3,Married,16679.875,18685.0,3,No,25.0,4.0,3.0,1.0,36,6.0,3,10,8.0,4.0,7.0
45,No,Travel_Rarely,548.0,Research & Development,7,4.0,Other,2572,4,Male,74.0,3.0,2.0,Research Scientist,3,Married,3697.0,9275.0,9,No,17.0,3.0,1.0,2.0,9,3.0,3,8,9.0,9.0,8.0
24,No,Travel_Rarely,691.0,Research & Development,23,3.0,Medical,639,2,Male,89.0,4.0,1.0,Research Scientist,4,Married,2725.0,21630.0,1,Yes,11.0,3.0,2.0,2.0,6,3.0,3,6,5.0,1.0,4.0
33,No,Travel_Rarely,922.0,Research & Development,1,5.0,Medical,612,1,Female,95.0,4.0,4.0,Research Director,3,Divorced,16184.0,22578.0,4,No,19.0,3.0,3.0,1.0,10,2.0,3,6,1.0,0.0,5.0
27,No,Travel_Rarely,1377.0,Sales,2,3.0,Life Sciences,437,4,Male,74.0,3.0,2.0,Sales Executive,3,Single,4478.0,5242.0,1,Yes,11.0,3.0,1.0,0.0,5,3.0,3,5,4.0,0.0,4.0
31,No,Travel_Rarely,1274.0,Research & Development,9,1.0,Life Sciences,581,3,Male,33.0,3.0,3.0,Manufacturing Director,2,Divorced,10648.0,14394.0,1,No,25.0,4.0,4.0,1.0,13,6.0,4,13,8.0,0.0,8.0
53,No,Travel_Rarely,945.0,Research & Development,5,3.0,Technical Degree,2286,1,Female,50.0,3.0,3.0,Manager,3,Married,13114.0,22983.0,2,No,14.0,3.0,4.0,0.0,14,2.0,3,0,2.0,2.0,2.0
51,No,Travel_Rarely,1302.0,Research & Development,2,3.0,Medical,408,4,Male,84.0,1.0,2.0,Manufacturing Director,2,Divorced,5482.0,16321.0,5,No,18.0,3.0,4.0,1.0,13,3.0,3,4,1.0,1.0,2.0
25,No,Travel_Rarely,704.0,Sales,29,2.0,Marketing,2361,1,Male,68.0,3.0,2.0,Sales Executive,2,Married,6275.0,7431.0,1,No,17.0,4.0,4.0,2.0,5,5.0,4,5,3.0,1.0,4.0
33,Yes,Travel_Rarely,587.0,Research & Development,10,1.0,Medical,584,1,Male,38.0,1.0,1.0,Laboratory Technician,4,Divorced,3408.0,6705.0,7,No,13.0,3.0,1.0,3.0,8,2.0,3,4,3.0,1.0,3.0
58,No,Travel_Rarely,208.0,Human Resources,7,4.0,Life Sciences,2543,4,Male,100.0,3.0,5.0,Manager,3,Single,16679.875,4025.0,2,No,12.0,3.0,1.0,0.0,38,4.0,3,5,3.0,7.0,7.0
37,No,Travel_Rarely,803.0,Research & Development,8,3.0,Other,2298,3,Male,45.0,3.0,1.0,Laboratory Technician,4,Divorced,3915.0,9542.0,1,No,18.0,4.0,1.0,1.0,0,4.0,2,6,2.0,1.0,2.0
32,Yes,Travel_Frequently,1125.0,Research & Development,16,1.0,Life Sciences,33,2,Female,72.0,1.0,1.0,Research Scientist,3,Single,4967.0,4681.0,1,Yes,22.0,4.0,2.0,0.0,10,5.0,3,10,2.0,6.0,7.0
28,Yes,Travel_Rarely,411.0,Sales,24,1.0,Life Sciences,2531,4,Female,47.0,2.0,3.0,Sales Executive,1,Married,7335.0,11163.0,1,No,13.0,3.0,1.0,1.0,12,3.0,1,9,8.0,3.0,10.0
35,No,Travel_Rarely,1276.0,Research & Development,16,3.0,Life Sciences,586,4,Male,72.0,3.0,3.0,Healthcare Representative,3,Married,7632.0,14295.0,4,Yes,12.0,3.0,3.0,0.0,10,2.0,3,8,7.0,0.0,0.0
31,No,Travel_Frequently,798.0,Research & Development,7,2.0,Life Sciences,442,3,Female,48.0,2.0,3.0,Manufacturing Director,3,Married,8943.0,14034.0,2,No,24.0,4.0,1.0,1.0,10,2.0,3,10,9.0,8.0,9.0
35,No,Travel_Rarely,202.0,Research & Development,9,3.0,Medical,2623,2,Female,102.0,1.0,3.0,Research Director,3,Married,13206.0,3374.0,3,No,14.0,3.0,1.0,1.0,21,3.0,3,15,16.0,1.0,11.0
41,No,Travel_Rarely,645.0,Sales,1,3.0,Marketing,534,3,Male,49.0,4.0,3.0,Sales Executive,1,Married,8392.0,19566.0,1,No,16.0,3.0,3.0,1.0,10,2.0,3,10,7.0,0.0,7.0
38,No,Non-Travel,1336.0,Human Resources,2,3.0,Human Resources,1805,1,Male,100.0,3.0,1.0,Human Resources,2,Divorced,2592.0,7129.0,5,No,13.0,3.0,4.0,3.0,13,3.0,3,11,10.0,3.0,8.0
45,No,Travel_Rarely,954.0,Sales,2,2.0,Technical Degree,783,2,Male,46.0,1.0,2.0,Sales Representative,3,Single,6632.0,12388.0,0,No,13.0,3.0,1.0,0.0,9,3.0,3,8,7.0,3.0,1.0
39,No,Travel_Rarely,127.0,Sales,5,2.0,Marketing,2225,4,Male,35.0,3.0,3.0,Sales Executive,2,Single,7348.0,20620.0,7,No,15.0,3.0,3.0,0.0,9,2.0,3,2,0.0,0.0,0.0
46,No,Travel_Frequently,1195.0,Research & Development,1,1.0,Medical,2559,2,Male,83.0,3.0,3.0,Manufacturing Director,3,Single,10211.0,19722.0,5,Yes,17.0,3.0,2.0,0.0,18,2.0,2,1,2.0,2.0,2.0
31,No,Travel_Frequently,444.0,Sales,5,3.0,Marketing,399,4,Female,84.0,3.0,1.0,Sales Representative,2,Divorced,2789.0,3909.0,1,No,11.0,3.0,3.0,1.0,2,5.0,2,2,2.0,2.0,2.0
36,No,Travel_Rarely,926.0,Sales,0,2.0,Life Sciences,2436,2,Male,54.0,3.0,2.0,Sales Executive,3,Married,6201.0,2826.0,1,Yes,15.0,3.0,4.0,1.0,17,1.0,2,21,14.0,4.0,11.0
26,No,Travel_Frequently,1479.0,Research & Development,1,3.0,Life Sciences,384,3,Female,84.0,3.0,2.0,Manufacturing Director,2,Divorced,6397.0,26767.0,1,No,20.0,4.0,1.0,1.0,6,6.0,1,6,5.0,1.0,4.0
33,No,Travel_Rarely,1075.0,Human Resources,3,2.0,Human Resources,910,4,Male,57.0,3.0,1.0,Human Resources,2,Divorced,2277.0,22650.0,3,Yes,11.0,3.0,3.0,1.0,7,4.0,4,4,3.0,0.0,3.0
34,Yes,Travel_Rarely,790.0,Sales,24,4.0,Medical,1489,1,Female,40.0,2.0,2.0,Sales Executive,2,Single,4599.0,7815.0,0,Yes,23.0,4.0,3.0,0.0,16,2.0,4,15,9.0,10.0,10.0
30,Yes,Travel_Frequently,109.0,Research & Development,5,3.0,Medical,1017,2,Female,60.0,3.0,1.0,Laboratory Technician,2,Single,2422.0,25725.0,0,No,17.0,3.0,1.0,0.0,4,3.0,3,3,2.0,1.0,2.0
50,No,Travel_Rarely,658.0,Sales,7,2.0,Marketing,2334,1,Female,81.0,2.0,3.0,Sales Executive,3,Married,10935.0,20713.0,7,Yes,21.0,3.0,4.0,1.0,32,3.0,3,7,2.0,0.0,4.0
40,No,Travel_Rarely,804.0,Research & Development,2,1.0,Medical,763,4,Female,86.0,2.0,1.0,Research Scientist,4,Single,2342.0,22929.0,0,Yes,20.0,4.0,4.0,0.0,5,2.0,2,4,2.0,2.0,3.0
29,No,Non-Travel,1475.0,Research & Development,1,3.0,Life Sciences,2499,3,Female,58.0,1.0,2.0,Laboratory Technician,4,Married,6671.0,16395.0,0,No,8.0,3.0,1.0,3.0,12,6.0,3,9,8.0,7.0,5.0
31,No,Travel_Rarely,119.0,Research & Development,10,3.0,Medical,2125,1,Male,63.0,3.0,1.0,Research Scientist,4,Married,2782.0,6309.0,0,No,10.0,3.0,2.0,1.0,17,5.0,3,14,10.0,4.0,10.0
56,No,Travel_Frequently,1053.0,Research & Development,7,4.0,Medical,2594,2,Female,85.0,3.0,4.0,Manager,4,Divorced,16035.0,24459.0,3,No,22.0,4.0,1.0,1.0,23,2.0,3,12,9.0,1.0,12.0
41,No,Travel_Rarely,337.0,Sales,7,3.0,Marketing,1909,3,Female,54.0,3.0,2.0,Sales Executive,2,Married,4393.0,26841.0,5,No,21.0,4.0,3.0,1.0,14,3.0,3,5,4.0,1.0,4.0
40,No,Travel_Rarely,1322.0,Research & Development,3,4.0,Life Sciences,2293,3,Male,49.0,2.0,1.0,Research Scientist,3,Single,2810.0,2724.0,2,No,12.0,3.0,4.0,0.0,6,2.0,3,2,2.0,2.0,2.0
43,No,Travel_Rarely,415.0,Sales,25,3.0,Medical,1076,3,Male,79.0,2.0,3.0,Sales Executive,4,Divorced,10798.0,5268.0,5,No,13.0,3.0,3.0,1.0,18,5.0,3,1,0.0,0.0,0.0
30,No,Non-Travel,1116.0,Research & Development,2,3.0,Medical,571,3,Female,49.0,3.0,1.0,Laboratory Technician,4,Single,2564.0,7181.0,0,No,14.0,3.0,3.0,0.0,12,2.0,2,11,7.0,6.0,7.0
24,No,Travel_Frequently,993.0,Sales,9,3.0,Life Sciences,2385,4,Male,34.0,3.0,3.0,Sales Executive,3,Single,8728.0,2978.0,1,No,13.0,3.0,4.0,0.0,6,0.0,3,12,8.0,1.0,7.0
35,Yes,Travel_Frequently,880.0,Sales,7,4.0,Other,1667,3,Male,36.0,3.0,2.0,Sales Executive,4,Single,4581.0,10414.0,3,Yes,24.0,4.0,1.0,0.0,13,2.0,4,11,9.0,6.0,7.0
30,No,Travel_Rarely,1329.0,Sales,29,4.0,Life Sciences,1211,3,Male,61.0,3.0,2.0,Sales Executive,1,Divorced,4115.0,13192.0,8,No,19.0,3.0,3.0,3.0,8,3.0,3,4,3.0,0.0,3.0
37,No,Travel_Frequently,1488.0,Research & Development,2,2.0,Life Sciences,2308,4,Male,44.0,3.0,1.0,Laboratory Technician,4,Married,1705.0,12106.0,1,Yes,23.0,4.0,3.0,1.0,0,3.0,3,3,0.0,0.0,0.0
37,No,Travel_Rarely,171.0,Research & Development,0,3.0,Life Sciences,2391,3,Female,79.0,3.0,3.0,Manufacturing Director,3,Single,7863.0,15395.0,4,Yes,17.0,3.0,4.0,0.0,8,4.0,4,3,0.0,0.0,0.0
24,No,Travel_Frequently,897.0,Research & Development,10,3.0,Medical,1746,1,Male,59.0,3.0,1.0,Human Resources,4,Married,2145.0,2097.0,0,No,14.0,3.0,4.0,1.0,3,2.0,3,2,2.0,2.0,1.0
36,No,Travel_Frequently,469.0,Research & Development,3,3.0,Technical Degree,1257,3,Male,46.0,3.0,1.0,Research Scientist,2,Married,3692.0,9256.0,1,No,12.0,3.0,3.0,0.0,12,2.0,3,11,10.0,0.0,7.0
26,No,Travel_Rarely,1389.0,Research & Development,24,4.0,Life Sciences,2127,2,Female,53.0,4.0,3.0,Manufacturing Director,1,Divorced,9981.0,10196.0,1,No,10.0,3.0,3.0,1.0,12,1.0,3,13,9.0,8.0,8.0
40,No,Travel_Frequently,720.0,Research & Development,16,4.0,Medical,832,1,Male,51.0,2.0,2.0,Laboratory Technician,3,Single,5094.0,11983.0,6,No,14.0,3.0,4.0,0.0,10,6.0,3,1,0.0,0.0,0.0
37,Yes,Travel_Rarely,370.0,Research & Development,10,4.0,Life Sciences,1809,4,Male,58.0,3.0,2.0,Manufacturing Director,1,Single,4213.0,4992.0,1,No,15.0,3.0,2.0,0.0,10,4.0,1,10,3.0,0.0,8.0
51,No,Travel_Rarely,1469.0,Research & Development,8,4.0,Life Sciences,296,2,Male,81.0,2.0,3.0,Research Director,2,Married,12490.0,15736.0,5,No,16.0,3.0,4.0,2.0,16,5.0,1,10,9.0,4.0,7.0
43,No,Travel_Rarely,1273.0,Research & Development,2,2.0,Medical,46,4,Female,72.0,4.0,1.0,Research Scientist,3,Divorced,2645.0,21923.0,1,No,12.0,3.0,4.0,2.0,6,3.0,2,5,3.0,1.0,4.0
50,No,Travel_Rarely,1046.0,Research & Development,10,3.0,Technical Degree,491,4,Male,100.0,2.0,3.0,Healthcare Representative,4,Single,10496.0,2755.0,6,No,15.0,3.0,4.0,0.0,20,2.0,3,4,3.0,1.0,3.0
31,No,Travel_Rarely,670.0,Research & Development,26,1.0,Life Sciences,16,1,Male,31.0,3.0,1.0,Research Scientist,3,Divorced,2911.0,15170.0,1,No,17.0,3.0,4.0,1.0,5,1.0,2,5,2.0,4.0,3.0
24,No,Travel_Rarely,823.0,Research & Development,17,2.0,Other,643,4,Male,94.0,2.0,1.0,Laboratory Technician,2,Married,4967.0,9100.0,1,No,21.0,4.0,4.0,1.0,1,2.0,3,1,0.0,0.0,0.0
49,No,Travel_Frequently,1033.0,Research & Development,18,1.0,Medical,2319,1,Female,88.0,3.0,3.0,Healthcare Representative,3,Married,10524.0,8987.0,5,No,8.0,3.0,4.0,0.0,27,3.0,2,5,2.0,1.0,2.0
34,No,Travel_Rarely,971.0,Sales,1,3.0,Technical Degree,1535,4,Male,64.0,2.0,3.0,Sales Executive,3,Married,7083.0,12288.0,1,Yes,14.0,3.0,4.0,0.0,10,3.0,3,10,9.0,8.0,6.0
36,No,Travel_Rarely,1086.0,Research & Development,7,3.0,Technical Degree,2231,3,Male,52.0,3.0,2.0,Manufacturing Director,4,Married,6263.0,4187.0,3,No,19.0,3.0,1.0,1.0,7,3.0,1,8,7.0,1.0,7.0
34,No,Travel_Rarely,1346.0,Research & Development,19,2.0,Medical,18,2,Male,93.0,3.0,1.0,Laboratory Technician,4,Divorced,2661.0,8758.0,0,No,11.0,3.0,3.0,1.0,3,2.0,3,2,2.0,1.0,2.0
56,No,Travel_Rarely,1255.0,Research & Development,1,2.0,Life Sciences,1441,1,Female,90.0,3.0,1.0,Research Scientist,1,Married,2066.0,10494.0,2,No,22.0,4.0,4.0,1.0,5,3.0,4,3,2.0,1.0,0.0
34,No,Travel_Rarely,507.0,Sales,15,2.0,Medical,1356,3,Female,66.0,3.0,2.0,Sales Executive,1,Single,6125.0,23553.0,1,No,12.0,3.0,4.0,0.0,10,6.0,4,10,8.0,9.0,6.0
49,Yes,Travel_Rarely,1184.0,Sales,11,3.0,Marketing,840,3,Female,43.0,3.0,3.0,Sales Executive,4,Married,7654.0,5860.0,1,No,18.0,3.0,1.0,2.0,9,3.0,3,9,8.0,7.0,7.0
30,No,Travel_Rarely,862.0,Research & Development,1,3.0,Life Sciences,2660,3,Female,100.0,2.0,2.0,Manufacturing Director,3,Married,6165.0,19126.0,2,No,13.0,3.0,3.0,1.0,16,3.0,3,11,13.0,6.0,8.0
33,Yes,Travel_Rarely,1277.0,Research & Development,15,1.0,Medical,582,2,Male,56.0,3.0,3.0,Manager,3,Married,13610.0,24619.0,7,Yes,12.0,3.0,4.0,0.0,15,2.0,4,7,6.0,7.0,7.0
22,No,Non-Travel,1123.0,Research & Development,16,2.0,Medical,22,4,Male,96.0,4.0,1.0,Laboratory Technician,4,Divorced,2935.0,7324.0,1,Yes,13.0,3.0,2.0,2.0,1,2.0,2,1,0.0,0.0,0.0
52,Yes,Travel_Rarely,725.0,Research & Development,8,4.0,Medical,2402,3,Male,86.0,2.0,2.0,Research Scientist,2,Married,4941.0,17749.0,2,No,15.0,3.0,1.0,0.0,8,3.0,2,10,2.0,7.0,7.0
48,No,Travel_Rarely,1108.0,Research & Development,15,4.0,Other,1576,3,Female,65.0,3.0,1.0,Research Scientist,1,Married,2367.0,16530.0,8,No,12.0,3.0,4.0,1.0,10,3.0,2,8,2.0,7.0,6.0
42,No,Travel_Rarely,140.0,Human Resources,3,3.0,Human Resources,2552,3,Female,47.0,4.0,2.0,Human Resources,2,Married,6386.0,18768.0,9,No,17.0,3.0,3.0,1.0,11,3.0,1,6,3.0,3.0,6.0
30,No,Travel_Rarely,199.0,Research & Development,4,3.0,Technical Degree,2316,4,Female,87.0,3.0,1.0,Research Scientist,1,Divorced,3207.0,10412.0,5,No,16.0,3.0,4.0,1.0,5,3.0,3,1,2.0,2.0,2.0
30,No,Travel_Rarely,125.0,Research & Development,9,2.0,Medical,41,4,Male,83.0,2.0,1.0,Laboratory Technician,3,Single,2206.0,16117.0,1,No,13.0,3.0,1.0,0.0,10,5.0,3,10,0.0,1.0,8.0
35,No,Travel_Rarely,755.0,Research & Development,9,4.0,Life Sciences,496,3,Male,97.0,2.0,2.0,Healthcare Representative,2,Single,6540.0,19394.0,9,No,19.0,3.0,3.0,0.0,10,5.0,3,1,1.0,0.0,0.0
29,No,Travel_Rarely,1086.0,Research & Development,7,1.0,Medical,912,1,Female,62.0,2.0,1.0,Laboratory Technician,4,Divorced,4967.0,6054.0,6,No,14.0,3.0,3.0,3.0,8,5.0,3,4,3.0,0.0,3.0
50,No,Travel_Frequently,333.0,Research & Development,22,5.0,Medical,1539,3,Male,88.0,1.0,4.0,Research Director,4,Single,14411.0,24450.0,1,Yes,13.0,3.0,4.0,0.0,32,2.0,3,32,6.0,13.0,9.0
43,No,Travel_Frequently,1422.0,Sales,2,4.0,Life Sciences,1849,1,Male,92.0,3.0,2.0,Sales Executive,4,Married,5675.0,19246.0,1,No,20.0,4.0,3.0,1.0,7,5.0,3,7,7.0,7.0,7.0
22,Yes,Travel_Frequently,1256.0,Research & Development,3,4.0,Life Sciences,1203,3,Male,48.0,2.0,1.0,Research Scientist,4,Married,2853.0,4223.0,0,Yes,11.0,3.0,2.0,1.0,1,5.0,3,0,0.0,0.0,0.0
25,No,Travel_Rarely,1159.0,Research & Development,17,3.0,Technical Degree,2206,3,Male,51.0,3.0,1.0,Research Scientist,2,Married,3056.0,13364.0,0,Yes,16.0,3.0,4.0,1.0,3,3.0,2,2,2.0,1.0,1.0
30,No,Travel_Frequently,721.0,Research & Development,1,2.0,Medical,57,3,Female,58.0,3.0,2.0,Laboratory Technician,4,Single,4011.0,10781.0,2,No,23.0,4.0,4.0,0.0,12,2.0,3,12,8.0,3.0,7.0
42,No,Travel_Rarely,1466.0,Research & Development,18,3.0,Life Sciences,2133,4,Male,50.0,3.0,1.0,Research Scientist,2,Single,4967.0,21155.0,1,No,16.0,3.0,3.0,0.0,4,3.0,2,5,2.0,1.0,3.0
43,No,Travel_Rarely,782.0,Research & Development,6,4.0,Other,661,2,Male,50.0,2.0,4.0,Research Director,4,Divorced,16627.0,2671.0,4,Yes,14.0,3.0,3.0,1.0,21,3.0,2,1,0.0,0.0,0.0
34,No,Travel_Rarely,1397.0,Research & Development,1,5.0,Life Sciences,683,2,Male,42.0,3.0,1.0,Research Scientist,4,Married,2691.0,7660.0,1,No,12.0,3.0,4.0,1.0,10,4.0,2,10,9.0,8.0,8.0
41,No,Travel_Rarely,802.0,Sales,9,1.0,Life Sciences,176,3,Male,96.0,3.0,3.0,Sales Executive,3,Divorced,8189.0,21196.0,3,Yes,13.0,3.0,3.0,1.0,12,2.0,3,9,7.0,0.0,7.0
31,No,Travel_Rarely,616.0,Research & Development,12,3.0,Medical,961,4,Female,41.0,3.0,2.0,Healthcare Representative,4,Married,5855.0,17369.0,0,Yes,11.0,3.0,3.0,2.0,10,2.0,1,9,7.0,8.0,5.0
31,No,Travel_Frequently,161.0,Research & Development,6,3.0,Medical,2673,3,Female,68.0,3.0,1.0,Research Scientist,3,Divorced,2086.0,22651.0,2,No,18.0,4.0,3.0,1.0,2,2.0,3,3,0.0,0.0,0.0
27,No,Travel_Frequently,793.0,Sales,2,1.0,Life Sciences,1371,4,Male,43.0,1.0,2.0,Sales Executive,4,Single,5071.0,20392.0,3,No,20.0,4.0,2.0,0.0,8,3.0,3,6,2.0,0.0,0.0
20,Yes,Travel_Frequently,769.0,Sales,9,3.0,Marketing,1077,4,Female,54.0,3.0,1.0,Sales Representative,4,Single,2323.0,17205.0,1,Yes,14.0,3.0,2.0,0.0,2,3.0,3,5,2.0,0.0,2.0
28,No,Travel_Rarely,857.0,Research & Development,10,3.0,Other,1097,3,Female,59.0,3.0,2.0,Research Scientist,3,Single,3660.0,7909.0,3,No,13.0,3.0,4.0,0.0,10,4.0,4,8,7.0,1.0,7.0
33,Yes,Travel_Rarely,350.0,Sales,5,3.0,Marketing,485,4,Female,34.0,3.0,1.0,Sales Representative,3,Single,2851.0,9150.0,2,Yes,13.0,3.0,2.0,0.0,1,2.0,3,1,0.0,0.0,0.0
37,No,Travel_Rarely,309.0,Sales,10,4.0,Life Sciences,1105,4,Female,88.0,2.0,2.0,Sales Executive,4,Divorced,6694.0,24223.0,2,Yes,14.0,3.0,3.0,3.0,8,5.0,3,5,0.0,0.0,0.0
31,No,Travel_Rarely,311.0,Research & Development,22,3.0,Life Sciences,2535,2,Male,88.0,3.0,2.0,Laboratory Technician,3,Divorced,4200.0,18624.0,1,No,8.0,3.0,1.0,1.0,10,2.0,3,7,8.0,0.0,2.0
27,Yes,Travel_Frequently,599.0,Sales,23,1.0,Life Sciences,2227,3,Male,70.0,1.0,1.0,Sales Representative,4,Single,1117.0,8043.0,1,Yes,17.0,3.0,4.0,0.0,1,4.0,3,0,0.0,1.0,0.0
37,No,Travel_Rarely,589.0,Sales,9,2.0,Marketing,1787,2,Male,46.0,2.0,2.0,Sales Executive,2,Married,4189.0,8800.0,1,No,14.0,3.0,1.0,2.0,5,2.0,3,5,2.0,0.0,3.0
32,Yes,Travel_Rarely,1089.0,Research & Development,7,2.0,Life Sciences,1309,4,Male,79.0,3.0,2.0,Laboratory Technician,3,Married,4883.0,22845.0,2,No,18.0,3.0,1.0,1.0,10,3.0,3,10,4.0,1.0,1.0
23,Yes,Travel_Rarely,1359.0,Research & Development,11,1.0,Medical,2104,4,Male,34.0,3.0,1.0,Research Scientist,3,Single,1008.0,27002.0,1,Yes,13.0,3.0,4.0,0.0,0,5.0,3,3,0.0,1.0,1.0
35,No,Travel_Rarely,672.0,Research & Development,25,3.0,Technical Degree,899,4,Male,78.0,2.0,3.0,Manufacturing Director,2,Married,10903.0,9129.0,3,No,16.0,3.0,1.0,0.0,16,2.0,3,5,10.0,4.0,8.0
25,No,Travel_Rarely,949.0,Research & Development,1,3.0,Technical Degree,1415,1,Male,81.0,3.0,1.0,Laboratory Technician,4,Married,3229.0,4910.0,4,No,11.0,3.0,2.0,1.0,7,2.0,2,3,2.0,0.0,2.0
51,No,Travel_Frequently,114.0,Research & Development,24,3.0,Medical,2709,4,Female,56.0,3.0,4.0,Manager,4,Divorced,16679.875,2438.0,3,No,14.0,3.0,2.0,1.0,25,3.0,3,20,17.0,4.0,7.0
29,No,Travel_Rarely,469.0,Sales,10,3.0,Medical,1650,3,Male,42.0,2.0,2.0,Sales Executive,3,Single,5869.0,23413.0,9,No,11.0,3.0,3.0,0.0,8,2.0,3,5,2.0,1.0,4.0
35,No,Travel_Rarely,538.0,Research & Development,25,2.0,Other,652,1,Male,54.0,2.0,2.0,Laboratory Technician,4,Single,3681.0,14004.0,4,No,14.0,3.0,4.0,0.0,10,3.0,3,3,2.0,0.0,2.0
44,No,Travel_Frequently,1198.0,Research & Development,4,4.0,Life Sciences,2409,3,Male,79.0,4.0,2.0,Manufacturing Director,3,Married,6435.0,5116.0,4,No,15.0,3.0,4.0,1.0,7,1.0,3,2,2.0,0.0,2.0
44,No,Travel_Rarely,1488.0,Sales,1,5.0,Marketing,68,2,Female,75.0,3.0,2.0,Sales Executive,1,Divorced,5454.0,4009.0,5,Yes,21.0,4.0,3.0,1.0,9,2.0,2,4,3.0,1.0,3.0
41,No,Travel_Rarely,1411.0,Research & Development,19,2.0,Life Sciences,334,3,Male,36.0,3.0,2.0,Research Scientist,1,Divorced,3072.0,19877.0,2,No,16.0,3.0,1.0,2.0,17,2.0,2,1,0.0,0.0,0.0
47,No,Travel_Rarely,247.0,Sales,4,2.0,Marketing,2682,3,Female,38.0,3.0,2.0,Sales Executive,4,Married,4537.0,17780.0,0,Yes,21.0,4.0,1.0,1.0,7,2.0,3,5,6.0,7.0,7.0
30,No,Travel_Rarely,982.0,Sales,12,2.0,Marketing,2584,3,Male,92.0,2.0,3.0,Sales Executive,1,Divorced,7140.0,3087.0,2,No,8.0,3.0,1.0,1.0,10,2.0,3,8,7.0,1.0,7.0
38,No,Travel_Rarely,1495.0,Research & Development,4,2.0,Medical,1687,4,Female,87.0,3.0,1.0,Laboratory Technician,3,Married,3306.0,26176.0,7,No,19.0,3.0,4.0,1.0,7,5.0,2,0,0.0,0.0,0.0
39,No,Travel_Rarely,466.0,Research & Development,1,1.0,Life Sciences,1026,4,Female,65.0,2.0,4.0,Manufacturing Director,4,Married,12742.0,7060.0,1,No,16.0,3.0,3.0,1.0,21,3.0,3,21,6.0,11.0,8.0
40,No,Travel_Rarely,1194.0,Research & Development,1,3.0,Life Sciences,1822,3,Female,52.0,3.0,2.0,Healthcare Representative,4,Divorced,6513.0,9060.0,4,No,17.0,3.0,4.0,1.0,12,3.0,3,5,3.0,0.0,3.0
36,No,Travel_Rarely,329.0,Sales,16,4.0,Marketing,1436,3,Female,98.0,2.0,2.0,Sales Executive,1,Married,5647.0,13494.0,4,No,13.0,3.0,1.0,2.0,11,3.0,2,3,2.0,0.0,2.0
44,No,Travel_Rarely,412.0,Sales,22,3.0,Medical,2691,3,Male,77.0,2.0,3.0,Sales Executive,4,Divorced,10799.0,5268.0,5,No,14.0,3.0,3.0,1.0,17,5.0,3,0,0.0,0.0,0.0
29,Yes,Travel_Rarely,408.0,Sales,23,1.0,Life Sciences,1165,4,Female,45.0,2.0,3.0,Sales Executive,1,Married,7336.0,11162.0,1,No,13.0,3.0,1.0,1.0,11,3.0,3,11,8.0,3.0,10.0
48,No,Travel_Rarely,1270.0,Sales,6,2.0,Life Sciences,2343,3,Female,27.0,3.0,2.0,Sales Executive,1,Divorced,5009.0,6322.0,4,Yes,9.0,3.0,1.0,1.0,7,3.0,4,3,4.0,0.0,3.0
40,Yes,Travel_Rarely,575.0,Sales,22,2.0,Marketing,492,3,Male,68.0,2.0,2.0,Sales Executive,3,Married,6380.0,6110.0,2,Yes,12.0,3.0,1.0,2.0,8,6.0,3,6,4.0,1.0,0.0
25,No,Non-Travel,675.0,Research & Development,5,2.0,Life Sciences,369,2,Male,85.0,4.0,2.0,Healthcare Representative,1,Divorced,4000.0,18384.0,2,No,12.0,3.0,4.0,2.0,6,2.0,3,6,3.0,1.0,5.0
54,No,Travel_Rarely,1441.0,Research & Development,17,3.0,Technical Degree,1013,3,Female,56.0,3.0,3.0,Manufacturing Director,3,Married,10739.0,13943.0,8,No,11.0,3.0,3.0,1.0,22,2.0,3,10,7.0,0.0,8.0
33,No,Travel_Rarely,508.0,Sales,16,2.0,Medical,2118,3,Female,64.0,3.0,2.0,Sales Executive,1,Single,6126.0,23551.0,1,No,11.0,3.0,4.0,0.0,7,6.0,4,9,8.0,9.0,6.0
31,Yes,Travel_Frequently,1445.0,Research & Development,1,5.0,Life Sciences,1459,3,Female,100.0,4.0,3.0,Manufacturing Director,2,Single,4967.0,8931.0,1,No,11.0,3.0,1.0,0.0,10,2.0,3,10,8.0,4.0,7.0
29,No,Travel_Rarely,1087.0,Research & Development,7,1.0,Medical,2311,1,Female,60.0,2.0,1.0,Laboratory Technician,4,Divorced,2529.0,6052.0,6,No,15.0,3.0,3.0,3.0,9,5.0,3,3,3.0,0.0,3.0
42,No,Travel_Frequently,555.0,Sales,26,3.0,Marketing,404,3,Female,77.0,3.0,4.0,Sales Executive,2,Married,13525.0,14864.0,5,No,14.0,3.0,4.0,1.0,23,2.0,4,20,4.0,4.0,8.0
49,No,Travel_Rarely,467.0,Research & Development,15,3.0,Medical,2447,4,Female,76.0,3.0,1.0,Laboratory Technician,1,Divorced,2589.0,24942.0,4,Yes,13.0,3.0,2.0,1.0,14,2.0,2,3,2.0,2.0,2.0
45,No,Travel_Rarely,930.0,Sales,9,3.0,Marketing,864,4,Male,74.0,3.0,3.0,Sales Executive,1,Divorced,10761.0,19239.0,4,Yes,12.0,3.0,3.0,1.0,18,2.0,3,5,4.0,0.0,2.0
38,No,Travel_Rarely,322.0,Research & Development,7,2.0,Medical,382,1,Female,44.0,4.0,2.0,Sales Executive,1,Divorced,5605.0,19191.0,1,Yes,24.0,4.0,3.0,1.0,8,3.0,3,8,0.0,7.0,7.0
44,No,Travel_Rarely,1315.0,Research & Development,3,4.0,Other,671,4,Male,35.0,3.0,5.0,Manager,3,Married,16679.875,9358.0,4,Yes,12.0,3.0,1.0,1.0,26,2.0,4,2,2.0,0.0,1.0
31,No,Travel_Rarely,525.0,Research & Development,6,4.0,Medical,653,1,Male,66.0,4.0,2.0,Sales Executive,4,Divorced,5460.0,6219.0,4,No,22.0,4.0,4.0,2.0,13,4.0,4,7,7.0,5.0,7.0
34,Yes,Travel_Frequently,824.0,Research & Development,26,4.0,Medical,2119,1,Female,55.0,2.0,2.0,Research Scientist,3,Single,4511.0,3130.0,1,No,22.0,4.0,2.0,0.0,11,4.0,3,12,7.0,3.0,8.0
41,Yes,Travel_Rarely,1356.0,Sales,7,2.0,Marketing,248,2,Female,70.0,3.0,1.0,Sales Representative,2,Single,3140.0,21728.0,1,Yes,22.0,4.0,4.0,0.0,4,5.0,2,4,3.0,0.0,2.0
27,No,Travel_Rarely,1291.0,Sales,11,3.0,Medical,1364,3,Female,98.0,4.0,1.0,Sales Representative,4,Married,2534.0,6527.0,8,No,14.0,3.0,2.0,1.0,10,4.0,3,1,0.0,0.0,0.0
27,No,Travel_Rarely,266.0,Research & Development,0,3.0,Medical,2450,3,Female,39.0,3.0,1.0,Research Scientist,2,Single,2094.0,18831.0,1,No,17.0,3.0,4.0,0.0,4,3.0,2,1,2.0,2.0,1.0
40,No,Travel_Rarely,658.0,Sales,10,4.0,Marketing,954,1,Male,67.0,2.0,3.0,Sales Executive,2,Divorced,9705.0,20652.0,2,No,12.0,3.0,2.0,1.0,11,2.0,2,1,0.0,0.0,0.0
39,No,Travel_Rarely,329.0,Research & Development,3,4.0,Life Sciences,2367,2,Male,88.0,3.0,1.0,Laboratory Technician,2,Married,2387.0,6760.0,3,No,19.0,4.0,3.0,1.0,4,3.0,3,7,2.0,0.0,3.0
34,No,Travel_Rarely,329.0,Research & Development,1,3.0,Life Sciences,2683,4,Female,98.0,3.0,1.0,Research Scientist,3,Married,4967.0,11867.0,4,No,16.0,3.0,2.0,1.0,5,3.0,3,5,2.0,2.0,2.0
36,No,Travel_Rarely,311.0,Research & Development,7,3.0,Life Sciences,1659,1,Male,77.0,3.0,1.0,Laboratory Technician,2,Single,2013.0,10950.0,2,No,11.0,3.0,3.0,0.0,15,4.0,3,4,3.0,1.0,3.0
36,No,Travel_Rarely,170.0,Research & Development,7,4.0,Life Sciences,2649,1,Male,40.0,2.0,2.0,Laboratory Technician,4,Single,5808.0,22602.0,1,No,18.0,3.0,3.0,0.0,13,2.0,2,10,4.0,1.0,8.0
33,No,Non-Travel,1038.0,Sales,8,1.0,Life Sciences,1044,2,Female,88.0,2.0,1.0,Sales Representative,4,Single,2342.0,21437.0,0,No,19.0,3.0,4.0,0.0,3,2.0,2,2,2.0,2.0,2.0
35,No,Travel_Rarely,1017.0,Research & Development,6,4.0,Life Sciences,691,2,Male,82.0,1.0,2.0,Research Scientist,4,Single,6646.0,19368.0,1,No,13.0,3.0,2.0,0.0,17,3.0,3,17,11.0,11.0,8.0
38,No,Travel_Rarely,530.0,Human Resources,10,4.0,Technical Degree,2580,3,Male,101.0,3.0,1.0,Human Resources,3,Single,4325.0,7110.0,1,No,17.0,3.0,2.0,0.0,10,2.0,1,8,4.0,1.0,4.0
23,Yes,Travel_Frequently,638.0,Sales,9,3.0,Marketing,2023,4,Male,33.0,3.0,1.0,Sales Representative,1,Married,1790.0,26956.0,1,No,19.0,3.0,1.0,1.0,1,3.0,2,1,0.0,1.0,0.0
41,No,Travel_Rarely,582.0,Research & Development,28,4.0,Life Sciences,2034,1,Female,60.0,2.0,4.0,Manufacturing Director,2,Married,13570.0,5640.0,0,No,23.0,4.0,3.0,1.0,21,3.0,3,20,7.0,0.0,10.0
45,No,Travel_Rarely,1316.0,Research & Development,29,3.0,Medical,192,3,Male,83.0,3.0,1.0,Research Scientist,4,Single,3452.0,9752.0,5,No,13.0,3.0,2.0,0.0,9,2.0,2,6,5.0,0.0,3.0
41,Yes,Non-Travel,906.0,Research & Development,5,2.0,Life Sciences,1210,1,Male,95.0,2.0,1.0,Research Scientist,1,Divorced,4967.0,20293.0,6,No,17.0,3.0,1.0,1.0,5,2.0,1,1,0.0,0.0,0.0
55,No,Travel_Rarely,1136.0,Research & Development,1,4.0,Medical,1424,2,Male,81.0,4.0,4.0,Research Director,4,Divorced,14732.0,12414.0,2,No,13.0,3.0,4.0,2.0,31,4.0,4,7,7.0,0.0,0.0
35,No,Travel_Frequently,636.0,Research & Development,4,4.0,Other,1185,4,Male,47.0,2.0,1.0,Laboratory Technician,4,Married,2376.0,26537.0,1,No,13.0,3.0,2.0,1.0,2,2.0,4,2,2.0,2.0,2.0
39,No,Travel_Frequently,1197.0,Research & Development,24,3.0,Life Sciences,2593,4,Female,77.0,3.0,2.0,Research Scientist,4,Divorced,5467.0,13953.0,3,Yes,17.0,3.0,1.0,2.0,13,4.0,2,6,2.0,3.0,3.0
42,No,Travel_Frequently,458.0,Research & Development,26,5.0,Medical,1242,1,Female,60.0,3.0,3.0,Research Director,1,Married,4967.0,23281.0,3,Yes,17.0,3.0,3.0,0.0,20,6.0,3,1,0.0,0.0,0.0
36,No,Travel_Frequently,1467.0,Sales,11,2.0,Technical Degree,154,2,Female,92.0,3.0,3.0,Sales Executive,4,Married,9738.0,22952.0,0,No,14.0,3.0,3.0,1.0,10,6.0,3,9,7.0,2.0,8.0
30,No,Travel_Rarely,501.0,Sales,27,5.0,Marketing,747,3,Male,99.0,3.0,2.0,Sales Executive,4,Divorced,5304.0,25275.0,7,No,23.0,4.0,4.0,1.0,10,2.0,2,8,7.0,7.0,7.0
31,No,Travel_Rarely,583.0,Research & Development,25,3.0,Life Sciences,2388,2,Female,39.0,1.0,2.0,Manufacturing Director,1,Divorced,4875.0,20458.0,0,No,21.0,4.0,2.0,1.0,8,5.0,2,6,3.0,0.0,0.0
33,No,Travel_Rarely,826.0,Research & Development,6,2.0,Life Sciences,2575,4,Female,66.0,2.0,2.0,Research Scientist,2,Married,5876.0,15624.0,2,No,15.0,3.0,1.0,1.0,14,2.0,3,9,1.0,2.0,5.0
53,Yes,Travel_Rarely,1168.0,Sales,24,4.0,Life Sciences,1968,1,Male,66.0,3.0,3.0,Sales Executive,1,Single,10448.0,5843.0,6,Yes,13.0,3.0,2.0,0.0,15,2.0,2,2,2.0,2.0,2.0
21,No,Travel_Rarely,996.0,Research & Development,3,2.0,Medical,379,4,Male,100.0,2.0,1.0,Research Scientist,3,Single,3230.0,10531.0,1,No,17.0,3.0,1.0,0.0,3,4.0,4,3,2.0,1.0,0.0
35,No,Travel_Rarely,882.0,Sales,3,4.0,Life Sciences,984,4,Male,92.0,3.0,3.0,Sales Executive,4,Divorced,7823.0,6812.0,6,No,13.0,3.0,2.0,1.0,12,2.0,3,10,9.0,0.0,8.0
47,No,Travel_Rarely,359.0,Research & Development,2,4.0,Medical,1443,1,Female,82.0,3.0,4.0,Research Director,3,Married,16679.875,26703.0,3,No,19.0,3.0,2.0,2.0,26,2.0,4,20,17.0,5.0,6.0
40,No,Travel_Rarely,779.0,Research & Development,7,4.0,Other,2189,2,Male,50.0,2.0,4.0,Research Director,4,Divorced,16625.0,2668.0,4,Yes,15.0,3.0,3.0,1.0,22,3.0,2,2,0.0,0.0,0.0
43,No,Travel_Rarely,952.0,Sales,2,2.0,Technical Degree,2163,2,Male,44.0,1.0,2.0,Sales Representative,3,Single,6631.0,12391.0,0,No,15.0,3.0,1.0,0.0,8,3.0,3,9,7.0,3.0,1.0
30,No,Travel_Rarely,804.0,Sales,4,4.0,Marketing,2341,3,Female,51.0,3.0,3.0,Sales Executive,4,Married,10425.0,24030.0,1,No,21.0,3.0,3.0,2.0,11,3.0,3,12,10.0,5.0,7.0
22,No,Travel_Rarely,253.0,Research & Development,11,3.0,Life Sciences,511,1,Female,43.0,3.0,1.0,Research Scientist,2,Married,2244.0,24440.0,1,No,13.0,3.0,4.0,1.0,2,1.0,3,2,1.0,1.0,2.0
39,No,Travel_Rarely,116.0,Research & Development,24,1.0,Life Sciences,2014,3,Male,52.0,3.0,2.0,Research Scientist,4,Single,4108.0,5340.0,2,No,13.0,3.0,1.0,0.0,10,2.0,3,7,7.0,1.0,7.0
25,No,Travel_Frequently,1240.0,Sales,18,3.0,Life Sciences,2428,4,Female,88.0,3.0,2.0,Sales Executive,3,Single,9983.0,12913.0,1,No,15.0,3.0,4.0,0.0,6,2.0,3,4,7.0,0.0,7.0
33,No,Travel_Rarely,134.0,Research & Development,2,3.0,Life Sciences,242,3,Male,90.0,3.0,1.0,Research Scientist,3,Single,2500.0,10515.0,0,No,14.0,3.0,1.0,0.0,4,2.0,4,3,1.0,0.0,2.0
34,No,Travel_Rarely,735.0,Sales,3,1.0,Medical,1915,4,Female,75.0,2.0,2.0,Sales Executive,4,Married,8103.0,16495.0,3,Yes,12.0,3.0,3.0,0.0,9,3.0,2,4,2.0,0.0,1.0
41,No,Travel_Rarely,167.0,Research & Development,12,4.0,Life Sciences,1158,2,Male,46.0,3.0,1.0,Laboratory Technician,4,Married,4766.0,9051.0,3,Yes,11.0,3.0,1.0,1.0,6,4.0,3,1,0.0,0.0,0.0
29,No,Travel_Rarely,410.0,Research & Development,12,4.0,Life Sciences,2241,3,Male,39.0,2.0,1.0,Research Scientist,2,Single,2656.0,7549.0,0,Yes,16.0,3.0,4.0,0.0,2,5.0,3,4,2.0,2.0,2.0
29,No,Travel_Rarely,483.0,Research & Development,0,2.0,Life Sciences,2232,2,Female,87.0,2.0,1.0,Research Scientist,3,Married,2930.0,14911.0,1,Yes,12.0,3.0,3.0,1.0,10,3.0,2,1,0.0,1.0,0.0
32,No,Travel_Rarely,117.0,Sales,13,4.0,Life Sciences,859,2,Male,73.0,3.0,2.0,Sales Executive,3,Divorced,4403.0,9250.0,2,No,11.0,3.0,3.0,1.0,8,3.0,2,5,2.0,0.0,3.0
53,No,Travel_Rarely,1223.0,Research & Development,7,2.0,Medical,1201,4,Female,50.0,3.0,5.0,Manager,3,Divorced,16679.875,18640.0,2,No,18.0,3.0,2.0,1.0,26,6.0,3,7,7.0,4.0,7.0
32,No,Travel_Frequently,379.0,Sales,5,2.0,Life Sciences,889,2,Male,48.0,3.0,2.0,Sales Executive,2,Married,6524.0,8891.0,1,No,14.0,3.0,4.0,1.0,10,3.0,3,10,8.0,5.0,3.0
34,No,Travel_Rarely,1400.0,Sales,9,1.0,Life Sciences,1163,2,Female,70.0,3.0,2.0,Sales Executive,3,Married,5714.0,5829.0,2,No,20.0,4.0,1.0,0.0,6,3.0,2,6,5.0,1.0,3.0
29,No,Travel_Rarely,738.0,Research & Development,9,5.0,Other,455,2,Male,30.0,2.0,1.0,Laboratory Technician,4,Single,3983.0,7621.0,0,No,17.0,3.0,3.0,0.0,4,2.0,3,3,2.0,2.0,2.0
36,No,Non-Travel,301.0,Research & Development,15,4.0,Marketing,2036,4,Male,88.0,1.0,2.0,Sales Executive,4,Divorced,5406.0,10436.0,1,No,24.0,4.0,1.0,1.0,15,4.0,2,15,12.0,11.0,11.0
52,No,Travel_Rarely,1147.0,Sales,0,3.0,Marketing,2563,4,Female,50.0,3.0,2.0,Sales Executive,1,Married,5937.0,17009.0,2,No,11.0,3.0,4.0,1.0,18,4.0,3,4,2.0,0.0,5.0
41,No,Travel_Rarely,796.0,Sales,1,1.0,Marketing,2283,3,Female,83.0,3.0,3.0,Sales Executive,3,Divorced,10449.0,26461.0,0,Yes,13.0,3.0,4.0,1.0,21,3.0,4,25,14.0,13.0,5.0
45,No,Non-Travel,336.0,Sales,26,3.0,Marketing,1612,3,Male,52.0,2.0,2.0,Sales Executive,1,Married,4385.0,24162.0,1,No,15.0,3.0,1.0,1.0,10,2.0,3,10,7.0,4.0,5.0
32,Yes,Travel_Rarely,208.0,Sales,13,3.0,Life Sciences,2304,1,Female,75.0,3.0,3.0,Sales Executive,1,Single,8567.0,10092.0,2,Yes,17.0,4.0,3.0,0.0,8,2.0,2,0,0.0,0.0,0.0
36,No,Travel_Rarely,698.0,Sales,9,4.0,Marketing,2337,2,Male,50.0,4.0,2.0,Sales Executive,4,Divorced,5222.0,10890.0,0,Yes,15.0,3.0,2.0,1.0,11,3.0,3,10,7.0,1.0,9.0
44,Yes,Travel_Rarely,1376.0,Human Resources,1,2.0,Medical,1098,2,Male,91.0,2.0,3.0,Human Resources,1,Married,10482.0,2326.0,9,No,14.0,3.0,4.0,1.0,24,1.0,3,20,6.0,3.0,6.0
36,No,Travel_Frequently,607.0,Sales,7,3.0,Marketing,1362,1,Female,83.0,4.0,2.0,Sales Executive,1,Married,4639.0,2261.0,2,No,16.0,3.0,4.0,1.0,17,2.0,2,15,7.0,6.0,13.0
28,No,Non-Travel,990.0,Research & Development,9,3.0,Technical Degree,2266,3,Male,62.0,3.0,1.0,Research Scientist,3,Divorced,1273.0,7152.0,1,No,13.0,3.0,2.0,2.0,0,2.0,2,1,0.0,0.0,0.0
19,Yes,Travel_Rarely,614.0,Research & Development,4,1.0,Life Sciences,2287,2,Female,34.0,3.0,2.0,Manufacturing Director,3,Married,4173.0,10019.0,0,Yes,16.0,3.0,1.0,1.0,6,3.0,4,6,2.0,0.0,2.0
48,No,Travel_Rarely,1326.0,Research & Development,0,2.0,Other,2497,4,Female,62.0,2.0,2.0,Manufacturing Director,4,Divorced,5767.0,5388.0,1,No,18.0,3.0,1.0,2.0,11,3.0,3,11,7.0,3.0,9.0
